{"efficiency": {"normal": 0.8379915603019277, "hard": 0.8899504477462891}, "luck": {"normal": 0.6029849527405455, "hard": 0.6128312088313651}, "steps": {"normal": [2241, 45274, 159386, 125346, 56622, 18284, 3972], "hard": [129, 17252, 46844, 34786, 15703, 4650, 564]}, "unsolvedPenalty": {"normal": 803.3352774784128, "hard": 55.14369330947}, "average": {"normal": 3.633328878753368, "hard": 3.5415177747757776}, "percentSolvingInThreeOrFewer": {"normal": 0.5032557008209182, "hard": 0.5355296511240077}, "percentiles": {"normal": {"p5": 0.56236, "p10": 0.64098, "p20": 0.74146, "p25": 0.76727, "p75": 0.94549, "p80": 0.965, "p90": 1, "p95": 1}, "hard": {"p5": 0.66936, "p10": 0.75, "p20": 0.82267, "p25": 0.84099, "p75": 0.97387, "p80": 0.98874, "p90": 1, "p95": 1}}}