{"efficiency": {"normal": 0.825782534219474, "hard": 0.8780833031705298}, "luck": {"normal": 0.5878625403833748, "hard": 0.5796213802061158}, "steps": {"normal": [1124, 15854, 130912, 154474, 61124, 12405, 2101], "hard": [95, 5365, 44045, 48071, 16156, 2323, 194]}, "unsolvedPenalty": {"normal": 185.78249905840602, "hard": 8.452568872773908}, "average": {"normal": 3.80536935109832, "hard": 3.7103841974457654}, "percentSolvingInThreeOrFewer": {"normal": 0.39124959655444264, "hard": 0.42585312561828487}, "percentiles": {"normal": {"p5": 0.55622, "p10": 0.62437, "p20": 0.72507, "p25": 0.75979, "p75": 0.92119, "p80": 0.93472, "p90": 0.97347, "p95": 0.99772}, "hard": {"p5": 0.64788, "p10": 0.72376, "p20": 0.80588, "p25": 0.83252, "p75": 0.95725, "p80": 0.96896, "p90": 0.99306, "p95": 1}}}