{"efficiency": {"normal": 0.8474490797927162, "hard": 0.8958736602149834}, "luck": {"normal": 0.5387993443355027, "hard": 0.5273025023787814}, "steps": {"normal": [2052, 14123, 173003, 169882, 51780, 10372, 2153], "hard": [82, 3258, 41753, 31314, 8380, 1278, 109]}, "unsolvedPenalty": {"normal": 309.4669644535454, "hard": 22.47664669227794}, "average": {"normal": 3.6973946050440007, "hard": 3.5679726674715373}, "percentSolvingInThreeOrFewer": {"normal": 0.4468437400351942, "hard": 0.5232784830691392}, "percentiles": {"normal": {"p5": 0.58868, "p10": 0.65299, "p20": 0.7563, "p25": 0.78745, "p75": 0.9464, "p80": 0.95736, "p90": 0.98562, "p95": 1}, "hard": {"p5": 0.67654, "p10": 0.74712, "p20": 0.83013, "p25": 0.85123, "p75": 0.97166, "p80": 0.98488, "p90": 1, "p95": 1}}}