{"efficiency": {"normal": 0.8265898788929844, "hard": 0.8754272477728574}, "luck": {"normal": 0.6445530702563909, "hard": 0.6469559133387974}, "steps": {"normal": [1519, 35671, 188417, 130971, 42036, 8180, 1600], "hard": [133, 10586, 43993, 24854, 6457, 1033, 143]}, "unsolvedPenalty": {"normal": 171.60597078751678, "hard": 11.970429509357244}, "average": {"normal": 3.50795458789989, "hard": 3.3509096483848366}, "percentSolvingInThreeOrFewer": {"normal": 0.5524248642242541, "hard": 0.6274383880549089}, "percentiles": {"normal": {"p5": 0.55552, "p10": 0.62747, "p20": 0.72374, "p25": 0.74701, "p75": 0.94042, "p80": 0.9412, "p90": 0.95848, "p95": 1}, "hard": {"p5": 0.62007, "p10": 0.67913, "p20": 0.78168, "p25": 0.81896, "p75": 0.95281, "p80": 0.97064, "p90": 1, "p95": 1}}}