{"efficiency": {"normal": 0.8271397480755388, "hard": 0.8605272678708716}, "luck": {"normal": 0.5393033358257255, "hard": 0.5475240118611122}, "steps": {"normal": [367, 4104, 78010, 148851, 67334, 13066, 1212], "hard": [80, 1604, 28966, 52894, 23514, 3201, 184]}, "unsolvedPenalty": {"normal": 41.23171758923768, "hard": 3.740843344669905}, "average": {"normal": 4.031392938409394, "hard": 3.9824139225061312}, "percentSolvingInThreeOrFewer": {"normal": 0.26356472723554375, "hard": 0.2775187200637433}, "percentiles": {"normal": {"p5": 0.58654, "p10": 0.64238, "p20": 0.72536, "p25": 0.76222, "p75": 0.91978, "p80": 0.92985, "p90": 0.95727, "p95": 0.98093}, "hard": {"p5": 0.63788, "p10": 0.69265, "p20": 0.78196, "p25": 0.81437, "p75": 0.93585, "p80": 0.94619, "p90": 0.97235, "p95": 0.99189}}}