{"efficiency": {"normal": 0.8051603806584903, "hard": 0.9068312313748244}, "luck": {"normal": 0.4626819360698407, "hard": 0.4559409160810754}, "steps": {"normal": [0, 6179, 70770, 155047, 105425, 44706, 9294], "hard": [0, 1327, 17046, 32597, 19989, 8958, 1621]}, "unsolvedPenalty": {"normal": 2094.2723859476678, "hard": 200.30436183643087}, "average": {"normal": 4.361976675717316, "hard": 4.285367612178817}, "percentSolvingInThreeOrFewer": {"normal": 0.1965888391271802, "hard": 0.22533052073879664}, "percentiles": {"normal": {"p5": 0.52228, "p10": 0.58816, "p20": 0.66935, "p25": 0.7158, "p75": 0.91658, "p80": 0.92902, "p90": 0.95139, "p95": 0.96903}, "hard": {"p5": 0.74896, "p10": 0.80663, "p20": 0.86034, "p25": 0.87312, "p75": 0.96243, "p80": 0.97063, "p90": 0.99122, "p95": 0.99998}}}