{"efficiency": {"normal": 0.7997210813655545, "hard": 0.8617284342791338}, "luck": {"normal": 0.6075429047563387, "hard": 0.564856016134314}, "steps": {"normal": [1003, 8993, 123455, 148474, 60265, 12923, 2281], "hard": [85, 2847, 35218, 53089, 16563, 1878, 138]}, "unsolvedPenalty": {"normal": 145.02088711113, "hard": 12.444582696909452}, "average": {"normal": 3.8563182954585447, "hard": 3.8140418199447894}, "percentSolvingInThreeOrFewer": {"normal": 0.37340022496180686, "hard": 0.34739295925986635}, "percentiles": {"normal": {"p5": 0.49901, "p10": 0.57402, "p20": 0.64622, "p25": 0.67605, "p75": 0.92372, "p80": 0.93717, "p90": 0.9715, "p95": 0.99802}, "hard": {"p5": 0.61854, "p10": 0.66106, "p20": 0.76174, "p25": 0.80672, "p75": 0.94968, "p80": 0.95791, "p90": 0.98695, "p95": 0.99874}}}