{"efficiency": {"normal": 0.822841932074615, "hard": 0.8685574999576968}, "luck": {"normal": 0.6314228235761656, "hard": 0.6043333096497651}, "steps": {"normal": [2928, 53395, 137436, 129892, 64593, 18677, 3350], "hard": [238, 13493, 38948, 41112, 19589, 4627, 356]}, "unsolvedPenalty": {"normal": 674.0953571400638, "hard": 23.819392573767004}, "average": {"normal": 3.657936084581021, "hard": 3.689825531564541}, "percentSolvingInThreeOrFewer": {"normal": 0.4722707673708354, "hard": 0.4450630686954538}, "percentiles": {"normal": {"p5": 0.56602, "p10": 0.65742, "p20": 0.72713, "p25": 0.76028, "p75": 0.90953, "p80": 0.92906, "p90": 1, "p95": 1}, "hard": {"p5": 0.65621, "p10": 0.73243, "p20": 0.80384, "p25": 0.81241, "p75": 0.95035, "p80": 0.97043, "p90": 1, "p95": 1}}}