{"efficiency": {"normal": 0.8216791331408082, "hard": 0.8789461856606986}, "luck": {"normal": 0.6493308792174387, "hard": 0.6319949164196521}, "steps": {"normal": [0, 46501, 141902, 175281, 52005, 9225, 2315], "hard": [0, 7730, 32878, 36889, 6708, 425, 17]}, "unsolvedPenalty": {"normal": 263.38325138820267, "hard": 2.3411839698161816}, "average": {"normal": 3.6319523797574322, "hard": 3.5188647109049325}, "percentSolvingInThreeOrFewer": {"normal": 0.440988322421933, "hard": 0.47973348139922267}, "percentiles": {"normal": {"p5": 0.5, "p10": 0.59563, "p20": 0.69567, "p25": 0.74436, "p75": 0.93079, "p80": 0.94639, "p90": 1, "p95": 1}, "hard": {"p5": 0.64562, "p10": 0.71823, "p20": 0.79793, "p25": 0.82894, "p75": 0.95562, "p80": 0.96562, "p90": 0.99993, "p95": 1}}}