{"efficiency": {"normal": 0.8431648373476921, "hard": 0.8924804815479113}, "luck": {"normal": 0.5904854817277488, "hard": 0.6106676703112979}, "steps": {"normal": [2042, 19634, 172355, 169406, 40061, 6944, 2121], "hard": [88, 6755, 40776, 31889, 5454, 351, 13]}, "unsolvedPenalty": {"normal": 537.5825209710233, "hard": 3.101249574662563}, "average": {"normal": 3.6196958586227344, "hard": 3.433327488099462}, "percentSolvingInThreeOrFewer": {"normal": 0.47030635321150954, "hard": 0.5580831165178257}, "percentiles": {"normal": {"p5": 0.59736, "p10": 0.65856, "p20": 0.75925, "p25": 0.79121, "p75": 0.93835, "p80": 0.94665, "p90": 0.96516, "p95": 0.98507}, "hard": {"p5": 0.69874, "p10": 0.76762, "p20": 0.83602, "p25": 0.8513, "p75": 0.96097, "p80": 0.96761, "p90": 0.98613, "p95": 1}}}