{"efficiency": {"normal": 0.8264604673512669, "hard": 0.8761756294168032}, "luck": {"normal": 0.5368690164047869, "hard": 0.5671656585227812}, "steps": {"normal": [1003, 7451, 86970, 175757, 85980, 16763, 1997], "hard": [43, 2868, 25802, 36842, 13832, 1610, 85]}, "unsolvedPenalty": {"normal": 199.1569007294827, "hard": 10.093863284881369}, "average": {"normal": 4.055371093662576, "hard": 3.8230198300891054}, "percentSolvingInThreeOrFewer": {"normal": 0.2538405675660578, "hard": 0.3541229866061518}, "percentiles": {"normal": {"p5": 0.59376, "p10": 0.65548, "p20": 0.7412, "p25": 0.76961, "p75": 0.91195, "p80": 0.92398, "p90": 0.9536, "p95": 0.97636}, "hard": {"p5": 0.68021, "p10": 0.74843, "p20": 0.80781, "p25": 0.82552, "p75": 0.94735, "p80": 0.95914, "p90": 0.99183, "p95": 0.99962}}}