{"efficiency": {"normal": 0.823905193786357, "hard": 0.8813276902104649}, "luck": {"normal": 0.48720031527180224, "hard": 0.49083643246001474}, "steps": {"normal": [698, 4888, 66814, 112257, 87744, 44108, 10313], "hard": [133, 2159, 26089, 39902, 29771, 13000, 2645]}, "unsolvedPenalty": {"normal": 1517.9601118534958, "hard": 310.5497920118109}, "average": {"normal": 4.3969529594453665, "hard": 4.2920918371490675}, "percentSolvingInThreeOrFewer": {"normal": 0.22152731456266714, "hard": 0.2496152120950932}, "percentiles": {"normal": {"p5": 0.55594, "p10": 0.62033, "p20": 0.72838, "p25": 0.76863, "p75": 0.91679, "p80": 0.9279, "p90": 0.95514, "p95": 0.98289}, "hard": {"p5": 0.66624, "p10": 0.75573, "p20": 0.82715, "p25": 0.8455, "p75": 0.9459, "p80": 0.95334, "p90": 0.9875, "p95": 0.9989}}}