{"efficiency": {"normal": 0.8344312618152618, "hard": 0.8920131453348531}, "luck": {"normal": 0.585970586454832, "hard": 0.5844724629699933}, "steps": {"normal": [840, 18997, 101805, 96569, 41892, 12051, 2062], "hard": [67, 4187, 24857, 23230, 8594, 2038, 219]}, "unsolvedPenalty": {"normal": 259.68599666189573, "hard": 8.341183969816182}, "average": {"normal": 3.7451668976159738, "hard": 3.6819746357762027}, "percentSolvingInThreeOrFewer": {"normal": 0.4435992064649765, "hard": 0.46067540194961387}, "percentiles": {"normal": {"p5": 0.5618, "p10": 0.6304, "p20": 0.72452, "p25": 0.75416, "p75": 0.91832, "p80": 0.93197, "p90": 0.97795, "p95": 0.99986}, "hard": {"p5": 0.65621, "p10": 0.72668, "p20": 0.80522, "p25": 0.82765, "p75": 0.95349, "p80": 0.96558, "p90": 0.9938, "p95": 1}}}