{"efficiency":{"normal":0.8461797789406363,"hard":0.8799144766865661},"luck":{"normal":0.5218364514668091,"hard":0.5399180050360373},"steps":{"normal":[526,8130,77427,135106,76472,19951,2659],"hard":[72,4451,30934,48908,25105,5214,485]},"unsolvedPenalty":{"normal":145.6450391550319,"hard":12.743139968593542},"average":{"normal":4.091271595115247,"hard":3.973506265921981},"percentSolvingInThreeOrFewer":{"normal":0.26878175045508335,"hard":0.3078693051081454},"percentiles":{"normal":{"p5":0.5,"p10":0.57992,"p20":0.65987,"p25":0.70066,"p75":0.92298,"p80":0.9358,"p90":0.96795,"p95":0.99807},"hard":{"p5":0.58218,"p10":0.63431,"p20":0.73119,"p25":0.77362,"p75":0.94975,"p80":0.96364,"p90":0.99491,"p95":1}}}