{"efficiency": {"normal": 0.7986919603445749, "hard": 0.8422381981069639}, "luck": {"normal": 0.45403452622294244, "hard": 0.46301867504024846}, "steps": {"normal": [2422, 3462, 47034, 159431, 134492, 39448, 7034], "hard": [116, 1092, 18622, 56566, 37799, 7673, 574]}, "unsolvedPenalty": {"normal": 474.7223723042188, "hard": 13.099109540216453}, "average": {"normal": 4.441725305594395, "hard": 4.275445509788637}, "percentSolvingInThreeOrFewer": {"normal": 0.1345408226826298, "hard": 0.1619542313911893}, "percentiles": {"normal": {"p5": 0.53343, "p10": 0.6042, "p20": 0.68599, "p25": 0.71548, "p75": 0.90517, "p80": 0.91781, "p90": 0.94421, "p95": 0.96377}, "hard": {"p5": 0.60889, "p10": 0.6691, "p20": 0.74658, "p25": 0.7809, "p75": 0.92925, "p80": 0.93957, "p90": 0.96377, "p95": 0.98072}}}