{"efficiency": {"normal": 0.8403641356111746, "hard": 0.8875690548740643}, "luck": {"normal": 0.456633918268161, "hard": 0.4544454850423803}, "steps": {"normal": [0, 3894, 74417, 187822, 107061, 27790, 4362], "hard": [0, 573, 15419, 40884, 22569, 4750, 341]}, "unsolvedPenalty": {"normal": 1024.9783982275617, "hard": 24.8419163871631}, "average": {"normal": 4.2332500589576005, "hard": 4.1957963697878675}, "percentSolvingInThreeOrFewer": {"normal": 0.1931954429055671, "hard": 0.1891738430964323}, "percentiles": {"normal": {"p5": 0.6121, "p10": 0.68972, "p20": 0.77092, "p25": 0.79553, "p75": 0.91958, "p80": 0.92868, "p90": 0.95636, "p95": 0.97727}, "hard": {"p5": 0.72877, "p10": 0.78284, "p20": 0.83318, "p25": 0.85002, "p75": 0.94692, "p80": 0.95419, "p90": 0.97759, "p95": 0.99096}}}