{"efficiency": {"normal": 0.8579185230067441, "hard": 0.904422402383297}, "luck": {"normal": 0.6557481674255663, "hard": 0.6518114560061404}, "steps": {"normal": [1825, 51826, 224823, 98976, 24443, 4646, 1179], "hard": [254, 15375, 66307, 23233, 5300, 762, 43]}, "unsolvedPenalty": {"normal": 152.98589031463007, "hard": 2}, "average": {"normal": 3.2727203260349427, "hard": 3.183421104660568}, "percentSolvingInThreeOrFewer": {"normal": 0.6830063916726757, "hard": 0.7363445189352409}, "percentiles": {"normal": {"p5": 0.59368, "p10": 0.69321, "p20": 0.78294, "p25": 0.81179, "p75": 0.93673, "p80": 0.94783, "p90": 0.98586, "p95": 1}, "hard": {"p5": 0.69958, "p10": 0.77609, "p20": 0.84839, "p25": 0.87268, "p75": 0.97073, "p80": 0.97654, "p90": 0.99863, "p95": 1}}}