{"efficiency": {"normal": 0.8313931621215699, "hard": 0.8809777856944414}, "luck": {"normal": 0.45098790784411424, "hard": 0.4336472622476585}, "steps": {"normal": [1822, 5690, 58288, 205366, 170022, 54614, 6108], "hard": [149, 1770, 19749, 65203, 54199, 16037, 1201]}, "unsolvedPenalty": {"normal": 963.9431348292222, "hard": 118.10709027072153}, "average": {"normal": 4.445107575331891, "hard": 4.418539221582426}, "percentSolvingInThreeOrFewer": {"normal": 0.13109920105198142, "hard": 0.13687242590393411}, "percentiles": {"normal": {"p5": 0.57754, "p10": 0.65075, "p20": 0.74624, "p25": 0.77732, "p75": 0.91984, "p80": 0.92988, "p90": 0.95796, "p95": 0.97878}, "hard": {"p5": 0.68013, "p10": 0.75286, "p20": 0.82767, "p25": 0.84716, "p75": 0.94605, "p80": 0.95284, "p90": 0.97087, "p95": 0.98398}}}