{"efficiency": {"normal": 0.8025741139405871, "hard": 0.8642208122645264}, "luck": {"normal": 0.47019390545303985, "hard": 0.47818552715424806}, "steps": {"normal": [1328, 3956, 46225, 154828, 132899, 42744, 7002], "hard": [40, 1012, 13074, 35753, 26798, 5466, 400]}, "unsolvedPenalty": {"normal": 310.3028434420328, "hard": 4.901894723922235}, "average": {"normal": 4.466814152951659, "hard": 4.287327839970972}, "percentSolvingInThreeOrFewer": {"normal": 0.13242000915209445, "hard": 0.17113504476454697}, "percentiles": {"normal": {"p5": 0.53906, "p10": 0.60744, "p20": 0.68831, "p25": 0.72199, "p75": 0.90383, "p80": 0.91778, "p90": 0.94726, "p95": 0.97144}, "hard": {"p5": 0.65454, "p10": 0.71334, "p20": 0.7927, "p25": 0.81724, "p75": 0.94095, "p80": 0.95054, "p90": 0.98025, "p95": 0.99692}}}