{"efficiency": {"normal": 0.7807889493098479, "hard": 0.8493835952042433}, "luck": {"normal": 0.559660309020557, "hard": 0.5197967458795838}, "steps": {"normal": [1565, 16771, 127269, 178981, 130943, 41651, 4874], "hard": [157, 5757, 30644, 58950, 49126, 12594, 823]}, "unsolvedPenalty": {"normal": 1162.99480674514, "hard": 179.7041021557478}, "average": {"normal": 4.12852002933299, "hard": 4.217231805570074}, "percentSolvingInThreeOrFewer": {"normal": 0.2900186035765077, "hard": 0.2313050850674782}, "percentiles": {"normal": {"p5": 0.5, "p10": 0.5731, "p20": 0.66163, "p25": 0.69974, "p75": 0.88677, "p80": 0.9023, "p90": 0.93492, "p95": 0.96917}, "hard": {"p5": 0.6201, "p10": 0.67908, "p20": 0.77171, "p25": 0.80255, "p75": 0.92857, "p80": 0.93776, "p90": 0.96343, "p95": 0.98787}}}