{"efficiency": {"normal": 0.8107891057964632, "hard": 0.8656067694992836}, "luck": {"normal": 0.49470431810362214, "hard": 0.4964481138349814}, "steps": {"normal": [647, 3396, 50546, 127906, 90123, 26195, 3572], "hard": [56, 983, 15315, 32575, 18557, 4760, 521]}, "unsolvedPenalty": {"normal": 163.63746477067428, "hard": 9.652745693449273}, "average": {"normal": 4.311237784495827, "hard": 4.167667386943167}, "percentSolvingInThreeOrFewer": {"normal": 0.18052813466276435, "hard": 0.22474473318949523}, "percentiles": {"normal": {"p5": 0.56151, "p10": 0.6225, "p20": 0.69842, "p25": 0.73505, "p75": 0.90925, "p80": 0.92066, "p90": 0.95091, "p95": 0.97212}, "hard": {"p5": 0.64853, "p10": 0.71458, "p20": 0.79974, "p25": 0.81973, "p75": 0.93914, "p80": 0.94882, "p90": 0.97041, "p95": 0.99038}}}