{"efficiency": {"normal": 0.8467835727593888, "hard": 0.9076179052814323}, "luck": {"normal": 0.6709050930717432, "hard": 0.6798871677008617}, "steps": {"normal": [1682, 38906, 197124, 144035, 42598, 8061, 1817], "hard": [132, 12583, 57494, 35686, 6902, 607, 43]}, "unsolvedPenalty": {"normal": 271.83231994798666, "hard": 2.4822806715451136}, "average": {"normal": 3.5036210249571025, "hard": 3.3405861969084376}, "percentSolvingInThreeOrFewer": {"normal": 0.5474422128721878, "hard": 0.6188704857774996}, "percentiles": {"normal": {"p5": 0.58111, "p10": 0.67357, "p20": 0.77137, "p25": 0.79342, "p75": 0.93209, "p80": 0.94756, "p90": 1, "p95": 1}, "hard": {"p5": 0.66213, "p10": 0.77575, "p20": 0.8504, "p25": 0.87014, "p75": 0.98123, "p80": 0.99837, "p90": 1, "p95": 1}}}