{"efficiency": {"normal": 0.8650754764774146, "hard": 0.9083501628879445}, "luck": {"normal": 0.5761027382090871, "hard": 0.5834358286179125}, "steps": {"normal": [975, 21680, 102245, 130038, 65377, 16628, 2695], "hard": [91, 5556, 25832, 30769, 13670, 2547, 171]}, "unsolvedPenalty": {"normal": 377.4404632911458, "hard": 12.225316520854896}, "average": {"normal": 3.8780037583052875, "hard": 3.7720156838664334}, "percentSolvingInThreeOrFewer": {"normal": 0.3677444808884754, "hard": 0.40031283381657257}, "percentiles": {"normal": {"p5": 0.61509, "p10": 0.69609, "p20": 0.78234, "p25": 0.81057, "p75": 0.95223, "p80": 0.96068, "p90": 0.99571, "p95": 0.99931}, "hard": {"p5": 0.71394, "p10": 0.77978, "p20": 0.84614, "p25": 0.8669, "p75": 0.973, "p80": 0.9882, "p90": 0.99935, "p95": 1}}}