{"efficiency": {"normal": 0.778993357307094, "hard": 0.8210599034155591}, "luck": {"normal": 0.4219004013151173, "hard": 0.42076533231446134}, "steps": {"normal": [1144, 3752, 29590, 108728, 138473, 65736, 12685], "hard": [96, 1120, 11101, 35581, 40364, 21504, 2772]}, "unsolvedPenalty": {"normal": 470.7310598577666, "hard": 56.584139735324456}, "average": {"normal": 4.744067699300926, "hard": 4.694126287473878}, "percentSolvingInThreeOrFewer": {"normal": 0.09576571473002543, "hard": 0.10944747551938012}, "percentiles": {"normal": {"p5": 0.50751, "p10": 0.58019, "p20": 0.66096, "p25": 0.69146, "p75": 0.88739, "p80": 0.90006, "p90": 0.92889, "p95": 0.94839}, "hard": {"p5": 0.57817, "p10": 0.64413, "p20": 0.71452, "p25": 0.74472, "p75": 0.91477, "p80": 0.92474, "p90": 0.9469, "p95": 0.96356}}}