{"efficiency": {"normal": 0.8100175687284308, "hard": 0.8504158221441332}, "luck": {"normal": 0.4610747343551257, "hard": 0.4438366890449493}, "steps": {"normal": [1457, 4483, 77429, 186257, 99025, 31979, 6109], "hard": [65, 1017, 19547, 42931, 17598, 5250, 722]}, "unsolvedPenalty": {"normal": 918.8806850937052, "hard": 96.89291908341121}, "average": {"normal": 4.224868725853911, "hard": 4.09852970181434}, "percentSolvingInThreeOrFewer": {"normal": 0.2049692800542854, "hard": 0.23676116148284174}, "percentiles": {"normal": {"p5": 0.54656, "p10": 0.61312, "p20": 0.68852, "p25": 0.7289, "p75": 0.92102, "p80": 0.9356, "p90": 0.96456, "p95": 0.98138}, "hard": {"p5": 0.61491, "p10": 0.67037, "p20": 0.7676, "p25": 0.79227, "p75": 0.9424, "p80": 0.95307, "p90": 0.97661, "p95": 0.99041}}}