{"efficiency": {"normal": 0.8040769786985832, "hard": 0.842080108886279}, "luck": {"normal": 0.5560142036775912, "hard": 0.5628738342167143}, "steps": {"normal": [1910, 10825, 101212, 165532, 81133, 20468, 3998], "hard": [90, 3204, 32481, 47433, 18119, 2772, 221]}, "unsolvedPenalty": {"normal": 283.99006504016955, "hard": 3.241140335772557}, "average": {"normal": 4.014944998325118, "hard": 3.8578435692133417}, "percentSolvingInThreeOrFewer": {"normal": 0.295906283921699, "hard": 0.3429351993865031}, "percentiles": {"normal": {"p5": 0.54405, "p10": 0.60951, "p20": 0.67822, "p25": 0.71507, "p75": 0.91175, "p80": 0.9254, "p90": 0.95014, "p95": 0.97575}, "hard": {"p5": 0.61213, "p10": 0.6513, "p20": 0.73314, "p25": 0.77366, "p75": 0.93628, "p80": 0.94397, "p90": 0.97149, "p95": 0.99846}}}