{"efficiency": {"normal": 0.8374944917945423, "hard": 0.8888091638401167}, "luck": {"normal": 0.6812635684079972, "hard": 0.6605113700666655}, "steps": {"normal": [3830, 27332, 231095, 115473, 28058, 5643, 1459], "hard": [363, 8077, 63862, 32486, 6753, 719, 62]}, "unsolvedPenalty": {"normal": 144.44148142651156, "hard": 3.4822806715451136}, "average": {"normal": 3.386317037180427, "hard": 3.3525354096318756}, "percentSolvingInThreeOrFewer": {"normal": 0.6351740172927414, "hard": 0.643702925517708}, "percentiles": {"normal": {"p5": 0.53897, "p10": 0.60948, "p20": 0.73218, "p25": 0.77581, "p75": 0.93673, "p80": 0.94735, "p90": 0.98611, "p95": 1}, "hard": {"p5": 0.63143, "p10": 0.70938, "p20": 0.8252, "p25": 0.85341, "p75": 0.96969, "p80": 0.97405, "p90": 0.99761, "p95": 1}}}