{"efficiency": {"normal": 0.8535676100406934, "hard": 0.9076499157216952}, "luck": {"normal": 0.5769593555532601, "hard": 0.5813282128430788}, "steps": {"normal": [1007, 17432, 116134, 133268, 55802, 9020, 938], "hard": [110, 5214, 27734, 29466, 10629, 1301, 60]}, "unsolvedPenalty": {"normal": 132.4462967147723, "hard": 2.5}, "average": {"normal": 3.7684942380170163, "hard": 3.6634390852725662}, "percentSolvingInThreeOrFewer": {"normal": 0.4033950737557741, "hard": 0.4436481734975978}, "percentiles": {"normal": {"p5": 0.65865, "p10": 0.72267, "p20": 0.78635, "p25": 0.80644, "p75": 0.9248, "p80": 0.93333, "p90": 0.95499, "p95": 0.97946}, "hard": {"p5": 0.7593, "p10": 0.80683, "p20": 0.85499, "p25": 0.87168, "p75": 0.9604, "p80": 0.96783, "p90": 0.98552, "p95": 1}}}