{"efficiency": {"normal": 0.8518305138975766, "hard": 0.9106210732087483}, "luck": {"normal": 0.6699862149877621, "hard": 0.6845206847315645}, "steps": {"normal": [2382, 31040, 230960, 121829, 27397, 5222, 1775], "hard": [96, 11922, 70386, 25635, 4009, 262, 18]}, "unsolvedPenalty": {"normal": 194.84263753070013, "hard": 4.981801386826162}, "average": {"normal": 3.389391097674851, "hard": 3.1994336389981735}, "percentSolvingInThreeOrFewer": {"normal": 0.6285755043330441, "hard": 0.7336015953279681}, "percentiles": {"normal": {"p5": 0.5852, "p10": 0.66221, "p20": 0.77189, "p25": 0.79183, "p75": 0.9448, "p80": 0.96296, "p90": 1, "p95": 1}, "hard": {"p5": 0.74703, "p10": 0.78324, "p20": 0.86161, "p25": 0.88395, "p75": 0.9999, "p80": 1, "p90": 1, "p95": 1}}}