{"efficiency": {"normal": 0.821391056195184, "hard": 0.8586753384867437}, "luck": {"normal": 0.6056238737559778, "hard": 0.6075953569337164}, "steps": {"normal": [521, 12660, 101404, 114910, 42881, 8492, 1072], "hard": [58, 5568, 26179, 26489, 8786, 1161, 62]}, "unsolvedPenalty": {"normal": 128.2970009510226, "hard": 7.541930030599263}, "average": {"normal": 3.769178892675573, "hard": 3.61659871352694}, "percentSolvingInThreeOrFewer": {"normal": 0.4064162587784635, "hard": 0.46564572566358725}}