{"efficiency": {"normal": 0.7931507089283799, "hard": 0.8484852203068342}, "luck": {"normal": 0.5245823704344863, "hard": 0.5112759979637262}, "steps": {"normal": [1708, 6399, 80580, 166250, 108019, 28294, 5664], "hard": [79, 1266, 21606, 40346, 19120, 2872, 159]}, "unsolvedPenalty": {"normal": 690.743777092552, "hard": 16.353507147223823}, "average": {"normal": 4.2110979803612185, "hard": 4.011496506730962}, "percentSolvingInThreeOrFewer": {"normal": 0.22344135001536858, "hard": 0.26859610523359234}, "percentiles": {"normal": {"p5": 0.51081, "p10": 0.59485, "p20": 0.66146, "p25": 0.69493, "p75": 0.9081, "p80": 0.92422, "p90": 0.95115, "p95": 0.97504}, "hard": {"p5": 0.62411, "p10": 0.6639, "p20": 0.7388, "p25": 0.77973, "p75": 0.93744, "p80": 0.94961, "p90": 0.98604, "p95": 1}}}