{"efficiency": {"normal": 0.8417377792122568, "hard": 0.8877879192556255}, "luck": {"normal": 0.6207041692128064, "hard": 0.6358851874266579}, "steps": {"normal": [2343, 36668, 184950, 140715, 42331, 9212, 2738], "hard": [123, 15016, 54111, 34006, 7329, 886, 62]}, "unsolvedPenalty": {"normal": 742.3282317982295, "hard": 7.341183969816182}, "average": {"normal": 3.5331175472227416, "hard": 3.325601760770084}, "percentSolvingInThreeOrFewer": {"normal": 0.5345679866907582, "hard": 0.620892471286525}, "percentiles": {"normal": {"p5": 0.6088, "p10": 0.6796, "p20": 0.75812, "p25": 0.78517, "p75": 0.93195, "p80": 0.93928, "p90": 0.96062, "p95": 0.99741}, "hard": {"p5": 0.71122, "p10": 0.76888, "p20": 0.82148, "p25": 0.8461, "p75": 0.94627, "p80": 0.95881, "p90": 0.99244, "p95": 1}}}