{"efficiency": {"normal": 0.8235220996560321, "hard": 0.8740631311576538}, "luck": {"normal": 0.547785256261174, "hard": 0.5480349981212481}, "steps": {"normal": [677, 5371, 85437, 142550, 68515, 16659, 2358], "hard": [110, 2433, 36379, 47637, 18543, 3709, 295]}, "unsolvedPenalty": {"normal": 306.29516950342315, "hard": 24.058106052940946}, "average": {"normal": 4.034217737421761, "hard": 3.865223343409647}, "percentSolvingInThreeOrFewer": {"normal": 0.28449747642015505, "hard": 0.35673565156819975}, "percentiles": {"normal": {"p5": 0.57164, "p10": 0.63468, "p20": 0.72141, "p25": 0.7552, "p75": 0.92013, "p80": 0.93431, "p90": 0.96445, "p95": 0.98381}, "hard": {"p5": 0.65622, "p10": 0.7262, "p20": 0.80407, "p25": 0.82524, "p75": 0.9525, "p80": 0.95971, "p90": 0.9819, "p95": 0.99996}}}