{"efficiency": {"normal": 0.8055178970646802, "hard": 0.8582765291427712}, "luck": {"normal": 0.48389002157687655, "hard": 0.47725063359522796}, "steps": {"normal": [1611, 4865, 61897, 156491, 104187, 29324, 4506], "hard": [140, 1643, 21370, 52345, 32952, 6830, 401]}, "unsolvedPenalty": {"normal": 692.4558442870276, "hard": 19.348263215285556}, "average": {"normal": 4.277185787749392, "hard": 4.196733675047892}, "percentSolvingInThreeOrFewer": {"normal": 0.18841713950303268, "hard": 0.20014522696034787}, "percentiles": {"normal": {"p5": 0.54341, "p10": 0.62215, "p20": 0.71738, "p25": 0.74744, "p75": 0.89609, "p80": 0.90708, "p90": 0.9371, "p95": 0.95995}, "hard": {"p5": 0.64582, "p10": 0.72062, "p20": 0.79253, "p25": 0.81554, "p75": 0.93133, "p80": 0.93996, "p90": 0.96022, "p95": 0.97797}}}