{"efficiency": {"normal": 0.8589443120144503, "hard": 0.9207598293287489}, "luck": {"normal": 0.6390863205860458, "hard": 0.6325839951946733}, "steps": {"normal": [2729, 44700, 168792, 121116, 56840, 13293, 2022], "hard": [401, 16521, 47370, 38219, 19009, 3179, 159]}, "unsolvedPenalty": {"normal": 354.3669829306081, "hard": 10.687902615331392}, "average": {"normal": 3.5688984570710307, "hard": 3.5534101771822018}, "percentSolvingInThreeOrFewer": {"normal": 0.528022525470583, "hard": 0.5149209501994265}, "percentiles": {"normal": {"p5": 0.61475, "p10": 0.7108, "p20": 0.78663, "p25": 0.80524, "p75": 0.94578, "p80": 0.96121, "p90": 0.9948, "p95": 1}, "hard": {"p5": 0.7806, "p10": 0.82482, "p20": 0.87254, "p25": 0.8871, "p75": 0.9779, "p80": 0.98649, "p90": 1, "p95": 1}}}