{"efficiency": {"normal": 0.8460844695485609, "hard": 0.8745202838656918}, "luck": {"normal": 0.5503009413538716, "hard": 0.5575830356555852}, "steps": {"normal": [2122, 20443, 163809, 158565, 54070, 14818, 1732], "hard": [267, 7875, 56092, 44613, 14612, 4014, 190]}, "unsolvedPenalty": {"normal": 258.80673497755595, "hard": 6.757252408507489}, "average": {"normal": 3.7066597203645633, "hard": 3.6128381539867345}, "percentSolvingInThreeOrFewer": {"normal": 0.4484898654583344, "hard": 0.5031528320656729}, "percentiles": {"normal": {"p5": 0.61023, "p10": 0.67723, "p20": 0.76741, "p25": 0.7958, "p75": 0.92769, "p80": 0.93802, "p90": 0.96553, "p95": 0.98213}, "hard": {"p5": 0.63715, "p10": 0.72589, "p20": 0.80733, "p25": 0.8327, "p75": 0.94668, "p80": 0.9557, "p90": 0.9762, "p95": 0.99189}}}