{"efficiency": {"normal": 0.825531801936212, "hard": 0.8794367376274136}, "luck": {"normal": 0.610210372595987, "hard": 0.5905691607826663}, "steps": {"normal": [1717, 23565, 168937, 146069, 47431, 10282, 1534], "hard": [170, 8347, 50621, 46622, 14517, 2250, 121]}, "unsolvedPenalty": {"normal": 294.99600759939875, "hard": 8.205775726248074}, "average": {"normal": 3.6287534158649417, "hard": 3.6050747323700856}, "percentSolvingInThreeOrFewer": {"normal": 0.48611260590436384, "hard": 0.4821766355749788}, "percentiles": {"normal": {"p5": 0.60196, "p10": 0.6668, "p20": 0.74108, "p25": 0.76855, "p75": 0.90588, "p80": 0.91965, "p90": 0.94426, "p95": 0.96943}, "hard": {"p5": 0.7098, "p10": 0.76912, "p20": 0.81881, "p25": 0.83625, "p75": 0.94211, "p80": 0.95204, "p90": 0.97796, "p95": 0.99698}}}