{"efficiency": {"normal": 0.7677714793853926, "hard": 0.8413475786322835}, "luck": {"normal": 0.5286518518300694, "hard": 0.5029858517310335}, "steps": {"normal": [1160, 5744, 48997, 102975, 74305, 31917, 7168], "hard": [71, 1363, 11184, 23082, 17020, 8778, 1636]}, "unsolvedPenalty": {"normal": 730.6303351360176, "hard": 154.5828351374618}, "average": {"normal": 4.354097207639353, "hard": 4.40414963150026}, "percentSolvingInThreeOrFewer": {"normal": 0.20531759382368714, "hard": 0.19986061393227103}, "percentiles": {"normal": {"p5": 0.47927, "p10": 0.5547, "p20": 0.64118, "p25": 0.67629, "p75": 0.88166, "p80": 0.89575, "p90": 0.92437, "p95": 0.95012}, "hard": {"p5": 0.6118, "p10": 0.67219, "p20": 0.7512, "p25": 0.78429, "p75": 0.92303, "p80": 0.93388, "p90": 0.96282, "p95": 0.98146}}}