{"efficiency": {"normal": 0.8222316295146609, "hard": 0.8919857068045964}, "luck": {"normal": 0.6227640280808097, "hard": 0.6307973875769097}, "steps": {"normal": [2451, 26252, 136958, 153284, 61337, 13936, 3200], "hard": [147, 8251, 46607, 46716, 14802, 1724, 140]}, "unsolvedPenalty": {"normal": 401.93582254067485, "hard": 7.421664114924932}, "average": {"normal": 3.7544045207377135, "hard": 3.620967012122234}, "percentSolvingInThreeOrFewer": {"normal": 0.416843223004494, "hard": 0.4646202708067609}, "percentiles": {"normal": {"p5": 0.5654, "p10": 0.62673, "p20": 0.72264, "p25": 0.75611, "p75": 0.9146, "p80": 0.93162, "p90": 0.96158, "p95": 0.98222}, "hard": {"p5": 0.65907, "p10": 0.72448, "p20": 0.81695, "p25": 0.84602, "p75": 0.97113, "p80": 0.98733, "p90": 1, "p95": 1}}}