{"efficiency": {"normal": 0.8447561267679617, "hard": 0.8918131128680343}, "luck": {"normal": 0.5665913946709017, "hard": 0.5660736230802226}, "steps": {"normal": [559, 10786, 139665, 124819, 26900, 3728, 569], "hard": [69, 3422, 39766, 27148, 4297, 282, 17]}, "unsolvedPenalty": {"normal": 12.385792281172222, "hard": 1.858903298271068}, "average": {"normal": 3.5868798922315412, "hard": 3.4412989013919586}, "percentSolvingInThreeOrFewer": {"normal": 0.491847595969071, "hard": 0.5767523099692005}}