{"efficiency": {"normal": 0.8213336007544264, "hard": 0.871511210155288}, "luck": {"normal": 0.5707991633118301, "hard": 0.5629414471189337}, "steps": {"normal": [877, 13757, 117866, 149264, 66753, 15971, 2388], "hard": [80, 4928, 39715, 48562, 19932, 4001, 387]}, "unsolvedPenalty": {"normal": 360.8976208912297, "hard": 26.007619103839566}, "average": {"normal": 3.8860892988936078, "hard": 3.8240721705633587}, "percentSolvingInThreeOrFewer": {"normal": 0.36115744829315627, "hard": 0.38028145061859614}, "percentiles": {"normal": {"p5": 0.57201, "p10": 0.6493, "p20": 0.72717, "p25": 0.75402, "p75": 0.9131, "p80": 0.92818, "p90": 0.96145, "p95": 0.98722}, "hard": {"p5": 0.68523, "p10": 0.74241, "p20": 0.80022, "p25": 0.82255, "p75": 0.9435, "p80": 0.95522, "p90": 0.98236, "p95": 0.99717}}}