{"efficiency": {"normal": 0.8289700612382661, "hard": 0.8759937891659929}, "luck": {"normal": 0.5204523312142751, "hard": 0.5308617377401126}, "steps": {"normal": [2176, 6046, 95926, 165189, 92524, 27184, 5146], "hard": [58, 1600, 22691, 37629, 17735, 3756, 336]}, "unsolvedPenalty": {"normal": 580.3575319662075, "hard": 18.534515350118777}, "average": {"normal": 4.122692698544529, "hard": 4.002488330235071}, "percentSolvingInThreeOrFewer": {"normal": 0.26420694536404943, "hard": 0.2905435236561064}, "percentiles": {"normal": {"p5": 0.5679, "p10": 0.63488, "p20": 0.74084, "p25": 0.7721, "p75": 0.92502, "p80": 0.93373, "p90": 0.96049, "p95": 0.98278}, "hard": {"p5": 0.66066, "p10": 0.7366, "p20": 0.8143, "p25": 0.83615, "p75": 0.94173, "p80": 0.95072, "p90": 0.98198, "p95": 0.99628}}}