{"efficiency": {"normal": 0.8338525604931389, "hard": 0.9002960666396301}, "luck": {"normal": 0.5579260155128306, "hard": 0.5492678292613066}, "steps": {"normal": [2275, 20583, 116685, 165308, 82694, 18844, 3075], "hard": [157, 4152, 26400, 34881, 15263, 2808, 162]}, "unsolvedPenalty": {"normal": 604.3089034665927, "hard": 17.467421914714343}, "average": {"normal": 3.9158297405961613, "hard": 3.8354564668636857}, "percentSolvingInThreeOrFewer": {"normal": 0.3407943067033976, "hard": 0.3663552962790642}, "percentiles": {"normal": {"p5": 0.61966, "p10": 0.69566, "p20": 0.76141, "p25": 0.78072, "p75": 0.90743, "p80": 0.91887, "p90": 0.95066, "p95": 0.97603}, "hard": {"p5": 0.75147, "p10": 0.79984, "p20": 0.8447, "p25": 0.86, "p75": 0.96178, "p80": 0.97172, "p90": 0.99583, "p95": 1}}}