{"efficiency": {"normal": 0.8442281440431229, "hard": 0.8918029721868992}, "luck": {"normal": 0.5342714302132696, "hard": 0.5172923224190432}, "steps": {"normal": [671, 6305, 102943, 145772, 74100, 20770, 1830], "hard": [109, 2624, 39344, 48745, 24226, 6334, 317]}, "unsolvedPenalty": {"normal": 76.74542880763182, "hard": 4.245989800688621}, "average": {"normal": 4.010331550546999, "hard": 3.941907870975116}, "percentSolvingInThreeOrFewer": {"normal": 0.31192340326512313, "hard": 0.345746472855159}, "percentiles": {"normal": {"p5": 0.60236, "p10": 0.66667, "p20": 0.75667, "p25": 0.78647, "p75": 0.93115, "p80": 0.9435, "p90": 0.97626, "p95": 0.99392}, "hard": {"p5": 0.67434, "p10": 0.75, "p20": 0.83454, "p25": 0.85334, "p75": 0.96275, "p80": 0.97168, "p90": 0.99078, "p95": 0.99839}}}