{"efficiency": {"normal": 0.8414332007808679, "hard": 0.8833155318609297}, "luck": {"normal": 0.4052992822595788, "hard": 0.38881020632831265}, "steps": {"normal": [1482, 3221, 35480, 126346, 162888, 72987, 8400], "hard": [50, 504, 7751, 25597, 36054, 15325, 1357]}, "unsolvedPenalty": {"normal": 628.0241401043156, "hard": 23.187982350407893}, "average": {"normal": 4.701848142033925, "hard": 4.7143422976332605}, "percentSolvingInThreeOrFewer": {"normal": 0.09781550325702769, "hard": 0.09585863016228445}, "percentiles": {"normal": {"p5": 0.60865, "p10": 0.68632, "p20": 0.77, "p25": 0.79551, "p75": 0.91911, "p80": 0.92977, "p90": 0.95182, "p95": 0.96707}, "hard": {"p5": 0.70098, "p10": 0.78199, "p20": 0.83622, "p25": 0.8515, "p75": 0.94253, "p80": 0.95148, "p90": 0.96465, "p95": 0.97809}}}