{"efficiency": {"normal": 0.8246240318547924, "hard": 0.8939016606972338}, "luck": {"normal": 0.6147887109702048, "hard": 0.6126137423874778}, "steps": {"normal": [1645, 31391, 166267, 131247, 41602, 14065, 5242], "hard": [167, 7516, 39414, 26254, 5983, 2587, 1000]}, "unsolvedPenalty": {"normal": 2220.1153300866476, "hard": 603.825939450754}, "average": {"normal": 3.626254895991883, "hard": 3.515367951899407}, "percentSolvingInThreeOrFewer": {"normal": 0.5091286699245643, "hard": 0.5679743370195729}, "percentiles": {"normal": {"p5": 0.5, "p10": 0.59505, "p20": 0.69017, "p25": 0.73975, "p75": 0.94275, "p80": 0.95731, "p90": 0.98046, "p95": 0.99874}, "hard": {"p5": 0.64913, "p10": 0.75, "p20": 0.83465, "p25": 0.85652, "p75": 0.9676, "p80": 0.97147, "p90": 0.99768, "p95": 1}}}