{"efficiency": {"normal": 0.8394733354656111, "hard": 0.888217434818346}, "luck": {"normal": 0.5397976240002063, "hard": 0.5416150265664829}, "steps": {"normal": [1782, 18034, 131232, 207389, 114126, 29765, 4188], "hard": [126, 6492, 48889, 68785, 31722, 5607, 424]}, "unsolvedPenalty": {"normal": 304.7058472069079, "hard": 19.289752809322994}, "average": {"normal": 4.0274003305862145, "hard": 3.8887734256089934}, "percentSolvingInThreeOrFewer": {"normal": 0.298209730788366, "hard": 0.3425406522879447}, "percentiles": {"normal": {"p5": 0.58654, "p10": 0.655, "p20": 0.75714, "p25": 0.782, "p75": 0.92635, "p80": 0.93837, "p90": 0.97401, "p95": 1}, "hard": {"p5": 0.68779, "p10": 0.76651, "p20": 0.82718, "p25": 0.84815, "p75": 0.95378, "p80": 0.96411, "p90": 0.99121, "p95": 1}}}