{"efficiency": {"normal": 0.833036194883721, "hard": 0.8746331425903724}, "luck": {"normal": 0.4424794485200547, "hard": 0.4293852199546466}, "steps": {"normal": [891, 4869, 48409, 122337, 102129, 33596, 3450], "hard": [70, 1188, 11955, 28533, 24759, 7870, 586]}, "unsolvedPenalty": {"normal": 747.631499947952, "hard": 78.33105813395947}, "average": {"normal": 4.378859137863691, "hard": 4.370783888397086}, "percentSolvingInThreeOrFewer": {"normal": 0.1715941092431917, "hard": 0.17626499112872027}, "percentiles": {"normal": {"p5": 0.56928, "p10": 0.63837, "p20": 0.73003, "p25": 0.75747, "p75": 0.91731, "p80": 0.93039, "p90": 0.96669, "p95": 0.99341}, "hard": {"p5": 0.66667, "p10": 0.73919, "p20": 0.8106, "p25": 0.83244, "p75": 0.94999, "p80": 0.95904, "p90": 0.98608, "p95": 1}}}