{"efficiency": {"normal": 0.730803954208528, "hard": 0.8169938811126533}, "luck": {"normal": 0.44965462642825665, "hard": 0.43430956102552354}, "steps": {"normal": [1853, 4355, 34639, 64014, 73283, 84509, 38305], "hard": [162, 1418, 11450, 21624, 25074, 32511, 14268]}, "unsolvedPenalty": {"normal": 14426.00262166209, "hard": 5116.842264041499}, "average": {"normal": 5.072355619793002, "hard": 5.15715250888713}, "percentSolvingInThreeOrFewer": {"normal": 0.13572325706577, "hard": 0.12233937675457951}, "percentiles": {"normal": {"p5": 0.4283, "p10": 0.48388, "p20": 0.5684, "p25": 0.61413, "p75": 0.87407, "p80": 0.88937, "p90": 0.92178, "p95": 0.94009}, "hard": {"p5": 0.52531, "p10": 0.58616, "p20": 0.6929, "p25": 0.72442, "p75": 0.93235, "p80": 0.94221, "p90": 0.96399, "p95": 0.97553}}}