{"efficiency": {"normal": 0.8012554322359932, "hard": 0.8482069316231003}, "luck": {"normal": 0.6188464540190506, "hard": 0.6003849630361755}, "steps": {"normal": [2183, 19655, 169774, 146921, 50376, 13255, 3650], "hard": [135, 7972, 50853, 44184, 13109, 2789, 397]}, "unsolvedPenalty": {"normal": 371.72887437284254, "hard": 16.352737521368642}, "average": {"normal": 3.6860008005499387, "hard": 3.6039179224333875}, "percentSolvingInThreeOrFewer": {"normal": 0.4721670519006244, "hard": 0.4936411055015531}, "percentiles": {"normal": {"p5": 0.53257, "p10": 0.60085, "p20": 0.68638, "p25": 0.72494, "p75": 0.90243, "p80": 0.9203, "p90": 0.95414, "p95": 0.97671}, "hard": {"p5": 0.62397, "p10": 0.6883, "p20": 0.76055, "p25": 0.78759, "p75": 0.93549, "p80": 0.94787, "p90": 0.97714, "p95": 0.99631}}}