{"efficiency": {"normal": 0.7855613666817635, "hard": 0.8888656079088093}, "luck": {"normal": 0.5848898674004589, "hard": 0.6026960010165363}, "steps": {"normal": [3233, 22208, 116599, 156882, 83947, 25706, 4091], "hard": [316, 9266, 35787, 43090, 23892, 6976, 689]}, "unsolvedPenalty": {"normal": 926.2908178085244, "hard": 86.00025663268917}, "average": {"normal": 3.9463107956987216, "hard": 3.872766966543067}, "percentSolvingInThreeOrFewer": {"normal": 0.34420087916135567, "hard": 0.37802459672043726}, "percentiles": {"normal": {"p5": 0.5272, "p10": 0.59785, "p20": 0.69286, "p25": 0.71764, "p75": 0.87539, "p80": 0.88871, "p90": 0.92516, "p95": 0.94976}, "hard": {"p5": 0.69737, "p10": 0.78366, "p20": 0.83649, "p25": 0.85335, "p75": 0.95505, "p80": 0.96675, "p90": 0.9819, "p95": 0.99605}}}