{"efficiency": {"normal": 0.8253657128039744, "hard": 0.8809995248967668}, "luck": {"normal": 0.596831676774026, "hard": 0.5755866900154823}, "steps": {"normal": [1760, 33518, 135693, 121780, 44759, 9388, 1197], "hard": [215, 7755, 31441, 26496, 9845, 1652, 116]}, "unsolvedPenalty": {"normal": 246.0282232397872, "hard": 8.745989800688621}, "average": {"normal": 3.5959810632822644, "hard": 3.560239241354498}, "percentSolvingInThreeOrFewer": {"normal": 0.49116189545957284, "hard": 0.5083978328173374}, "percentiles": {"normal": {"p5": 0.59993, "p10": 0.67586, "p20": 0.74708, "p25": 0.77101, "p75": 0.90455, "p80": 0.91897, "p90": 0.94652, "p95": 0.97215}, "hard": {"p5": 0.70517, "p10": 0.76355, "p20": 0.82466, "p25": 0.84195, "p75": 0.94343, "p80": 0.95587, "p90": 0.98208, "p95": 0.99926}}}