{"efficiency": {"normal": 0.8325236839697948, "hard": 0.8858664513098642}, "luck": {"normal": 0.6253151196389778, "hard": 0.6009905753688364}, "steps": {"normal": [4755, 24423, 146152, 155096, 51573, 11234, 2444], "hard": [510, 4722, 32205, 37545, 7289, 692, 59]}, "unsolvedPenalty": {"normal": 174.66111743393878, "hard": 2}, "average": {"normal": 3.6772232429922234, "hard": 3.5865312808653127}, "percentSolvingInThreeOrFewer": {"normal": 0.4431139540584871, "hard": 0.4509286695092867}, "percentiles": {"normal": {"p5": 0.52849, "p10": 0.60587, "p20": 0.71755, "p25": 0.76046, "p75": 0.94082, "p80": 0.95711, "p90": 0.98312, "p95": 1}, "hard": {"p5": 0.63779, "p10": 0.72654, "p20": 0.82201, "p25": 0.84543, "p75": 0.9669, "p80": 0.97815, "p90": 0.99562, "p95": 1}}}