{"efficiency": {"normal": 0.8593970653449708, "hard": 0.8901554323914811}, "luck": {"normal": 0.6389797581705591, "hard": 0.6214180289686637}, "steps": {"normal": [581, 22386, 133746, 139758, 33135, 4704, 511], "hard": [119, 8720, 46919, 45261, 10002, 1120, 47]}, "unsolvedPenalty": {"normal": 71.67210662998899, "hard": 4.652978440138961}, "average": {"normal": 3.593474340338957, "hard": 3.5335655594042157}, "percentSolvingInThreeOrFewer": {"normal": 0.46805009243745166, "hard": 0.49700502727564444}, "percentiles": {"normal": {"p5": 0.61395, "p10": 0.7002, "p20": 0.78823, "p25": 0.81399, "p75": 0.93544, "p80": 0.94766, "p90": 0.9867, "p95": 1}, "hard": {"p5": 0.68474, "p10": 0.77065, "p20": 0.82962, "p25": 0.85001, "p75": 0.95541, "p80": 0.96789, "p90": 0.99835, "p95": 1}}}