{"efficiency": {"normal": 0.8253329465774961, "hard": 0.8642551433719704}, "luck": {"normal": 0.5808319020871853, "hard": 0.5993323128636164}, "steps": {"normal": [541, 11410, 109947, 145949, 50285, 9474, 867], "hard": [127, 6129, 43812, 45109, 14008, 2262, 115]}, "unsolvedPenalty": {"normal": 102.14786784373037, "hard": 6.958946932314693}, "average": {"normal": 3.8098661012255004, "hard": 3.663263108826772}, "percentSolvingInThreeOrFewer": {"normal": 0.3711050832184076, "hard": 0.44879080690557716}, "percentiles": {"normal": {"p5": 0.58101, "p10": 0.64805, "p20": 0.73434, "p25": 0.76202, "p75": 0.91765, "p80": 0.93273, "p90": 0.95754, "p95": 0.97883}, "hard": {"p5": 0.64359, "p10": 0.7187, "p20": 0.79256, "p25": 0.81206, "p75": 0.93885, "p80": 0.94789, "p90": 0.9729, "p95": 1}}}