{"efficiency": {"normal": 0.813725841006294, "hard": 0.9324672637271711}, "luck": {"normal": 0.6858198308811064, "hard": 0.7011800580639328}, "steps": {"normal": [3663, 80409, 192911, 96656, 39318, 12268, 2814], "hard": [383, 25367, 35440, 15676, 6736, 1531, 116]}, "unsolvedPenalty": {"normal": 854.2585573984323, "hard": 13.926453016202226}, "average": {"normal": 3.3188290285637483, "hard": 3.094850689779542}, "percentSolvingInThreeOrFewer": {"normal": 0.6470975775571852, "hard": 0.7177796807000668}, "percentiles": {"normal": {"p5": 0.58526, "p10": 0.64286, "p20": 0.70434, "p25": 0.73782, "p75": 0.90364, "p80": 0.91697, "p90": 0.9585, "p95": 0.99703}, "hard": {"p5": 0.78681, "p10": 0.81539, "p20": 0.87306, "p25": 0.89524, "p75": 1, "p80": 1, "p90": 1, "p95": 1}}}