{"efficiency": {"normal": 0.8011702895844355, "hard": 0.8732589934152187}, "luck": {"normal": 0.5643189652274425, "hard": 0.5662405721493812}, "steps": {"normal": [0, 13503, 128267, 167034, 84346, 29893, 6601], "hard": [0, 3003, 29730, 32412, 15526, 5183, 553]}, "unsolvedPenalty": {"normal": 360.2780900851605, "hard": 4.561827853191095}, "average": {"normal": 4.020999427642618, "hard": 3.9053266729298923}, "percentSolvingInThreeOrFewer": {"normal": 0.32997085959538597, "hard": 0.37882347494994617}, "percentiles": {"normal": {"p5": 0.5214, "p10": 0.60064, "p20": 0.68479, "p25": 0.71655, "p75": 0.9138, "p80": 0.92384, "p90": 0.95075, "p95": 0.98007}, "hard": {"p5": 0.65774, "p10": 0.71938, "p20": 0.78574, "p25": 0.81006, "p75": 0.95676, "p80": 0.96486, "p90": 0.98023, "p95": 1}}}