{"efficiency": {"normal": 0.8319531848444857, "hard": 0.8769558331077529}, "luck": {"normal": 0.5594694657436771, "hard": 0.5505676393385948}, "steps": {"normal": [2578, 25012, 152719, 165763, 70009, 15225, 2637], "hard": [95, 5316, 36222, 35675, 12892, 2055, 89]}, "unsolvedPenalty": {"normal": 452.02023874347236, "hard": 9.463265983831622}, "average": {"normal": 3.7657411693211857, "hard": 3.6766380410853317}, "percentSolvingInThreeOrFewer": {"normal": 0.41551309734227765, "hard": 0.45084683357879235}, "percentiles": {"normal": {"p5": 0.59512, "p10": 0.66342, "p20": 0.74628, "p25": 0.77117, "p75": 0.92428, "p80": 0.93432, "p90": 0.96018, "p95": 0.99499}, "hard": {"p5": 0.68935, "p10": 0.74724, "p20": 0.80724, "p25": 0.82401, "p75": 0.94859, "p80": 0.95947, "p90": 0.99504, "p95": 1}}}