{"efficiency": {"normal": 0.8352998089150274, "hard": 0.883235609799291}, "luck": {"normal": 0.6765689337241823, "hard": 0.6663108206741373}, "steps": {"normal": [4389, 57075, 200341, 117507, 28697, 5832, 1676], "hard": [703, 21118, 53020, 35207, 7347, 838, 60]}, "unsolvedPenalty": {"normal": 342.6346241447258, "hard": 9.84921528252021}, "average": {"normal": 3.3215046186417037, "hard": 3.2547982485462583}, "percentSolvingInThreeOrFewer": {"normal": 0.6300704904973804, "hard": 0.6326747990160027}, "percentiles": {"normal": {"p5": 0.60651, "p10": 0.69324, "p20": 0.76797, "p25": 0.79581, "p75": 0.90986, "p80": 0.9166, "p90": 0.95166, "p95": 0.98532}, "hard": {"p5": 0.71237, "p10": 0.7766, "p20": 0.8261, "p25": 0.83784, "p75": 0.94411, "p80": 0.95509, "p90": 1, "p95": 1}}}