{"efficiency": {"normal": 0.8082030150991233, "hard": 0.8639630688809344}, "luck": {"normal": 0.6384953022904154, "hard": 0.6200690122091891}, "steps": {"normal": [1245, 14501, 167175, 145799, 49441, 10544, 2036], "hard": [46, 4931, 36853, 31958, 8170, 1160, 95]}, "unsolvedPenalty": {"normal": 144.02615599730578, "hard": 4.166597364473583}, "average": {"normal": 3.68487828550369, "hard": 3.5664880078517114}, "percentSolvingInThreeOrFewer": {"normal": 0.46813874151931845, "hard": 0.5026858784084217}, "percentiles": {"normal": {"p5": 0.53888, "p10": 0.59483, "p20": 0.69082, "p25": 0.73609, "p75": 0.91036, "p80": 0.92429, "p90": 0.9588, "p95": 0.98269}, "hard": {"p5": 0.62076, "p10": 0.68943, "p20": 0.77666, "p25": 0.80544, "p75": 0.94219, "p80": 0.95425, "p90": 0.98366, "p95": 0.99752}}}