{"efficiency": {"normal": 0.8432135565632329, "hard": 0.8983351312041365}, "luck": {"normal": 0.565906875431557, "hard": 0.5647175502256402}, "steps": {"normal": [1333, 18865, 101648, 133254, 72776, 18547, 2455], "hard": [157, 5519, 24493, 32137, 14251, 2586, 192]}, "unsolvedPenalty": {"normal": 350.2460678699948, "hard": 5.241140335772557}, "average": {"normal": 3.9260722833422284, "hard": 3.7983518137056254}, "percentSolvingInThreeOrFewer": {"normal": 0.34925102757984167, "hard": 0.38027352366546924}, "percentiles": {"normal": {"p5": 0.59487, "p10": 0.67438, "p20": 0.75927, "p25": 0.78934, "p75": 0.92717, "p80": 0.94159, "p90": 0.96797, "p95": 0.99945}, "hard": {"p5": 0.69661, "p10": 0.77071, "p20": 0.83387, "p25": 0.85539, "p75": 0.97816, "p80": 1, "p90": 1, "p95": 1}}}