{"efficiency": {"normal": 0.8100347292225161, "hard": 0.8553399899566254}, "luck": {"normal": 0.5096470782074765, "hard": 0.4971908443141204}, "steps": {"normal": [898, 4908, 60834, 149654, 78028, 15171, 2154], "hard": [56, 1166, 16332, 40207, 15602, 1237, 69]}, "unsolvedPenalty": {"normal": 72.50158419558907, "hard": 0.5}, "average": {"normal": 4.133357618023583, "hard": 3.9926542474119113}, "percentSolvingInThreeOrFewer": {"normal": 0.213831674939916, "hard": 0.23509086769609877}, "percentiles": {"normal": {"p5": 0.55142, "p10": 0.60946, "p20": 0.67683, "p25": 0.71253, "p75": 0.92028, "p80": 0.93213, "p90": 0.95934, "p95": 0.97932}, "hard": {"p5": 0.62948, "p10": 0.67965, "p20": 0.75811, "p25": 0.79458, "p75": 0.93807, "p80": 0.94742, "p90": 0.96888, "p95": 0.9824}}}