{"efficiency": {"normal": 0.8247539208137162, "hard": 0.8977121881326442}, "luck": {"normal": 0.688981108881103, "hard": 0.6817706749230338}, "steps": {"normal": [5161, 96908, 182718, 99362, 37001, 13804, 2996], "hard": [721, 25311, 53805, 28054, 10634, 3930, 519]}, "unsolvedPenalty": {"normal": 684.0126249893057, "hard": 65.51205508387646}, "average": {"normal": 3.2744925508048617, "hard": 3.2968148718841697}, "percentSolvingInThreeOrFewer": {"normal": 0.6502728621988811, "hard": 0.6492185339990567}, "percentiles": {"normal": {"p5": 0.51643, "p10": 0.62199, "p20": 0.69732, "p25": 0.7354, "p75": 0.94084, "p80": 0.96799, "p90": 1, "p95": 1}, "hard": {"p5": 0.72292, "p10": 0.79053, "p20": 0.83821, "p25": 0.85116, "p75": 0.96463, "p80": 0.97628, "p90": 1, "p95": 1}}}