{"efficiency": {"normal": 0.8469529448395556, "hard": 0.9068083074508516}, "luck": {"normal": 0.4851022794314934, "hard": 0.48165387084117517}, "steps": {"normal": [2572, 9679, 60244, 137166, 143258, 47684, 5174], "hard": [109, 1764, 12325, 28219, 31535, 9594, 549]}, "unsolvedPenalty": {"normal": 829.2730053718374, "hard": 16.982280671545112}, "average": {"normal": 4.413180818541642, "hard": 4.430548573407117}, "percentSolvingInThreeOrFewer": {"normal": 0.17865724277127584, "hard": 0.16883286759022534}, "percentiles": {"normal": {"p5": 0.61524, "p10": 0.69566, "p20": 0.7761, "p25": 0.80096, "p75": 0.92488, "p80": 0.93492, "p90": 0.95581, "p95": 0.97658}, "hard": {"p5": 0.74446, "p10": 0.79362, "p20": 0.852, "p25": 0.86984, "p75": 0.96953, "p80": 0.97373, "p90": 0.98404, "p95": 0.99272}}}