{"efficiency": {"normal": 0.857974718971977, "hard": 0.8910668666152998}, "luck": {"normal": 0.5566339130988258, "hard": 0.5610353342602863}, "steps": {"normal": [1510, 20575, 137129, 164497, 45584, 6771, 1499], "hard": [115, 7279, 43018, 45471, 9724, 795, 38]}, "unsolvedPenalty": {"normal": 305.0458738681746, "hard": 6.274469808163167}, "average": {"normal": 3.685137779915692, "hard": 3.5632588732601294}, "percentSolvingInThreeOrFewer": {"normal": 0.42168633215472834, "hard": 0.47361894024802703}, "percentiles": {"normal": {"p5": 0.62106, "p10": 0.7012, "p20": 0.79355, "p25": 0.81441, "p75": 0.93577, "p80": 0.94822, "p90": 0.96999, "p95": 0.98884}, "hard": {"p5": 0.72201, "p10": 0.78858, "p20": 0.83635, "p25": 0.85521, "p75": 0.95272, "p80": 0.96071, "p90": 0.97979, "p95": 1}}}