{"efficiency": {"normal": 0.8122666360623277, "hard": 0.8680942848791829}, "luck": {"normal": 0.44935523477324435, "hard": 0.4563638486805719}, "steps": {"normal": [885, 1914, 33957, 120611, 94970, 34527, 6983], "hard": [58, 421, 14221, 31280, 19883, 5333, 646]}, "unsolvedPenalty": {"normal": 424.13505498330915, "hard": 25.37785816902781}, "average": {"normal": 4.493308201393866, "hard": 4.240463487349587}, "percentSolvingInThreeOrFewer": {"normal": 0.1250855036804868, "hard": 0.20461568441858524}, "percentiles": {"normal": {"p5": 0.55885, "p10": 0.62896, "p20": 0.72272, "p25": 0.75283, "p75": 0.91575, "p80": 0.92856, "p90": 0.95807, "p95": 0.98528}, "hard": {"p5": 0.64042, "p10": 0.71467, "p20": 0.8011, "p25": 0.82565, "p75": 0.9472, "p80": 0.95759, "p90": 0.98449, "p95": 1}}}