{"efficiency": {"normal": 0.8637704807590594, "hard": 0.8977373148711466}, "luck": {"normal": 0.5908638506064845, "hard": 0.5697794758520239}, "steps": {"normal": [1344, 21733, 167278, 115915, 61692, 19749, 2546], "hard": [151, 11126, 41444, 35695, 19834, 6347, 482]}, "unsolvedPenalty": {"normal": 303.6603816068702, "hard": 23.991078206047778}, "average": {"normal": 3.729295465248815, "hard": 3.7379972981882537}, "percentSolvingInThreeOrFewer": {"normal": 0.4877683167758682, "hard": 0.45812876371883665}, "percentiles": {"normal": {"p5": 0.61782, "p10": 0.72044, "p20": 0.80167, "p25": 0.82476, "p75": 0.94013, "p80": 0.95042, "p90": 0.97248, "p95": 0.99039}, "hard": {"p5": 0.73234, "p10": 0.78695, "p20": 0.84144, "p25": 0.8605, "p75": 0.95812, "p80": 0.96731, "p90": 0.99204, "p95": 1}}}