{"efficiency": {"normal": 0.8117715237472934, "hard": 0.8684765458819834}, "luck": {"normal": 0.6033406523802791, "hard": 0.606756140497343}, "steps": {"normal": [1217, 15438, 112450, 152628, 61185, 13161, 2021], "hard": [98, 3878, 28906, 35261, 8735, 934, 38]}, "unsolvedPenalty": {"normal": 186.24301049110736, "hard": 0.5}, "average": {"normal": 3.8513801815428406, "hard": 3.66296082209377}, "percentSolvingInThreeOrFewer": {"normal": 0.36052778553476683, "hard": 0.42237636480411045}, "percentiles": {"normal": {"p5": 0.54468, "p10": 0.60688, "p20": 0.70069, "p25": 0.73832, "p75": 0.90828, "p80": 0.92151, "p90": 0.96032, "p95": 0.99546}, "hard": {"p5": 0.62925, "p10": 0.71212, "p20": 0.79655, "p25": 0.82129, "p75": 0.94351, "p80": 0.95493, "p90": 0.99134, "p95": 1}}}