{"efficiency": {"normal": 0.8337767463146997, "hard": 0.8713351708929898}, "luck": {"normal": 0.5110516948062924, "hard": 0.5424604230895085}, "steps": {"normal": [2006, 8128, 79038, 146695, 102926, 46050, 7123], "hard": [104, 3711, 31073, 43537, 26291, 10089, 1054]}, "unsolvedPenalty": {"normal": 938.6659633614531, "hard": 43.19419862437739}, "average": {"normal": 4.29599931107127, "hard": 4.093796720139346}, "percentSolvingInThreeOrFewer": {"normal": 0.22749932392095232, "hard": 0.30112464288488594}, "percentiles": {"normal": {"p5": 0.56771, "p10": 0.66402, "p20": 0.76259, "p25": 0.78981, "p75": 0.91909, "p80": 0.92895, "p90": 0.95346, "p95": 0.97155}, "hard": {"p5": 0.681, "p10": 0.75109, "p20": 0.80971, "p25": 0.8297, "p75": 0.93808, "p80": 0.94813, "p90": 0.97187, "p95": 0.98852}}}