{"efficiency": {"normal": 0.8335491562479266, "hard": 0.87217238436032}, "luck": {"normal": 0.4380396550509728, "hard": 0.4402178819510974}, "steps": {"normal": [2256, 4506, 57518, 189531, 118008, 30727, 6407], "hard": [111, 1394, 21739, 61862, 28262, 5594, 779]}, "unsolvedPenalty": {"normal": 1680.8831221971955, "hard": 155.51912526245783}, "average": {"normal": 4.310710235949356, "hard": 4.142662238709067}, "percentSolvingInThreeOrFewer": {"normal": 0.15718187664597155, "hard": 0.19411897345103182}, "percentiles": {"normal": {"p5": 0.56922, "p10": 0.64333, "p20": 0.74179, "p25": 0.78164, "p75": 0.92301, "p80": 0.93499, "p90": 0.96097, "p95": 0.97725}, "hard": {"p5": 0.6587, "p10": 0.72197, "p20": 0.81449, "p25": 0.83687, "p75": 0.93921, "p80": 0.94841, "p90": 0.9722, "p95": 0.98765}}}