{"efficiency": {"normal": 0.824600710817355, "hard": 0.8661560528342145}, "luck": {"normal": 0.5957438468233419, "hard": 0.60967987170253}, "steps": {"normal": [1072, 13606, 128412, 157507, 58092, 12816, 1866], "hard": [81, 4380, 34344, 30150, 9668, 1776, 109]}, "unsolvedPenalty": {"normal": 315.9497924893081, "hard": 6.482280671545114}, "average": {"normal": 3.814656065394713, "hard": 3.6299309668687774}, "percentSolvingInThreeOrFewer": {"normal": 0.38323811972542055, "hard": 0.4820017886421225}, "percentiles": {"normal": {"p5": 0.58225, "p10": 0.6409, "p20": 0.72791, "p25": 0.75697, "p75": 0.92017, "p80": 0.93167, "p90": 0.96174, "p95": 0.98536}, "hard": {"p5": 0.63912, "p10": 0.70144, "p20": 0.78911, "p25": 0.81346, "p75": 0.94687, "p80": 0.95994, "p90": 0.98804, "p95": 0.99837}}}