{"efficiency": {"normal": 0.8090321461161538, "hard": 0.8579475304297128}, "luck": {"normal": 0.638038683640594, "hard": 0.6089055454678572}, "steps": {"normal": [823, 19054, 135922, 123675, 38357, 6612, 1032], "hard": [62, 5406, 29880, 29928, 8615, 1045, 69]}, "unsolvedPenalty": {"normal": 53.40694973846167, "hard": 1.358903298271068}, "average": {"normal": 3.625874205237694, "hard": 3.600498085504943}, "percentSolvingInThreeOrFewer": {"normal": 0.47868192641523927, "hard": 0.47127524831677886}, "percentiles": {"normal": {"p5": 0.53566, "p10": 0.59705, "p20": 0.69804, "p25": 0.74142, "p75": 0.9129, "p80": 0.92667, "p90": 0.94984, "p95": 0.97648}, "hard": {"p5": 0.60381, "p10": 0.66786, "p20": 0.77887, "p25": 0.80835, "p75": 0.94201, "p80": 0.95549, "p90": 0.97701, "p95": 1}}}