{"efficiency": {"normal": 0.7953522860489427, "hard": 0.8514431862529348}, "luck": {"normal": 0.6492087368257253, "hard": 0.6601400912674718}, "steps": {"normal": [3460, 30950, 157632, 141544, 46764, 9649, 2047], "hard": [395, 10299, 55284, 39368, 9504, 984, 84]}, "unsolvedPenalty": {"normal": 215.97936797941293, "hard": 8.01143449657792}, "average": {"normal": 3.5982792309269302, "hard": 3.436368911079354}, "percentSolvingInThreeOrFewer": {"normal": 0.4898455793452809, "hard": 0.5691782121844753}, "percentiles": {"normal": {"p5": 0.52261, "p10": 0.59408, "p20": 0.69233, "p25": 0.72081, "p75": 0.89323, "p80": 0.90696, "p90": 0.94329, "p95": 0.97626}, "hard": {"p5": 0.60536, "p10": 0.67472, "p20": 0.77573, "p25": 0.79744, "p75": 0.93362, "p80": 0.9451, "p90": 0.97484, "p95": 1}}}