{"efficiency": {"normal": 0.8231654949808286, "hard": 0.8666278284657891}, "luck": {"normal": 0.5432860452372511, "hard": 0.5427483452775416}, "steps": {"normal": [864, 4976, 91357, 168379, 66985, 10427, 1191], "hard": [52, 1113, 23419, 37823, 13902, 1496, 52]}, "unsolvedPenalty": {"normal": 113.59521469915256, "hard": 0.5}, "average": {"normal": 3.964043695910265, "hard": 3.887608050656974}, "percentSolvingInThreeOrFewer": {"normal": 0.28240247080734154, "hard": 0.31575837753830743}, "percentiles": {"normal": {"p5": 0.59632, "p10": 0.66152, "p20": 0.74362, "p25": 0.77001, "p75": 0.90648, "p80": 0.92071, "p90": 0.9439, "p95": 0.96927}, "hard": {"p5": 0.6803, "p10": 0.7378, "p20": 0.79678, "p25": 0.81609, "p75": 0.93697, "p80": 0.94785, "p90": 0.97527, "p95": 0.99246}}}