{"efficiency": {"normal": 0.8109722918109648, "hard": 0.8707473249337615}, "luck": {"normal": 0.5656721021822924, "hard": 0.5568325305372485}, "steps": {"normal": [2460, 11285, 109685, 165586, 79024, 20736, 3459], "hard": [142, 3273, 38560, 52168, 19690, 3072, 161]}, "unsolvedPenalty": {"normal": 491.8436314440937, "hard": 12.532651687846537}, "average": {"normal": 3.9789153023861816, "hard": 3.835968877826934}, "percentSolvingInThreeOrFewer": {"normal": 0.31468379925299883, "hard": 0.3585584200365606}, "percentiles": {"normal": {"p5": 0.53775, "p10": 0.61204, "p20": 0.69929, "p25": 0.73189, "p75": 0.91505, "p80": 0.9276, "p90": 0.95777, "p95": 0.9914}, "hard": {"p5": 0.63894, "p10": 0.70614, "p20": 0.79548, "p25": 0.82476, "p75": 0.94624, "p80": 0.95785, "p90": 0.99512, "p95": 1}}}