{"efficiency": {"normal": 0.8299829427654049, "hard": 0.8976437526860975}, "luck": {"normal": 0.5500547702654529, "hard": 0.5160170752559724}, "steps": {"normal": [1809, 21796, 104504, 131886, 94368, 43435, 9017], "hard": [66, 4109, 26367, 31467, 17883, 6460, 666]}, "unsolvedPenalty": {"normal": 901.7960889487697, "hard": 27.523470775727922}, "average": {"normal": 4.136838110907781, "hard": 3.977539399558433}, "percentSolvingInThreeOrFewer": {"normal": 0.31490726743114195, "hard": 0.35098485370842814}, "percentiles": {"normal": {"p5": 0.5, "p10": 0.58951, "p20": 0.73564, "p25": 0.78411, "p75": 0.93209, "p80": 0.94463, "p90": 0.98404, "p95": 1}, "hard": {"p5": 0.71243, "p10": 0.79297, "p20": 0.84937, "p25": 0.86274, "p75": 0.9561, "p80": 0.96929, "p90": 0.99489, "p95": 1}}}