{"efficiency": {"normal": 0.7838096665116496, "hard": 0.8534896611447836}, "luck": {"normal": 0.43223816605546705, "hard": 0.41781377546846726}, "steps": {"normal": [950, 4708, 31251, 68724, 111400, 96156, 17849], "hard": [62, 829, 6864, 14862, 27154, 24655, 3801]}, "unsolvedPenalty": {"normal": 1298.7185006539678, "hard": 148.48202451525}, "average": {"normal": 4.951675392253017, "hard": 5.013812136788005}, "percentSolvingInThreeOrFewer": {"normal": 0.11149475286825078, "hard": 0.09913456990553134}, "percentiles": {"normal": {"p5": 0.50094, "p10": 0.56737, "p20": 0.65469, "p25": 0.69169, "p75": 0.89562, "p80": 0.90868, "p90": 0.93884, "p95": 0.96157}, "hard": {"p5": 0.59648, "p10": 0.66149, "p20": 0.753, "p25": 0.79268, "p75": 0.94539, "p80": 0.95742, "p90": 0.98121, "p95": 0.99268}}}