{"efficiency": {"normal": 0.841733913740141, "hard": 0.882084402903757}, "luck": {"normal": 0.5399941640016607, "hard": 0.542437077788312}, "steps": {"normal": [867, 14594, 94026, 134278, 82040, 19917, 1964], "hard": [108, 5762, 33239, 43392, 25142, 5195, 247]}, "unsolvedPenalty": {"normal": 179.04787405804097, "hard": 11.377356935256584}, "average": {"normal": 4.006126355027404, "hard": 3.922159237360704}, "percentSolvingInThreeOrFewer": {"normal": 0.3149019517610718, "hard": 0.34583720210461155}, "percentiles": {"normal": {"p5": 0.59602, "p10": 0.67183, "p20": 0.76068, "p25": 0.78596, "p75": 0.92745, "p80": 0.93882, "p90": 0.96992, "p95": 0.99278}, "hard": {"p5": 0.66562, "p10": 0.73936, "p20": 0.81222, "p25": 0.83419, "p75": 0.95909, "p80": 0.97658, "p90": 0.99707, "p95": 1}}}