{"efficiency": {"normal": 0.8310321205167359, "hard": 0.892164099349286}, "luck": {"normal": 0.6350092551354823, "hard": 0.6068278290355476}, "steps": {"normal": [1153, 13161, 161116, 153676, 41698, 7700, 1934], "hard": [83, 3651, 45684, 45907, 8979, 852, 126]}, "unsolvedPenalty": {"normal": 131.6218969612961, "hard": 7.341183969816182}, "average": {"normal": 3.6638995628642808, "hard": 3.5994884328182386}, "percentSolvingInThreeOrFewer": {"normal": 0.46112638590256494, "hard": 0.4693869797306282}, "percentiles": {"normal": {"p5": 0.55581, "p10": 0.61192, "p20": 0.71187, "p25": 0.76164, "p75": 0.93673, "p80": 0.94427, "p90": 0.99482, "p95": 1}, "hard": {"p5": 0.64975, "p10": 0.7402, "p20": 0.8283, "p25": 0.85007, "p75": 0.96628, "p80": 0.98194, "p90": 0.99925, "p95": 1}}}