{"efficiency": {"normal": 0.8419067090166942, "hard": 0.8846117230377398}, "luck": {"normal": 0.5481460554951009, "hard": 0.5457215196416932}, "steps": {"normal": [549, 16768, 94418, 110949, 39588, 7240, 848], "hard": [76, 4744, 26191, 25110, 7902, 1105, 62]}, "unsolvedPenalty": {"normal": 93.54488066276849, "hard": 6.136799174716694}, "average": {"normal": 3.730376331116522, "hard": 3.607257812535277}, "percentSolvingInThreeOrFewer": {"normal": 0.41328229027962715, "hard": 0.4757017947537966}}