{"efficiency": {"normal": 0.7953914363421158, "hard": 0.8864512320930994}, "luck": {"normal": 0.594613822526241, "hard": 0.6030832265788153}, "steps": {"normal": [2567, 14168, 126912, 168102, 63704, 20001, 8239], "hard": [155, 4015, 36491, 44056, 11654, 3864, 1677]}, "unsolvedPenalty": {"normal": 3760.438065196487, "hard": 1043.5041364987803}, "average": {"normal": 3.923789706695921, "hard": 3.8083690255955998}, "percentSolvingInThreeOrFewer": {"normal": 0.3558322784888517, "hard": 0.3989814742130465}, "percentiles": {"normal": {"p5": 0.49134, "p10": 0.56598, "p20": 0.65895, "p25": 0.70138, "p75": 0.90658, "p80": 0.92243, "p90": 0.9598, "p95": 0.9821}, "hard": {"p5": 0.65549, "p10": 0.71981, "p20": 0.82005, "p25": 0.8467, "p75": 0.96103, "p80": 0.97026, "p90": 0.99782, "p95": 1}}}