{"efficiency": {"normal": 0.8707992186248691, "hard": 0.9173704967556365}, "luck": {"normal": 0.605643736468014, "hard": 0.5866401423804809}, "steps": {"normal": [904, 19834, 126038, 124762, 70166, 12530, 844], "hard": [166, 8796, 31880, 44969, 19605, 2354, 106]}, "unsolvedPenalty": {"normal": 49.23249694696518, "hard": 5.009698929832128}, "average": {"normal": 3.801140122724999, "hard": 3.7651563804639574}, "percentSolvingInThreeOrFewer": {"normal": 0.413362697773447, "hard": 0.37860135711372317}, "percentiles": {"normal": {"p5": 0.65927, "p10": 0.73394, "p20": 0.80798, "p25": 0.82986, "p75": 0.9416, "p80": 0.95025, "p90": 0.97572, "p95": 0.99469}, "hard": {"p5": 0.74926, "p10": 0.81828, "p20": 0.86909, "p25": 0.88682, "p75": 0.97277, "p80": 0.98023, "p90": 0.99901, "p95": 1}}}