{"efficiency": {"normal": 0.8059394001218473, "hard": 0.8728894274230228}, "luck": {"normal": 0.5758532855739072, "hard": 0.5636613471929949}, "steps": {"normal": [1515, 21254, 113436, 121759, 48950, 12000, 1634], "hard": [287, 6095, 24993, 28197, 12457, 2845, 254]}, "unsolvedPenalty": {"normal": 333.19628000030133, "hard": 37.94008993046198}, "average": {"normal": 3.743240314336699, "hard": 3.7458063583474934}, "percentSolvingInThreeOrFewer": {"normal": 0.4249129615533399, "hard": 0.4176205941859227}, "percentiles": {"normal": {"p5": 0.5798, "p10": 0.62867, "p20": 0.70192, "p25": 0.73082, "p75": 0.89823, "p80": 0.91139, "p90": 0.94887, "p95": 0.97288}, "hard": {"p5": 0.70647, "p10": 0.74788, "p20": 0.80674, "p25": 0.82775, "p75": 0.93917, "p80": 0.95078, "p90": 0.97531, "p95": 0.9962}}}