{"efficiency": {"normal": 0.8065154437969513, "hard": 0.8571320446746018}, "luck": {"normal": 0.6223679749277784, "hard": 0.6112805073841219}, "steps": {"normal": [1976, 17339, 149613, 178904, 60030, 9108, 1178], "hard": [252, 6791, 41867, 52390, 13862, 1057, 43]}, "unsolvedPenalty": {"normal": 84.3744821083061, "hard": 4.821429218914309}, "average": {"normal": 3.7408701571742737, "hard": 3.6551308374982274}, "percentSolvingInThreeOrFewer": {"normal": 0.4039909314405426, "hard": 0.42068775696272215}, "percentiles": {"normal": {"p5": 0.5163, "p10": 0.58883, "p20": 0.67744, "p25": 0.71762, "p75": 0.9165, "p80": 0.92973, "p90": 0.96325, "p95": 0.99921}, "hard": {"p5": 0.60131, "p10": 0.66228, "p20": 0.76955, "p25": 0.80463, "p75": 0.94336, "p80": 0.95743, "p90": 0.99099, "p95": 1}}}