{"efficiency": {"normal": 0.8182566292197908, "hard": 0.8955482510657556}, "luck": {"normal": 0.6233650366763436, "hard": 0.6181827082959847}, "steps": {"normal": [6472, 35437, 174322, 137549, 46687, 14154, 3215], "hard": [734, 10936, 47230, 36786, 12211, 3350, 418]}, "unsolvedPenalty": {"normal": 713.591053626727, "hard": 53.77922924281323}, "average": {"normal": 3.5709838095655395, "hard": 3.542513582852665}, "percentSolvingInThreeOrFewer": {"normal": 0.5175020821566356, "hard": 0.5274705592620785}, "percentiles": {"normal": {"p5": 0.56084, "p10": 0.63494, "p20": 0.71725, "p25": 0.75467, "p75": 0.9095, "p80": 0.92554, "p90": 0.96051, "p95": 0.98584}, "hard": {"p5": 0.70761, "p10": 0.78357, "p20": 0.84265, "p25": 0.86115, "p75": 0.95699, "p80": 0.96623, "p90": 0.99297, "p95": 1}}}