{"efficiency": {"normal": 0.8352349377359766, "hard": 0.8663172927804628}, "luck": {"normal": 0.5145846998073724, "hard": 0.5188199174488518}, "steps": {"normal": [449, 2704, 68131, 154165, 69278, 12981, 1453], "hard": [47, 686, 17035, 39384, 14858, 2088, 157]}, "unsolvedPenalty": {"normal": 191.41081969094, "hard": 18.460777009486552}, "average": {"normal": 4.080554826836797, "hard": 4.013136634260447}, "percentSolvingInThreeOrFewer": {"normal": 0.23057242019530277, "hard": 0.23928354992929768}}