{"efficiency": {"normal": 0.8460004609465914, "hard": 0.9166077565330121}, "luck": {"normal": 0.7229427466118336, "hard": 0.737124064924847}, "steps": {"normal": [5422, 113327, 216463, 98492, 27601, 7632, 2091], "hard": [680, 27584, 44466, 15150, 3654, 768, 113]}, "unsolvedPenalty": {"normal": 365.10140635611685, "hard": 16.893339253680534}, "average": {"normal": 3.1298184001935256, "hard": 2.959821385481293}, "percentSolvingInThreeOrFewer": {"normal": 0.7116604533063852, "hard": 0.786993453443705}, "percentiles": {"normal": {"p5": 0.51551, "p10": 0.62034, "p20": 0.72706, "p25": 0.75, "p75": 0.99464, "p80": 1, "p90": 1, "p95": 1}, "hard": {"p5": 0.70569, "p10": 0.75801, "p20": 0.8329, "p25": 0.86691, "p75": 1, "p80": 1, "p90": 1, "p95": 1}}}