{"efficiency": {"normal": 0.7581733966308047, "hard": 0.8426109883768648}, "luck": {"normal": 0.5868389597748085, "hard": 0.550875026120165}, "steps": {"normal": [1950, 7790, 99338, 123987, 92075, 55637, 17172], "hard": [79, 2412, 24358, 21703, 19470, 14797, 3126]}, "unsolvedPenalty": {"normal": 1165.6958169794073, "hard": 104.92015385981385}, "average": {"normal": 4.339899574611268, "hard": 4.338913492976436}, "percentSolvingInThreeOrFewer": {"normal": 0.2741004500576707, "hard": 0.3123974634940951}, "percentiles": {"normal": {"p5": 0.44079, "p10": 0.51261, "p20": 0.60489, "p25": 0.64192, "p75": 0.89429, "p80": 0.9097, "p90": 0.94588, "p95": 0.9699}, "hard": {"p5": 0.58873, "p10": 0.65316, "p20": 0.73275, "p25": 0.76865, "p75": 0.9382, "p80": 0.94733, "p90": 0.97286, "p95": 0.9954}}}