{"efficiency": {"normal": 0.8169705159926097, "hard": 0.8856846757248199}, "luck": {"normal": 0.5507084540221685, "hard": 0.5409706764121243}, "steps": {"normal": [1086, 22221, 106002, 124163, 68125, 23986, 4320], "hard": [119, 10192, 25980, 25825, 14020, 4635, 702]}, "unsolvedPenalty": {"normal": 1088.0988227583086, "hard": 187.60214253691527}, "average": {"normal": 3.9326759096742765, "hard": 3.740559475440169}, "percentSolvingInThreeOrFewer": {"normal": 0.369556705715584, "hard": 0.4454359112834927}, "percentiles": {"normal": {"p5": 0.53166, "p10": 0.60787, "p20": 0.71913, "p25": 0.75538, "p75": 0.91655, "p80": 0.92832, "p90": 0.95524, "p95": 0.97936}, "hard": {"p5": 0.6589, "p10": 0.73297, "p20": 0.81977, "p25": 0.84129, "p75": 0.96309, "p80": 0.97414, "p90": 0.99066, "p95": 1}}}