{"efficiency": {"normal": 0.865371185162405, "hard": 0.9099700750244238}, "luck": {"normal": 0.612699036101283, "hard": 0.5902049359093963}, "steps": {"normal": [1838, 41487, 200073, 135404, 24647, 3784, 918], "hard": [177, 10637, 43912, 28031, 3025, 173, 13]}, "unsolvedPenalty": {"normal": 104.18236267533585, "hard": 4.323095418732299}, "average": {"normal": 3.3789361838208785, "hard": 3.275280605520877}, "percentSolvingInThreeOrFewer": {"normal": 0.5963430201077542, "hard": 0.6365857063093244}, "percentiles": {"normal": {"p5": 0.60522, "p10": 0.69562, "p20": 0.79415, "p25": 0.82273, "p75": 0.9465, "p80": 0.95874, "p90": 0.98445, "p95": 1}, "hard": {"p5": 0.72438, "p10": 0.79732, "p20": 0.85512, "p25": 0.87489, "p75": 0.97442, "p80": 0.98992, "p90": 1, "p95": 1}}}