{"efficiency": {"normal": 0.846451274347929, "hard": 0.8891847307554019}, "luck": {"normal": 0.6098840491633231, "hard": 0.6312103595114772}, "steps": {"normal": [1733, 15504, 147119, 151075, 58755, 15258, 2462], "hard": [138, 3293, 38076, 30336, 9188, 2228, 267]}, "unsolvedPenalty": {"normal": 181.91001591189607, "hard": 7.848643043578959}, "average": {"normal": 3.779316749465208, "hard": 3.6333698326634054}, "percentSolvingInThreeOrFewer": {"normal": 0.4193760748750976, "hard": 0.49693508608098075}, "percentiles": {"normal": {"p5": 0.58978, "p10": 0.66332, "p20": 0.75666, "p25": 0.7866, "p75": 0.93353, "p80": 0.94527, "p90": 0.99775, "p95": 1}, "hard": {"p5": 0.66047, "p10": 0.74411, "p20": 0.82358, "p25": 0.84121, "p75": 0.96152, "p80": 0.97435, "p90": 0.99894, "p95": 1}}}