{"efficiency": {"normal": 0.8601012689872648, "hard": 0.9138054619686147}, "luck": {"normal": 0.4744212302506152, "hard": 0.45499952351669853}, "steps": {"normal": [1089, 4881, 70552, 158428, 174572, 36598, 3303], "hard": [92, 1402, 25901, 49098, 54891, 8172, 291]}, "unsolvedPenalty": {"normal": 390.3742073798972, "hard": 6.91430999006479}, "average": {"normal": 4.3882453150092005, "hard": 4.308436464922308}, "percentSolvingInThreeOrFewer": {"normal": 0.17026720928835418, "hard": 0.1958926541148541}, "percentiles": {"normal": {"p5": 0.6344, "p10": 0.70709, "p20": 0.78806, "p25": 0.81308, "p75": 0.93861, "p80": 0.94891, "p90": 0.97765, "p95": 0.98974}, "hard": {"p5": 0.74608, "p10": 0.81014, "p20": 0.8651, "p25": 0.88213, "p75": 0.97064, "p80": 0.97866, "p90": 0.99217, "p95": 0.99981}}}