{"efficiency": {"normal": 0.7980748574910926, "hard": 0.8453745073864646}, "luck": {"normal": 0.5782799828409493, "hard": 0.5872228347670964}, "steps": {"normal": [23, 24701, 156911, 157010, 57937, 13302, 2704], "hard": [4, 7465, 34716, 30027, 10003, 1891, 159]}, "unsolvedPenalty": {"normal": 471.22789903147293, "hard": 6.892232770661678}, "average": {"normal": 3.7254942652210716, "hard": 3.580026015935094}, "percentSolvingInThreeOrFewer": {"normal": 0.4402333562779334, "hard": 0.5006230344745742}, "percentiles": {"normal": {"p5": 0.52102, "p10": 0.60382, "p20": 0.70447, "p25": 0.73289, "p75": 0.8931, "p80": 0.90896, "p90": 0.9408, "p95": 0.9692}, "hard": {"p5": 0.57227, "p10": 0.69216, "p20": 0.75384, "p25": 0.77835, "p75": 0.93068, "p80": 0.94355, "p90": 0.97175, "p95": 0.98945}}}