{"efficiency": {"normal": 0.8213507722645719, "hard": 0.8741946011303198}, "luck": {"normal": 0.5836408013765721, "hard": 0.5720743839344373}, "steps": {"normal": [1098, 13951, 140942, 147769, 45016, 8053, 1434], "hard": [111, 3994, 39039, 30726, 6666, 644, 33]}, "unsolvedPenalty": {"normal": 141.2358072099373, "hard": 2.1828821867611605}, "average": {"normal": 3.7025292475282403, "hard": 3.516028011305909}, "percentSolvingInThreeOrFewer": {"normal": 0.43540918263956924, "hard": 0.5312449977220396}, "percentiles": {"normal": {"p5": 0.55866, "p10": 0.6167, "p20": 0.71402, "p25": 0.75256, "p75": 0.91919, "p80": 0.93122, "p90": 0.96132, "p95": 0.99292}, "hard": {"p5": 0.63947, "p10": 0.71415, "p20": 0.79881, "p25": 0.82967, "p75": 0.95088, "p80": 0.96425, "p90": 0.99533, "p95": 1}}}