{"efficiency": {"normal": 0.8170660677010189, "hard": 0.8586496145637017}, "luck": {"normal": 0.41136416536573056, "hard": 0.40311388024530115}, "steps": {"normal": [482, 1002, 12070, 88414, 123000, 48598, 7637], "hard": [68, 285, 4839, 31703, 48111, 16683, 1847]}, "unsolvedPenalty": {"normal": 320.5800308471852, "hard": 52.33032571661255}, "average": {"normal": 4.8104735014592555, "hard": 4.786753692683865}, "percentSolvingInThreeOrFewer": {"normal": 0.048200054764707345, "hard": 0.05014680883943749}, "percentiles": {"normal": {"p5": 0.5467, "p10": 0.63392, "p20": 0.72052, "p25": 0.75053, "p75": 0.9125, "p80": 0.92423, "p90": 0.95423, "p95": 0.97214}, "hard": {"p5": 0.66025, "p10": 0.72317, "p20": 0.80143, "p25": 0.81756, "p75": 0.94026, "p80": 0.94943, "p90": 0.97478, "p95": 0.99328}}}