{"efficiency": {"normal": 0.8005851074289313, "hard": 0.8560950910017427}, "luck": {"normal": 0.557905841856558, "hard": 0.5461017832549272}, "steps": {"normal": [1086, 6873, 87627, 153329, 79906, 20273, 4237], "hard": [58, 2197, 23972, 48988, 20477, 3946, 412]}, "unsolvedPenalty": {"normal": 177.04398893316636, "hard": 10.198994259496095}, "average": {"normal": 4.081252547862863, "hard": 4.010746616634278}, "percentSolvingInThreeOrFewer": {"normal": 0.27052820160133134, "hard": 0.26213893053473264}, "percentiles": {"normal": {"p5": 0.5, "p10": 0.57993, "p20": 0.65214, "p25": 0.69132, "p75": 0.92327, "p80": 0.93648, "p90": 0.97633, "p95": 1}, "hard": {"p5": 0.59993, "p10": 0.64928, "p20": 0.74344, "p25": 0.78498, "p75": 0.95973, "p80": 0.97164, "p90": 0.98689, "p95": 1}}}