{"efficiency": {"normal": 0.8099562681567144, "hard": 0.8640312656498694}, "luck": {"normal": 0.5733874714534832, "hard": 0.577291212103123}, "steps": {"normal": [2657, 10865, 124663, 166449, 64364, 15390, 3135], "hard": [164, 4242, 45116, 52063, 13949, 1463, 94]}, "unsolvedPenalty": {"normal": 256.1266819836119, "hard": 9.28992052835107}, "average": {"normal": 3.8721137240421437, "hard": 3.6846409196311276}, "percentSolvingInThreeOrFewer": {"normal": 0.35658528655073374, "hard": 0.42293600703726164}, "percentiles": {"normal": {"p5": 0.53739, "p10": 0.60227, "p20": 0.69359, "p25": 0.7351, "p75": 0.91434, "p80": 0.92782, "p90": 0.95916, "p95": 0.97885}, "hard": {"p5": 0.63796, "p10": 0.70692, "p20": 0.7921, "p25": 0.81649, "p75": 0.94164, "p80": 0.9531, "p90": 0.97978, "p95": 0.9982}}}