{"efficiency": {"normal": 0.7758533216695119, "hard": 0.8175121380192596}, "luck": {"normal": 0.5545885673717728, "hard": 0.5396540584393764}, "steps": {"normal": [966, 12555, 72990, 128963, 82273, 20924, 2828], "hard": [75, 2542, 16795, 33881, 17470, 3270, 231]}, "unsolvedPenalty": {"normal": 314.3376728285711, "hard": 23.841402140034297}, "average": {"normal": 4.099289072976365, "hard": 4.035317804079232}, "percentSolvingInThreeOrFewer": {"normal": 0.26908637351904674, "hard": 0.2613917914467306}, "percentiles": {"normal": {"p5": 0.52091, "p10": 0.59462, "p20": 0.66502, "p25": 0.6912, "p75": 0.88067, "p80": 0.89669, "p90": 0.93488, "p95": 0.96058}, "hard": {"p5": 0.5867, "p10": 0.6458, "p20": 0.71327, "p25": 0.7398, "p75": 0.91503, "p80": 0.92665, "p90": 0.95818, "p95": 0.98547}}}