{"efficiency": {"normal": 0.794130074200027, "hard": 0.873926895429531}, "luck": {"normal": 0.5382610595056002, "hard": 0.5404603180984866}, "steps": {"normal": [320, 3521, 46262, 105590, 73034, 22435, 2867], "hard": [48, 2287, 15524, 29862, 12476, 2250, 231]}, "unsolvedPenalty": {"normal": 85.59044774550918, "hard": 8.5}, "average": {"normal": 4.284717848937505, "hard": 3.9590845272663455}, "percentSolvingInThreeOrFewer": {"normal": 0.1972333867393093, "hard": 0.28493251220523946}}