{"efficiency": {"normal": 0.7946809375729675, "hard": 0.8563702089751413}, "luck": {"normal": 0.4318765836051683, "hard": 0.407080025671498}, "steps": {"normal": [1550, 3587, 47861, 163863, 113552, 38702, 12508], "hard": [124, 845, 11745, 53759, 36544, 6995, 981]}, "unsolvedPenalty": {"normal": 451.92357224340134, "hard": 23.694113179496618}, "average": {"normal": 4.443492461335516, "hard": 4.357623400693553}, "percentSolvingInThreeOrFewer": {"normal": 0.13887527743348801, "hard": 0.11454776427342264}, "percentiles": {"normal": {"p5": 0.51502, "p10": 0.59367, "p20": 0.68363, "p25": 0.71311, "p75": 0.9033, "p80": 0.91639, "p90": 0.94284, "p95": 0.96558}, "hard": {"p5": 0.63734, "p10": 0.70003, "p20": 0.77874, "p25": 0.80616, "p75": 0.93602, "p80": 0.94637, "p90": 0.97137, "p95": 0.98019}}}