{"efficiency": {"normal": 0.8246084145324444, "hard": 0.8698407742923603}, "luck": {"normal": 0.677206626476865, "hard": 0.6839196879321057}, "steps": {"normal": [3501, 66134, 188606, 124154, 38155, 8394, 2171], "hard": [368, 17053, 40718, 22231, 5499, 854, 48]}, "unsolvedPenalty": {"normal": 293.1066469392424, "hard": 7.641829119075854}, "average": {"normal": 3.3745801158552573, "hard": 3.2097664176870047}, "percentSolvingInThreeOrFewer": {"normal": 0.5990072254502858, "hard": 0.6700280047481302}, "percentiles": {"normal": {"p5": 0.57218, "p10": 0.64294, "p20": 0.73049, "p25": 0.74578, "p75": 0.92602, "p80": 0.93494, "p90": 0.97101, "p95": 0.99999}, "hard": {"p5": 0.64024, "p10": 0.702, "p20": 0.79373, "p25": 0.82071, "p75": 0.9536, "p80": 0.96913, "p90": 1, "p95": 1}}}