{"efficiency": {"normal": 0.7781754099817781, "hard": 0.8170872124050411}, "luck": {"normal": 0.6284905758958645, "hard": 0.6257567825677232}, "steps": {"normal": [3608, 19544, 141222, 135156, 62162, 20143, 5334], "hard": [462, 5687, 44144, 42888, 19473, 5271, 1014]}, "unsolvedPenalty": {"normal": 104.5516475667416, "hard": 6.473413622732721}, "average": {"normal": 3.812538069028168, "hard": 3.7995566922003943}, "percentSolvingInThreeOrFewer": {"normal": 0.42455361870397684, "hard": 0.42284700560791666}, "percentiles": {"normal": {"p5": 0.43282, "p10": 0.5, "p20": 0.60968, "p25": 0.63531, "p75": 0.93622, "p80": 0.95109, "p90": 0.98124, "p95": 0.99738}, "hard": {"p5": 0.47013, "p10": 0.5699, "p20": 0.64516, "p25": 0.68694, "p75": 0.9477, "p80": 0.9603, "p90": 0.98221, "p95": 0.99932}}}