{"efficiency": {"normal": 0.7725904746092354, "hard": 0.8279707954765391}, "luck": {"normal": 0.6233524903734933, "hard": 0.607943588068431}, "steps": {"normal": [2316, 15768, 143337, 145249, 63906, 21929, 5605], "hard": [87, 4145, 31370, 30555, 12057, 3654, 633]}, "unsolvedPenalty": {"normal": 302.0781939332443, "hard": 1.7411403357725568}, "average": {"normal": 3.8569743995225774, "hard": 3.773878391053876}, "percentSolvingInThreeOrFewer": {"normal": 0.4054683378965612, "hard": 0.43153416322226396}, "percentiles": {"normal": {"p5": 0.46421, "p10": 0.53387, "p20": 0.62356, "p25": 0.66077, "p75": 0.90353, "p80": 0.9197, "p90": 0.95411, "p95": 0.98385}, "hard": {"p5": 0.54151, "p10": 0.62301, "p20": 0.71634, "p25": 0.75151, "p75": 0.94122, "p80": 0.95545, "p90": 0.97792, "p95": 1}}}