{"efficiency": {"normal": 0.7580913401116717, "hard": 0.8374098773948973}, "luck": {"normal": 0.7013661927811914, "hard": 0.678031712947807}, "steps": {"normal": [2170, 17033, 170456, 146656, 48870, 12794, 3389], "hard": [121, 7966, 58244, 41869, 9623, 1198, 138]}, "unsolvedPenalty": {"normal": 166.9539136305323, "hard": 5.520042082269239}, "average": {"normal": 3.6854755583744354, "hard": 3.478843562316588}, "percentSolvingInThreeOrFewer": {"normal": 0.47253144246676365, "hard": 0.5566595892882619}, "percentiles": {"normal": {"p5": 0.4459, "p10": 0.50346, "p20": 0.59024, "p25": 0.62058, "p75": 0.90904, "p80": 0.92428, "p90": 0.96792, "p95": 0.9989}, "hard": {"p5": 0.56578, "p10": 0.62182, "p20": 0.69315, "p25": 0.73733, "p75": 0.94597, "p80": 0.96446, "p90": 0.99898, "p95": 1}}}