{"efficiency": {"normal": 0.7368822379881184, "hard": 0.9020451705846012}, "luck": {"normal": 0.6101495422952984, "hard": 0.6229828730237499}, "steps": {"normal": [1325, 40709, 84747, 70533, 53345, 48840, 32144], "hard": [87, 10126, 21405, 15500, 9087, 11387, 9309]}, "unsolvedPenalty": {"normal": 5034.724315983514, "hard": 2245.792551006367}, "average": {"normal": 4.248314375144307, "hard": 4.261580376731205}, "percentSolvingInThreeOrFewer": {"normal": 0.3822815497387251, "hard": 0.4111520006241791}, "percentiles": {"normal": {"p5": 0.5043, "p10": 0.5711, "p20": 0.60314, "p25": 0.61887, "p75": 0.87059, "p80": 0.89402, "p90": 0.95551, "p95": 0.99618}, "hard": {"p5": 0.74454, "p10": 0.80324, "p20": 0.823, "p25": 0.83379, "p75": 0.97507, "p80": 0.98542, "p90": 0.99887, "p95": 1}}}