{"efficiency": {"normal": 0.8144135168406476, "hard": 0.8575116215138894}, "luck": {"normal": 0.663039640105845, "hard": 0.6795996799955002}, "steps": {"normal": [2303, 45625, 187833, 139744, 35157, 7361, 1849], "hard": [174, 19287, 59435, 35853, 7272, 754, 66]}, "unsolvedPenalty": {"normal": 217.139656375381, "hard": 4.804397647609845}, "average": {"normal": 3.451383134994416, "hard": 3.2710235540059722}, "percentSolvingInThreeOrFewer": {"normal": 0.5615068401798643, "hard": 0.642261134311834}, "percentiles": {"normal": {"p5": 0.57315, "p10": 0.6331, "p20": 0.71651, "p25": 0.75154, "p75": 0.91235, "p80": 0.92283, "p90": 0.95303, "p95": 0.97575}, "hard": {"p5": 0.63852, "p10": 0.69945, "p20": 0.7775, "p25": 0.79845, "p75": 0.9416, "p80": 0.9543, "p90": 0.97644, "p95": 1}}}