{"efficiency": {"normal": 0.7810470601492806, "hard": 0.7966632602464672}, "luck": {"normal": 0.598898531643913, "hard": 0.6362072124051217}, "steps": {"normal": [379, 5694, 89216, 112727, 53371, 16234, 2780], "hard": [50, 5942, 23073, 23688, 10951, 3423, 553]}, "unsolvedPenalty": {"normal": 75.01861592908902, "hard": 5.504849464916064}, "average": {"normal": 3.973299020388405, "hard": 3.7688313364282644}, "percentSolvingInThreeOrFewer": {"normal": 0.33983117035959215, "hard": 0.42944739952718675}}