{"efficiency": {"normal": 0.8313006006212593, "hard": 0.9165542662493671}, "luck": {"normal": 0.5618893203436706, "hard": 0.5643347587242393}, "steps": {"normal": [1611, 17143, 108455, 121705, 71841, 26918, 4192], "hard": [145, 6787, 24685, 25257, 15539, 5720, 469]}, "unsolvedPenalty": {"normal": 665.9658427217006, "hard": 27.241140335772556}, "average": {"normal": 3.975402401042223, "hard": 3.869204869346019}, "percentSolvingInThreeOrFewer": {"normal": 0.3615278586958066, "hard": 0.40224167323986665}, "percentiles": {"normal": {"p5": 0.58695, "p10": 0.66275, "p20": 0.74894, "p25": 0.77874, "p75": 0.91342, "p80": 0.92799, "p90": 0.96561, "p95": 0.9843}, "hard": {"p5": 0.76164, "p10": 0.79796, "p20": 0.87011, "p25": 0.88344, "p75": 0.97348, "p80": 0.98237, "p90": 0.99736, "p95": 0.99967}}}