{"efficiency": {"normal": 0.8582533730169836, "hard": 0.8998308108895204}, "luck": {"normal": 0.5621818011506954, "hard": 0.5635298482711294}, "steps": {"normal": [1462, 22501, 178705, 143907, 50113, 11889, 1993], "hard": [174, 8514, 53661, 34613, 10610, 2100, 192]}, "unsolvedPenalty": {"normal": 442.3099692656944, "hard": 23.20570167886278}, "average": {"normal": 3.6400596974188706, "hard": 3.4920829908038926}, "percentSolvingInThreeOrFewer": {"normal": 0.4936259346761819, "hard": 0.5675107405519552}, "percentiles": {"normal": {"p5": 0.615, "p10": 0.7052, "p20": 0.78572, "p25": 0.8166, "p75": 0.9377, "p80": 0.95015, "p90": 0.97255, "p95": 0.9878}, "hard": {"p5": 0.75712, "p10": 0.79772, "p20": 0.84297, "p25": 0.85711, "p75": 0.95867, "p80": 0.9688, "p90": 0.98806, "p95": 1}}}