{"efficiency": {"normal": 0.8105408200516652, "hard": 0.8753733085628698}, "luck": {"normal": 0.6625762065490505, "hard": 0.6277605819701245}, "steps": {"normal": [1918, 23595, 180849, 134591, 41424, 9080, 1676], "hard": [173, 7485, 58608, 41058, 13267, 2154, 247]}, "unsolvedPenalty": {"normal": 291.5979676000819, "hard": 57.1458026974071}, "average": {"normal": 3.57040136027146, "hard": 3.5469310670832037}, "percentSolvingInThreeOrFewer": {"normal": 0.5249165040838597, "hard": 0.5387830102770912}, "percentiles": {"normal": {"p5": 0.50082, "p10": 0.5929, "p20": 0.68865, "p25": 0.7309, "p75": 0.92259, "p80": 0.9328, "p90": 0.96935, "p95": 1}, "hard": {"p5": 0.63096, "p10": 0.71611, "p20": 0.79865, "p25": 0.82856, "p75": 0.9519, "p80": 0.96582, "p90": 0.99018, "p95": 1}}}