{"efficiency": {"normal": 0.8386360304192797, "hard": 0.8862078642435043}, "luck": {"normal": 0.5162298299176123, "hard": 0.5125542142534142}, "steps": {"normal": [2182, 7488, 104655, 206137, 114760, 27563, 3664], "hard": [158, 2440, 37840, 66053, 30754, 4231, 157]}, "unsolvedPenalty": {"normal": 514.6188106438108, "hard": 9.954932645462556}, "average": {"normal": 4.1183743963662565, "hard": 3.9753091082773464}, "percentSolvingInThreeOrFewer": {"normal": 0.24509646285017225, "hard": 0.2855125571018054}, "percentiles": {"normal": {"p5": 0.58145, "p10": 0.65852, "p20": 0.75, "p25": 0.78079, "p75": 0.93091, "p80": 0.9434, "p90": 0.96924, "p95": 0.984}, "hard": {"p5": 0.71172, "p10": 0.77166, "p20": 0.82907, "p25": 0.84706, "p75": 0.95025, "p80": 0.95832, "p90": 0.97692, "p95": 0.99794}}}