{"efficiency": {"normal": 0.8569442160882239, "hard": 0.9022683652395175}, "luck": {"normal": 0.516045291274958, "hard": 0.5087442234638495}, "steps": {"normal": [1279, 10534, 115487, 158657, 58917, 11213, 1687], "hard": [100, 2491, 28879, 36118, 10921, 1571, 98]}, "unsolvedPenalty": {"normal": 319.257278852804, "hard": 5.32861998012958}, "average": {"normal": 3.8499926134343267, "hard": 3.7530660358200523}, "percentSolvingInThreeOrFewer": {"normal": 0.35581121042893, "hard": 0.39250168375364813}, "percentiles": {"normal": {"p5": 0.63324, "p10": 0.7173, "p20": 0.79126, "p25": 0.81137, "p75": 0.93009, "p80": 0.94298, "p90": 0.97953, "p95": 0.99549}, "hard": {"p5": 0.75071, "p10": 0.80449, "p20": 0.85012, "p25": 0.8667, "p75": 0.96192, "p80": 0.97356, "p90": 0.99568, "p95": 1}}}