{"efficiency": {"normal": 0.8599402015039439, "hard": 0.898697450618439}, "luck": {"normal": 0.5064133143353297, "hard": 0.48168883292523673}, "steps": {"normal": [1095, 6261, 83989, 164503, 84031, 13982, 1608], "hard": [70, 1370, 18229, 37797, 19024, 3017, 128]}, "unsolvedPenalty": {"normal": 252.6135800341455, "hard": 4}, "average": {"normal": 4.048599494133199, "hard": 4.053581967727758}, "percentSolvingInThreeOrFewer": {"normal": 0.25697036872413626, "hard": 0.2469893890877127}, "percentiles": {"normal": {"p5": 0.63575, "p10": 0.7134, "p20": 0.7918, "p25": 0.81481, "p75": 0.93723, "p80": 0.94554, "p90": 0.96906, "p95": 0.98213}, "hard": {"p5": 0.74351, "p10": 0.79884, "p20": 0.85087, "p25": 0.86546, "p75": 0.954, "p80": 0.96181, "p90": 0.98021, "p95": 0.99033}}}