{"efficiency":{"normal":0.8453532477388862,"hard":0.8922999324509369},"luck":{"normal":0.44946668463979444,"hard":0.4397499549044111},"steps":{"normal":[436,1327,41776,133081,86910,26270,2853],"hard":[38,485,16317,51678,29437,7469,571]},"unsolvedPenalty":{"normal":202.3029045925259,"hard":29.582324305588735},"average":{"normal":4.350152921393571,"hard":4.270923933433705},"percentSolvingInThreeOrFewer":{"normal":0.14877346208649833,"hard":0.1588754186518232},"percentiles":{"normal":{"p5":0.57401,"p10":0.64935,"p20":0.73201,"p25":0.7646,"p75":0.91548,"p80":0.92423,"p90":0.95041,"p95":0.96726},"hard":{"p5":0.65966,"p10":0.72585,"p20":0.81042,"p25":0.83508,"p75":0.93833,"p80":0.94749,"p90":0.96698,"p95":0.98472}}}