{"efficiency": {"normal": 0.7792216442302498, "hard": 0.8477576796098312}, "luck": {"normal": 0.6347244650529619, "hard": 0.5988441570253099}, "steps": {"normal": [1552, 8270, 125264, 169979, 63537, 14458, 2304], "hard": [86, 2025, 28630, 38727, 10814, 1619, 119]}, "unsolvedPenalty": {"normal": 85.43285603638023, "hard": 0.7411403357725568}, "average": {"normal": 3.8780125617754546, "hard": 3.774100721047742}, "percentSolvingInThreeOrFewer": {"normal": 0.35054130640122066, "hard": 0.37479882955376737}, "percentiles": {"normal": {"p5": 0.47268, "p10": 0.55592, "p20": 0.6194, "p25": 0.6367, "p75": 0.92602, "p80": 0.9359, "p90": 0.95733, "p95": 0.98175}, "hard": {"p5": 0.58381, "p10": 0.63645, "p20": 0.70627, "p25": 0.75461, "p75": 0.9576, "p80": 0.96364, "p90": 0.98482, "p95": 0.99812}}}