{"efficiency": {"normal": 0.8556627993112831, "hard": 0.9199201530509586}, "luck": {"normal": 0.6319905965314888, "hard": 0.6029425652763758}, "steps": {"normal": [2187, 75697, 143062, 112788, 62971, 24795, 4192], "hard": [294, 16997, 45355, 34821, 22163, 7883, 939]}, "unsolvedPenalty": {"normal": 715.337864672862, "hard": 81.20570167886278}, "average": {"normal": 3.5885178435692304, "hard": 3.6932410994120675}, "percentSolvingInThreeOrFewer": {"normal": 0.5190278417259427, "hard": 0.48769968548562886}, "percentiles": {"normal": {"p5": 0.59842, "p10": 0.6885, "p20": 0.77421, "p25": 0.80143, "p75": 0.94418, "p80": 0.9629, "p90": 1, "p95": 1}, "hard": {"p5": 0.77196, "p10": 0.81397, "p20": 0.86615, "p25": 0.88676, "p75": 0.98001, "p80": 0.9897, "p90": 1, "p95": 1}}}