{"efficiency": {"normal": 0.8289961722792748, "hard": 0.8717688314613201}, "luck": {"normal": 0.6245775506582639, "hard": 0.6136463055184521}, "steps": {"normal": [2321, 30734, 167635, 136798, 47112, 13600, 4246], "hard": [200, 12074, 49569, 36625, 11906, 3408, 792]}, "unsolvedPenalty": {"normal": 1031.9746502245598, "hard": 161.20640222823874}, "average": {"normal": 3.632288492493961, "hard": 3.536912444378552}, "percentSolvingInThreeOrFewer": {"normal": 0.49867559871386474, "hard": 0.5397646935604936}, "percentiles": {"normal": {"p5": 0.56551, "p10": 0.63247, "p20": 0.73762, "p25": 0.76029, "p75": 0.92546, "p80": 0.93674, "p90": 0.96593, "p95": 1}, "hard": {"p5": 0.67155, "p10": 0.74525, "p20": 0.79976, "p25": 0.82272, "p75": 0.94667, "p80": 0.95738, "p90": 0.99435, "p95": 1}}}