{"efficiency": {"normal": 0.8575687093986886, "hard": 0.8962591598986496}, "luck": {"normal": 0.5657303423312073, "hard": 0.5415623444745711}, "steps": {"normal": [1980, 24623, 164957, 229905, 95123, 16367, 1804], "hard": [191, 7924, 48450, 78644, 28587, 2603, 63]}, "unsolvedPenalty": {"normal": 268.63757705809445, "hard": 9.376396808100179}, "average": {"normal": 3.8380478637611675, "hard": 3.8144944575747504}, "percentSolvingInThreeOrFewer": {"normal": 0.3582174400056848, "hard": 0.3398072833439464}, "percentiles": {"normal": {"p5": 0.60935, "p10": 0.68908, "p20": 0.77813, "p25": 0.80714, "p75": 0.94083, "p80": 0.95668, "p90": 0.99637, "p95": 0.99802}, "hard": {"p5": 0.71333, "p10": 0.78466, "p20": 0.84599, "p25": 0.86202, "p75": 0.95636, "p80": 0.96422, "p90": 0.99426, "p95": 1}}}