{"efficiency": {"normal": 0.8394019539013229, "hard": 0.8960771099463948}, "luck": {"normal": 0.5544140704811693, "hard": 0.5559451751446995}, "steps": {"normal": [1828, 11228, 110497, 150772, 81462, 26859, 4429], "hard": [165, 4038, 37395, 49399, 22603, 6260, 721]}, "unsolvedPenalty": {"normal": 556.8493084356891, "hard": 32.95780925891687}, "average": {"normal": 4.027350899201539, "hard": 3.928288518168359}, "percentSolvingInThreeOrFewer": {"normal": 0.3191965381386036, "hard": 0.34497972317363435}, "percentiles": {"normal": {"p5": 0.60979, "p10": 0.69108, "p20": 0.77246, "p25": 0.79767, "p75": 0.91392, "p80": 0.92127, "p90": 0.94773, "p95": 0.97087}, "hard": {"p5": 0.72555, "p10": 0.78665, "p20": 0.8475, "p25": 0.86408, "p75": 0.95428, "p80": 0.96303, "p90": 0.98207, "p95": 0.99317}}}