{"efficiency": {"normal": 0.8171650393447488, "hard": 0.8795553531827408}, "luck": {"normal": 0.5452320181079539, "hard": 0.5364689676609101}, "steps": {"normal": [2575, 22316, 141890, 149404, 66532, 17313, 3327], "hard": [175, 7063, 43366, 40502, 16833, 3889, 450]}, "unsolvedPenalty": {"normal": 1219.948180014869, "hard": 136.32949827205388}, "average": {"normal": 3.7969836848747263, "hard": 3.7157085938320242}, "percentSolvingInThreeOrFewer": {"normal": 0.4134823493828048, "hard": 0.4507027200342008}, "percentiles": {"normal": {"p5": 0.557, "p10": 0.6282, "p20": 0.72157, "p25": 0.75141, "p75": 0.90965, "p80": 0.92431, "p90": 0.97284, "p95": 0.99955}, "hard": {"p5": 0.70216, "p10": 0.76949, "p20": 0.81982, "p25": 0.83665, "p75": 0.94316, "p80": 0.95181, "p90": 0.99107, "p95": 1}}}