{"efficiency": {"normal": 0.7518953241633034, "hard": 0.9220649211410243}, "luck": {"normal": 0.49215982927617846, "hard": 0.5013098564636774}, "steps": {"normal": [2184, 8633, 39776, 89192, 101901, 92615, 38270], "hard": [180, 2886, 15206, 23282, 28731, 35661, 16039]}, "unsolvedPenalty": {"normal": 6198.364800398797, "hard": 1935.8358417190889}, "average": {"normal": 4.924777733104291, "hard": 5.054128260373973}, "percentSolvingInThreeOrFewer": {"normal": 0.1357942512970682, "hard": 0.14978890847235315}, "percentiles": {"normal": {"p5": 0.49009, "p10": 0.54259, "p20": 0.59379, "p25": 0.61735, "p75": 0.88187, "p80": 0.89845, "p90": 0.93349, "p95": 0.96143}, "hard": {"p5": 0.77583, "p10": 0.83062, "p20": 0.88054, "p25": 0.89564, "p75": 0.97221, "p80": 0.98029, "p90": 0.99463, "p95": 1}}}