{"efficiency": {"normal": 0.815810494517045, "hard": 0.8832725828321526}, "luck": {"normal": 0.6249419416967, "hard": 0.6508072138562034}, "steps": {"normal": [1188, 23955, 146397, 151306, 54028, 10820, 1600], "hard": [153, 10362, 54440, 40168, 11366, 2091, 144]}, "unsolvedPenalty": {"normal": 130.20911442651902, "hard": 5.997925777890682}, "average": {"normal": 3.698755205871209, "hard": 3.497683685908308}, "percentSolvingInThreeOrFewer": {"normal": 0.44064383216797587, "hard": 0.5471092618173242}, "percentiles": {"normal": {"p5": 0.56278, "p10": 0.61832, "p20": 0.71714, "p25": 0.74707, "p75": 0.91094, "p80": 0.92409, "p90": 0.94768, "p95": 0.97517}, "hard": {"p5": 0.63159, "p10": 0.72946, "p20": 0.81957, "p25": 0.84675, "p75": 0.95321, "p80": 0.95877, "p90": 0.98978, "p95": 1}}}