{"efficiency": {"normal": 0.8491810773752404, "hard": 0.8869346336463081}, "luck": {"normal": 0.5400666948157511, "hard": 0.538219319830607}, "steps": {"normal": [1151, 6845, 126751, 159124, 67124, 17469, 2594], "hard": [87, 2055, 30695, 33289, 12539, 2594, 202]}, "unsolvedPenalty": {"normal": 395.24790349230614, "hard": 17.50174078733252}, "average": {"normal": 3.911680762255332, "hard": 3.7948036697411935}, "percentSolvingInThreeOrFewer": {"normal": 0.353612835841263, "hard": 0.40310087035513925}, "percentiles": {"normal": {"p5": 0.59689, "p10": 0.67074, "p20": 0.77462, "p25": 0.80407, "p75": 0.93532, "p80": 0.94683, "p90": 0.96191, "p95": 0.97666}, "hard": {"p5": 0.66877, "p10": 0.76117, "p20": 0.83671, "p25": 0.85451, "p75": 0.95121, "p80": 0.95875, "p90": 0.97882, "p95": 0.99625}}}