{"efficiency": {"normal": 0.8244052449464294, "hard": 0.8642438293319676}, "luck": {"normal": 0.5275043814629246, "hard": 0.5407703564623759}, "steps": {"normal": [498, 4038, 67768, 125180, 64415, 16388, 2444], "hard": [49, 1231, 20414, 28035, 13433, 4502, 560]}, "unsolvedPenalty": {"normal": 307.88776462076277, "hard": 50.832574423041606}, "average": {"normal": 4.097933209245223, "hard": 4.01678049622454}, "percentSolvingInThreeOrFewer": {"normal": 0.2575561658669687, "hard": 0.31798194183864914}}