{"efficiency": {"normal": 0.8202364444385888, "hard": 0.8769353214285246}, "luck": {"normal": 0.5850619074008734, "hard": 0.557694228927221}, "steps": {"normal": [479, 9780, 105870, 122057, 49804, 13187, 1777], "hard": [64, 2641, 27081, 29324, 11053, 2694, 218]}, "unsolvedPenalty": {"normal": 93.52528345958439, "hard": 6.217806596542136}, "average": {"normal": 3.850589611899693, "hard": 3.7885216258172636}, "percentSolvingInThreeOrFewer": {"normal": 0.38332222053513076, "hard": 0.40760862127950737}}