{"efficiency": {"normal": 0.8478125146660919, "hard": 0.8850648853220147}, "luck": {"normal": 0.6921502171712212, "hard": 0.7129900875908294}, "steps": {"normal": [1743, 81637, 210463, 87545, 26009, 4986, 973], "hard": [241, 27691, 57011, 18939, 5143, 777, 26]}, "unsolvedPenalty": {"normal": 167.81330024884878, "hard": 0.5}, "average": {"normal": 3.177710770619633, "hard": 3.0317541974724116}, "percentSolvingInThreeOrFewer": {"normal": 0.7108715005951286, "hard": 0.7734184361000838}, "percentiles": {"normal": {"p5": 0.64198, "p10": 0.64198, "p20": 0.71426, "p25": 0.76278, "p75": 0.96093, "p80": 0.98852, "p90": 1, "p95": 1}, "hard": {"p5": 0.62522, "p10": 0.62522, "p20": 0.79244, "p25": 0.83646, "p75": 0.99455, "p80": 0.99927, "p90": 1, "p95": 1}}}