{"efficiency": {"normal": 0.776727906542138, "hard": 0.8287761615241563}, "luck": {"normal": 0.5842441356055805, "hard": 0.5514541183716433}, "steps": {"normal": [2020, 10993, 142882, 193451, 83603, 38206, 12556], "hard": [163, 3832, 46886, 60760, 24554, 10587, 2583]}, "unsolvedPenalty": {"normal": 651.2082514560722, "hard": 74.72192136384632}, "average": {"normal": 4.056658228263273, "hard": 3.9900426600700554}, "percentSolvingInThreeOrFewer": {"normal": 0.32228954892487455, "hard": 0.3406487463595889}, "percentiles": {"normal": {"p5": 0.42072, "p10": 0.5, "p20": 0.61883, "p25": 0.65073, "p75": 0.926, "p80": 0.93771, "p90": 0.96257, "p95": 0.98094}, "hard": {"p5": 0.47619, "p10": 0.58455, "p20": 0.68912, "p25": 0.75322, "p75": 0.95374, "p80": 0.96099, "p90": 0.9824, "p95": 0.99784}}}