{"efficiency":{"normal":0.8018485431156134,"hard":0.8659066430160648},"luck":{"normal":0.5302674899471649,"hard":0.5254114161651013},"steps":{"normal":[560,5687,55071,95670,76845,30594,4151],"hard":[51,2624,19736,34285,29089,10734,1012]},"unsolvedPenalty":{"normal":566.4597900017204,"hard":99.92372644562306},"average":{"normal":4.308764901779005,"hard":4.292788177363563},"percentSolvingInThreeOrFewer":{"normal":0.22830611591418506,"hard":0.22978335093457464},"percentiles":{"normal":{"p5":0.58448,"p10":0.65852,"p20":0.74809,"p25":0.77531,"p75":0.91721,"p80":0.92936,"p90":0.96437,"p95":0.99868},"hard":{"p5":0.70723,"p10":0.75587,"p20":0.8194,"p25":0.83771,"p75":0.95676,"p80":0.97149,"p90":0.98947,"p95":1}}}