{"efficiency": {"normal": 0.7776246824751654, "hard": 0.8434083044195532}, "luck": {"normal": 0.5818612534998153, "hard": 0.5370382068585992}, "steps": {"normal": [2307, 11740, 83264, 145034, 100316, 39647, 8064], "hard": [91, 2059, 14527, 31840, 24235, 8188, 852]}, "unsolvedPenalty": {"normal": 744.772632455483, "hard": 30.892919083411208}, "average": {"normal": 4.232808123104258, "hard": 4.296849238545132}, "percentSolvingInThreeOrFewer": {"normal": 0.24927761212382035, "hard": 0.20389524647887325}, "percentiles": {"normal": {"p5": 0.5058, "p10": 0.57606, "p20": 0.65568, "p25": 0.68783, "p75": 0.89644, "p80": 0.91108, "p90": 0.94024, "p95": 0.97495}, "hard": {"p5": 0.61476, "p10": 0.67444, "p20": 0.73834, "p25": 0.76692, "p75": 0.94313, "p80": 0.95102, "p90": 0.97576, "p95": 0.99104}}}