{"efficiency":{"normal":0.7863191022242938,"hard":0.8401135558298082},"luck":{"normal":0.5079225433894863,"hard":0.49273106747038586},"steps":{"normal":[1844,8733,109510,215711,127347,43688,6704],"hard":[222,2936,37331,71764,40749,13216,1509]},"unsolvedPenalty":{"normal":1200.2032500682285,"hard":209.75054159689842},"average":{"normal":4.201596385947007,"hard":4.167228594928646},"percentSolvingInThreeOrFewer":{"normal":0.23384293634149048,"hard":0.24139822449575798},"percentiles":{"normal":{"p5":0.51645,"p10":0.58812,"p20":0.66659,"p25":0.69879,"p75":0.89635,"p80":0.90949,"p90":0.94585,"p95":0.97112},"hard":{"p5":0.6,"p10":0.65614,"p20":0.73321,"p25":0.75766,"p75":0.93962,"p80":0.95472,"p90":1,"p95":1}}}