{"efficiency":{"normal":0.8094700628050736,"hard":0.8921109842643054},"luck":{"normal":0.45866496148909414,"hard":0.4607454133632712},"steps":{"normal":[811,6588,94492,193803,138420,58678,10812],"hard":[115,3004,38359,66723,40418,14534,2580]},"unsolvedPenalty":{"normal":3320.7912669353523,"hard":803.4181516734583},"average":{"normal":4.360266779586611,"hard":4.201030682795059},"percentSolvingInThreeOrFewer":{"normal":0.20232365112270753,"hard":0.25027001261064485},"percentiles":{"normal":{"p5":0.51949,"p10":0.58021,"p20":0.66941,"p25":0.71742,"p75":0.92352,"p80":0.93408,"p90":0.95653,"p95":0.97438},"hard":{"p5":0.70142,"p10":0.78333,"p20":0.8478,"p25":0.86306,"p75":0.95209,"p80":0.9579,"p90":0.9731,"p95":0.98331}}}