{"efficiency": {"normal": 0.8242112859775057, "hard": 0.8706440373279839}, "luck": {"normal": 0.4919496149630549, "hard": 0.4883001584227246}, "steps": {"normal": [0, 7769, 88219, 156110, 100396, 31615, 4602], "hard": [0, 1696, 23852, 34273, 18612, 4875, 326]}, "unsolvedPenalty": {"normal": 667.4687668950114, "hard": 18.39411877591152}, "average": {"normal": 4.191253833225443, "hard": 4.025281513723796}, "percentSolvingInThreeOrFewer": {"normal": 0.24693924277933993, "hard": 0.3054738503479446}, "percentiles": {"normal": {"p5": 0.5848, "p10": 0.65268, "p20": 0.7397, "p25": 0.76796, "p75": 0.90894, "p80": 0.92247, "p90": 0.94976, "p95": 0.97549}, "hard": {"p5": 0.67228, "p10": 0.74453, "p20": 0.80246, "p25": 0.822, "p75": 0.93931, "p80": 0.95054, "p90": 0.98994, "p95": 1}}}