{"efficiency": {"normal": 0.8382734229871843, "hard": 0.8987926817392594}, "luck": {"normal": 0.6752716928263771, "hard": 0.6781220501799556}, "steps": {"normal": [0, 53931, 210550, 122873, 30976, 6274, 1548], "hard": [0, 13905, 43862, 22248, 5177, 613, 44]}, "unsolvedPenalty": {"normal": 298.91608567858106, "hard": 4.292559711091034}, "average": {"normal": 3.3665521130621907, "hard": 3.2413108196916807}, "percentSolvingInThreeOrFewer": {"normal": 0.6206259738309335, "hard": 0.6728907733345758}, "percentiles": {"normal": {"p5": 0.59838, "p10": 0.67539, "p20": 0.74709, "p25": 0.77963, "p75": 0.9276, "p80": 0.94118, "p90": 0.99074, "p95": 1}, "hard": {"p5": 0.73461, "p10": 0.79483, "p20": 0.83172, "p25": 0.85011, "p75": 0.9662, "p80": 0.97714, "p90": 1, "p95": 1}}}