{"efficiency": {"normal": 0.809229164553889, "hard": 0.8686910800638944}, "luck": {"normal": 0.449966568356124, "hard": 0.46365907707627024}, "steps": {"normal": [1670, 3706, 73277, 175448, 111381, 40017, 7473], "hard": [65, 761, 20606, 37656, 19967, 6320, 976]}, "unsolvedPenalty": {"normal": 2239.281923364043, "hard": 219.68244972268937}, "average": {"normal": 4.315697630646543, "hard": 4.155547503210417}, "percentSolvingInThreeOrFewer": {"normal": 0.19045601154557695, "hard": 0.2481963150397795}, "percentiles": {"normal": {"p5": 0.51606, "p10": 0.59678, "p20": 0.70414, "p25": 0.74426, "p75": 0.90888, "p80": 0.92028, "p90": 0.9463, "p95": 0.96695}, "hard": {"p5": 0.64965, "p10": 0.7263, "p20": 0.81371, "p25": 0.8337, "p75": 0.93495, "p80": 0.94574, "p90": 0.96903, "p95": 0.98447}}}