{"efficiency": {"normal": 0.8420180138197374, "hard": 0.8920288706287806}, "luck": {"normal": 0.5982356274016315, "hard": 0.6012509444425014}, "steps": {"normal": [2411, 18710, 160547, 182171, 50789, 9614, 2247], "hard": [146, 6309, 48488, 46530, 11379, 1218, 75]}, "unsolvedPenalty": {"normal": 390.96229218252415, "hard": 11.779944725786036}, "average": {"normal": 3.699755356626273, "hard": 3.5839307893006773}, "percentSolvingInThreeOrFewer": {"normal": 0.425961748134184, "hard": 0.4813439046826405}, "percentiles": {"normal": {"p5": 0.59454, "p10": 0.6605, "p20": 0.75697, "p25": 0.78411, "p75": 0.93144, "p80": 0.9448, "p90": 0.96547, "p95": 0.99906}, "hard": {"p5": 0.71347, "p10": 0.75767, "p20": 0.82548, "p25": 0.84687, "p75": 0.96104, "p80": 0.96585, "p90": 0.98802, "p95": 1}}}