{"efficiency": {"normal": 0.8316217912406547, "hard": 0.8732730667678047}, "luck": {"normal": 0.6893615903552887, "hard": 0.7020686761248129}, "steps": {"normal": [3436, 85469, 166128, 112098, 41761, 9027, 1717], "hard": [716, 30665, 40608, 27124, 9833, 1524, 122]}, "unsolvedPenalty": {"normal": 267.1678382122857, "hard": 5.20008726808725}, "average": {"normal": 3.327653413525561, "hard": 3.178658493265951}, "percentSolvingInThreeOrFewer": {"normal": 0.6077481436292406, "hard": 0.6509422019675926}, "percentiles": {"normal": {"p5": 0.56374, "p10": 0.65154, "p20": 0.72076, "p25": 0.74943, "p75": 0.94404, "p80": 0.97095, "p90": 0.99805, "p95": 1}, "hard": {"p5": 0.64791, "p10": 0.67202, "p20": 0.78365, "p25": 0.81447, "p75": 0.95532, "p80": 0.97263, "p90": 0.99992, "p95": 1}}}