{"efficiency": {"normal": 0.7969251168700355, "hard": 0.86463676044058}, "luck": {"normal": 0.5627355833995219, "hard": 0.5593091500381573}, "steps": {"normal": [643, 14221, 78894, 100852, 68063, 34630, 7634], "hard": [71, 3789, 18659, 24231, 16956, 8150, 1496]}, "unsolvedPenalty": {"normal": 690.8352384188244, "hard": 118.85423947506062}, "average": {"normal": 4.169381987880837, "hard": 4.155590225753559}, "percentSolvingInThreeOrFewer": {"normal": 0.30746678822182943, "hard": 0.3069991274948195}, "percentiles": {"normal": {"p5": 0.57196, "p10": 0.64936, "p20": 0.7394, "p25": 0.76787, "p75": 0.92488, "p80": 0.94146, "p90": 0.99969, "p95": 1}, "hard": {"p5": 0.68314, "p10": 0.75345, "p20": 0.82149, "p25": 0.84161, "p75": 0.95659, "p80": 0.96801, "p90": 0.99536, "p95": 1}}}