{"efficiency": {"normal": 0.8058496699131256, "hard": 0.8642401333284568}, "luck": {"normal": 0.6217813318470284, "hard": 0.587975144449288}, "steps": {"normal": [1236, 12786, 136034, 155704, 70279, 19072, 3167], "hard": [66, 2927, 27264, 35251, 14164, 2811, 241]}, "unsolvedPenalty": {"normal": 248.56243327724243, "hard": 16.386071584244796}, "average": {"normal": 3.8816368527342138, "hard": 3.8453820665294747}, "percentSolvingInThreeOrFewer": {"normal": 0.37676196023882813, "hard": 0.36575842560804606}, "percentiles": {"normal": {"p5": 0.5359, "p10": 0.59815, "p20": 0.69152, "p25": 0.72478, "p75": 0.90779, "p80": 0.92293, "p90": 0.95525, "p95": 1}, "hard": {"p5": 0.64399, "p10": 0.71213, "p20": 0.78629, "p25": 0.81175, "p75": 0.94559, "p80": 0.95736, "p90": 0.98832, "p95": 1}}}