{"efficiency":{"normal":0.8193592696298959,"hard":0.8631975197513285},"luck":{"normal":0.5602658894946552,"hard":0.5262777618462018},"steps":{"normal":[796,9336,159765,213160,71511,14477,1580],"hard":[98,3904,57176,76950,21907,3130,234]},"unsolvedPenalty":{"normal":140.07828482182595,"hard":17.74748716389501},"average":{"normal":3.8396176962227293,"hard":3.7772859533238505},"percentSolvingInThreeOrFewer":{"normal":0.36100292164674636,"hard":0.3744086561117265},"percentiles":{"normal":{"p5":0.56507,"p10":0.62326,"p20":0.71852,"p25":0.75313,"p75":0.91529,"p80":0.92644,"p90":0.95404,"p95":0.98046},"hard":{"p5":0.64331,"p10":0.70975,"p20":0.78833,"p25":0.81411,"p75":0.93814,"p80":0.94979,"p90":0.97884,"p95":1}}}