{"efficiency": {"normal": 0.7858694493036992, "hard": 0.8388250832440592}, "luck": {"normal": 0.5520682583830367, "hard": 0.5181164144283762}, "steps": {"normal": [863, 4781, 83619, 127158, 90077, 32256, 5707], "hard": [111, 1767, 20403, 46852, 31940, 9031, 950]}, "unsolvedPenalty": {"normal": 275.23918659645557, "hard": 47.32403447382818}, "average": {"normal": 4.22125941452471, "hard": 4.257796423672032}, "percentSolvingInThreeOrFewer": {"normal": 0.2591381898095866, "hard": 0.20063212491220486}, "percentiles": {"normal": {"p5": 0.4891, "p10": 0.56437, "p20": 0.63863, "p25": 0.66667, "p75": 0.91435, "p80": 0.92939, "p90": 0.96568, "p95": 0.99099}, "hard": {"p5": 0.59603, "p10": 0.6512, "p20": 0.72857, "p25": 0.7639, "p75": 0.93365, "p80": 0.94738, "p90": 0.97664, "p95": 0.99763}}}