{"efficiency": {"normal": 0.7998032337221344, "hard": 0.8562479929555847}, "luck": {"normal": 0.5658782626669783, "hard": 0.5508727523444361}, "steps": {"normal": [1006, 10346, 83832, 131096, 86699, 25484, 3551], "hard": [140, 3732, 25254, 43051, 31408, 7740, 532]}, "unsolvedPenalty": {"normal": 549.5072180816607, "hard": 33.275571448611515}, "average": {"normal": 4.120835717888981, "hard": 4.137490506373751}, "percentSolvingInThreeOrFewer": {"normal": 0.2783043968960335, "hard": 0.2603860285900748}, "percentiles": {"normal": {"p5": 0.54124, "p10": 0.61588, "p20": 0.70997, "p25": 0.73873, "p75": 0.88895, "p80": 0.90464, "p90": 0.94193, "p95": 0.97313}, "hard": {"p5": 0.66223, "p10": 0.73294, "p20": 0.78653, "p25": 0.80809, "p75": 0.92205, "p80": 0.93556, "p90": 0.96584, "p95": 0.99654}}}