{"efficiency": {"normal": 0.8205750948198486, "hard": 0.8619903580740331}, "luck": {"normal": 0.6725455134186887, "hard": 0.671718614142126}, "steps": {"normal": [2615, 35071, 190675, 147003, 37742, 9138, 2979], "hard": [172, 13748, 56700, 35781, 6323, 1032, 154]}, "unsolvedPenalty": {"normal": 274.38275332792955, "hard": 4.817027462887353}, "average": {"normal": 3.5215860448595864, "hard": 3.3340515936042743}, "percentSolvingInThreeOrFewer": {"normal": 0.537038212890648, "hard": 0.6199631287858836}, "percentiles": {"normal": {"p5": 0.53537, "p10": 0.60587, "p20": 0.71945, "p25": 0.75426, "p75": 0.92023, "p80": 0.9334, "p90": 0.9752, "p95": 0.99923}, "hard": {"p5": 0.62689, "p10": 0.70222, "p20": 0.79541, "p25": 0.81892, "p75": 0.9413, "p80": 0.95245, "p90": 0.99555, "p95": 1}}}