{"efficiency": {"normal": 0.7975360802463926, "hard": 0.8585437452185497}, "luck": {"normal": 0.5552109917568527, "hard": 0.5508235157130907}, "steps": {"normal": [2132, 8968, 107386, 157887, 73538, 34430, 18413], "hard": [100, 3039, 32909, 42842, 19049, 9691, 5047]}, "unsolvedPenalty": {"normal": 5654.1371666490195, "hard": 1312.692105130038}, "average": {"normal": 4.1777093142877515, "hard": 4.13842835809553}, "percentSolvingInThreeOrFewer": {"normal": 0.2941895052563103, "hard": 0.31992332064218965}, "percentiles": {"normal": {"p5": 0.50078, "p10": 0.57829, "p20": 0.65841, "p25": 0.70583, "p75": 0.9136, "p80": 0.92829, "p90": 0.95256, "p95": 0.9797}, "hard": {"p5": 0.62078, "p10": 0.67096, "p20": 0.7863, "p25": 0.81062, "p75": 0.93793, "p80": 0.94989, "p90": 0.97635, "p95": 0.9944}}}