{"efficiency":{"normal":0.8571782880241039,"hard":0.8805598574438779},"luck":{"normal":0.6219482015746636,"hard":0.6210555733685749},"steps":{"normal":[2861,59797,286101,139314,29938,5375,1073],"hard":[559,30838,90216,40508,8370,1174,56]},"unsolvedPenalty":{"normal":197.1328384301589,"hard":5.739533080052603},"average":{"normal":3.2941795885635106,"hard":3.1691333007208207},"percentSolvingInThreeOrFewer":{"normal":0.6649881115587681,"hard":0.708201093634442},"percentiles":{"normal":{"p5":0.63955,"p10":0.70744,"p20":0.78043,"p25":0.80673,"p75":0.93261,"p80":0.94568,"p90":0.97276,"p95":0.98473},"hard":{"p5":0.70366,"p10":0.74771,"p20":0.79855,"p25":0.83184,"p75":0.95098,"p80":0.95864,"p90":0.97699,"p95":1}}}