{"efficiency": {"normal": 0.8321245712344891, "hard": 0.9096486726228797}, "luck": {"normal": 0.6219142980552607, "hard": 0.6262252152580482}, "steps": {"normal": [1459, 35735, 129553, 138802, 82100, 26530, 5101], "hard": [96, 9314, 26008, 28031, 18114, 5313, 762]}, "unsolvedPenalty": {"normal": 883.7245093137159, "hard": 62.80013090213087}, "average": {"normal": 3.8710807205431066, "hard": 3.8421324098096963}, "percentSolvingInThreeOrFewer": {"normal": 0.3976984354130891, "hard": 0.4041397567265341}, "percentiles": {"normal": {"p5": 0.59713, "p10": 0.65889, "p20": 0.74162, "p25": 0.76487, "p75": 0.91699, "p80": 0.93514, "p90": 0.98917, "p95": 0.99935}, "hard": {"p5": 0.71796, "p10": 0.80264, "p20": 0.85546, "p25": 0.87092, "p75": 0.98746, "p80": 0.99686, "p90": 0.99939, "p95": 1}}}