{"efficiency": {"normal": 0.8437148682748109, "hard": 0.8990439538812343}, "luck": {"normal": 0.573173613205019, "hard": 0.5496708132419941}, "steps": {"normal": [1875, 13991, 176124, 176700, 42884, 8945, 2099], "hard": [56, 2985, 44995, 33681, 5340, 501, 36]}, "unsolvedPenalty": {"normal": 170.6789540121009, "hard": 1.9822806715451136}, "average": {"normal": 3.662841334145758, "hard": 3.4899077822758584}, "percentSolvingInThreeOrFewer": {"normal": 0.45428732330378735, "hard": 0.5483937255976437}, "percentiles": {"normal": {"p5": 0.56702, "p10": 0.62959, "p20": 0.72829, "p25": 0.77665, "p75": 0.94941, "p80": 0.96111, "p90": 0.98562, "p95": 1}, "hard": {"p5": 0.66667, "p10": 0.73941, "p20": 0.83372, "p25": 0.86365, "p75": 0.97461, "p80": 0.98552, "p90": 1, "p95": 1}}}