{"efficiency":{"normal":0.817951598066427,"hard":0.8805788350060546},"luck":{"normal":0.6195563440880822,"hard":0.6039444840877092},"steps":{"normal":[790,27990,201450,184793,59485,10856,1162],"hard":[108,12800,72730,61008,16524,2185,147]},"unsolvedPenalty":{"normal":45.81935036877499,"hard":3.300645149259672},"average":{"normal":3.640160688946467,"hard":3.532841298867381},"percentSolvingInThreeOrFewer":{"normal":0.47321212021556913,"hard":0.5174438979589371},"percentiles":{"normal":{"p5":0.55299,"p10":0.61666,"p20":0.70878,"p25":0.74517,"p75":0.91642,"p80":0.93139,"p90":0.96318,"p95":0.99225},"hard":{"p5":0.64687,"p10":0.72023,"p20":0.79943,"p25":0.83295,"p75":0.95699,"p80":0.96681,"p90":0.99264,"p95":1}}}