{"efficiency": {"normal": 0.7580185110643362, "hard": 0.829109411148771}, "luck": {"normal": 0.6341197837138361, "hard": 0.6499897995199657}, "steps": {"normal": [1498, 23002, 118199, 153507, 71116, 20064, 4768], "hard": [60, 5671, 37377, 30427, 9588, 1680, 189]}, "unsolvedPenalty": {"normal": 214.88401784628178, "hard": 3.796547027566279}, "average": {"normal": 3.8905172050211045, "hard": 3.583723133318754}, "percentSolvingInThreeOrFewer": {"normal": 0.3638851063612764, "hard": 0.5072006777108434}, "percentiles": {"normal": {"p5": 0.44235, "p10": 0.50094, "p20": 0.59435, "p25": 0.62331, "p75": 0.90351, "p80": 0.91728, "p90": 0.96119, "p95": 0.9989}, "hard": {"p5": 0.53962, "p10": 0.60476, "p20": 0.69869, "p25": 0.7473, "p75": 0.93183, "p80": 0.94308, "p90": 0.98366, "p95": 1}}}