{"efficiency":{"normal":0.8302566611271144,"hard":0.8860759110059516},"luck":{"normal":0.5421330365941412,"hard":0.49384710558724015},"steps":{"normal":[1266,11518,121664,203770,92390,19988,1928],"hard":[287,3173,31925,77904,35261,5450,279]},"unsolvedPenalty":{"normal":120.08101850130222,"hard":13.811133153192964},"average":{"normal":3.9773980629060586,"hard":4.051075072648598},"percentSolvingInThreeOrFewer":{"normal":0.2971068937780096,"hard":0.22935720350793043},"percentiles":{"normal":{"p5":0.58181,"p10":0.64345,"p20":0.7237,"p25":0.76077,"p75":0.9235,"p80":0.93461,"p90":0.95728,"p95":0.97771},"hard":{"p5":0.68498,"p10":0.7452,"p20":0.83005,"p25":0.85231,"p75":0.9517,"p80":0.96138,"p90":0.97767,"p95":0.99334}}}