{"efficiency": {"normal": 0.849745967872916, "hard": 0.8822991804716597}, "luck": {"normal": 0.5555146652897194, "hard": 0.5368304216441276}, "steps": {"normal": [508, 7718, 104262, 165186, 59169, 10814, 952], "hard": [78, 2389, 30126, 55429, 16182, 1781, 67]}, "unsolvedPenalty": {"normal": 47.658643493556696, "hard": 5.616908944850439}, "average": {"normal": 3.8923684088577564, "hard": 3.8567930534921064}, "percentSolvingInThreeOrFewer": {"normal": 0.32267669509393043, "hard": 0.3073303662354317}, "percentiles": {"normal": {"p5": 0.58307, "p10": 0.64487, "p20": 0.75394, "p25": 0.79131, "p75": 0.94595, "p80": 0.95924, "p90": 0.98143, "p95": 0.99606}, "hard": {"p5": 0.6593, "p10": 0.73541, "p20": 0.81791, "p25": 0.84086, "p75": 0.95595, "p80": 0.96513, "p90": 0.9889, "p95": 1}}}