{"efficiency":{"normal":0.7752993144933541,"hard":0.8724579612649808},"luck":{"normal":0.50583868933781,"hard":0.5086289775761501},"steps":{"normal":[769,8559,81746,156463,127340,61967,17315],"hard":[128,3869,28862,51919,44982,20538,5114]},"unsolvedPenalty":{"normal":7848.115633320974,"hard":2161.53734123469},"average":{"normal":4.462164386554755,"hard":4.428393800615362},"percentSolvingInThreeOrFewer":{"normal":0.20053329340605383,"hard":0.21143154968728284},"percentiles":{"normal":{"p5":0.448,"p10":0.5061,"p20":0.62036,"p25":0.66629,"p75":0.90737,"p80":0.92168,"p90":0.95203,"p95":0.96899},"hard":{"p5":0.62433,"p10":0.71122,"p20":0.8012,"p25":0.83139,"p75":0.95189,"p80":0.95994,"p90":0.97883,"p95":0.99339}}}