{"efficiency": {"normal": 0.7945678180278952, "hard": 0.8666338578418491}, "luck": {"normal": 0.5661351370270971, "hard": 0.5690490132813774}, "steps": {"normal": [0, 12010, 105984, 155760, 92373, 27265, 6159], "hard": [0, 4438, 27498, 31735, 15093, 2568, 205]}, "unsolvedPenalty": {"normal": 490.70825655649566, "hard": 7.676866595166443}, "average": {"normal": 4.0897675346990905, "hard": 3.8096284737799424}, "percentSolvingInThreeOrFewer": {"normal": 0.2953164927631266, "hard": 0.3916749451169408}, "percentiles": {"normal": {"p5": 0.5, "p10": 0.58392, "p20": 0.66667, "p25": 0.70763, "p75": 0.90997, "p80": 0.92695, "p90": 0.95804, "p95": 0.98967}, "hard": {"p5": 0.63904, "p10": 0.71392, "p20": 0.79326, "p25": 0.81418, "p75": 0.9453, "p80": 0.95863, "p90": 0.99516, "p95": 1}}}