{"efficiency":{"normal":0.7641893495666683,"hard":0.8613024711104607},"luck":{"normal":0.4969244802732468,"hard":0.479360785971057},"steps":{"normal":[864,9784,73881,133104,108989,68013,29614],"hard":[95,2781,24638,44062,41857,24395,10407]},"unsolvedPenalty":{"normal":17163.588980245368,"hard":6084.603190509333},"average":{"normal":4.601014001164989,"hard":4.657520849937662},"percentSolvingInThreeOrFewer":{"normal":0.19924384029190403,"hard":0.18561068573548756},"percentiles":{"normal":{"p5":0.45797,"p10":0.50593,"p20":0.61303,"p25":0.6513,"p75":0.89389,"p80":0.90814,"p90":0.93441,"p95":0.95916},"hard":{"p5":0.56835,"p10":0.66349,"p20":0.7672,"p25":0.80277,"p75":0.95618,"p80":0.96954,"p90":0.99906,"p95":0.99949}}}