{"efficiency":{"normal":0.8717305178454163,"hard":0.9167625824328923},"luck":{"normal":0.6575932607645548,"hard":0.6760290235722876},"steps":{"normal":[1444,80535,196859,172147,66173,14319,1525],"hard":[290,30039,75099,47705,15796,3099,293]},"unsolvedPenalty":{"normal":262.062820669712,"hard":49.352380262854695},"average":{"normal":3.5072946495898134,"hard":3.3435237282760824},"percentSolvingInThreeOrFewer":{"normal":0.5231462546106769,"hard":0.6118116770445854},"percentiles":{"normal":{"p5":0.65235,"p10":0.72485,"p20":0.79244,"p25":0.81443,"p75":0.96459,"p80":1,"p90":1,"p95":1},"hard":{"p5":0.74591,"p10":0.78163,"p20":0.86178,"p25":0.88114,"p75":1,"p80":1,"p90":1,"p95":1}}}