{"efficiency": {"normal": 0.8316861923114288, "hard": 0.8816314411976769}, "luck": {"normal": 0.5372058568006993, "hard": 0.5267463818222541}, "steps": {"normal": [1971, 10210, 115219, 153222, 92904, 30931, 5539], "hard": [55, 2070, 24883, 35467, 17942, 3912, 300]}, "unsolvedPenalty": {"normal": 553.2805332582699, "hard": 8.482280671545114}, "average": {"normal": 4.074108724312574, "hard": 3.970299569659}, "percentSolvingInThreeOrFewer": {"normal": 0.31073473887550124, "hard": 0.319134102967068}, "percentiles": {"normal": {"p5": 0.5615, "p10": 0.63771, "p20": 0.74203, "p25": 0.77311, "p75": 0.92396, "p80": 0.9355, "p90": 0.97329, "p95": 0.99181}, "hard": {"p5": 0.6708, "p10": 0.74863, "p20": 0.82637, "p25": 0.84684, "p75": 0.9463, "p80": 0.95105, "p90": 0.98803, "p95": 0.99806}}}