{"efficiency": {"normal": 0.8208824454725167, "hard": 0.8672854800511296}, "luck": {"normal": 0.5356922576506962, "hard": 0.5306586697325926}, "steps": {"normal": [2504, 23302, 107772, 155641, 112815, 28636, 4470], "hard": [97, 4871, 22722, 30617, 25038, 4930, 225]}, "unsolvedPenalty": {"normal": 573.9748980111752, "hard": 8.722410548665701}, "average": {"normal": 4.050978937578736, "hard": 4.031940366220889}, "percentSolvingInThreeOrFewer": {"normal": 0.3069770648526911, "hard": 0.3128813559322034}, "percentiles": {"normal": {"p5": 0.53752, "p10": 0.63204, "p20": 0.71757, "p25": 0.75253, "p75": 0.92101, "p80": 0.93476, "p90": 0.96375, "p95": 0.98437}, "hard": {"p5": 0.61909, "p10": 0.70204, "p20": 0.78678, "p25": 0.81662, "p75": 0.95163, "p80": 0.9632, "p90": 0.998, "p95": 1}}}