{"efficiency": {"normal": 0.8047661679846618, "hard": 0.8587068700529145}, "luck": {"normal": 0.5880810028312752, "hard": 0.5595491177733634}, "steps": {"normal": [1898, 9549, 118610, 148592, 80144, 28871, 6172], "hard": [81, 2325, 23050, 32532, 16649, 5975, 872]}, "unsolvedPenalty": {"normal": 1345.3655624501587, "hard": 149.96711702887467}, "average": {"normal": 4.0364247188231905, "hard": 4.041995571118611}, "percentSolvingInThreeOrFewer": {"normal": 0.3302313653398877, "hard": 0.31240488930342153}, "percentiles": {"normal": {"p5": 0.52474, "p10": 0.5995, "p20": 0.68841, "p25": 0.72774, "p75": 0.91144, "p80": 0.92818, "p90": 0.95428, "p95": 0.96969}, "hard": {"p5": 0.63269, "p10": 0.69711, "p20": 0.77595, "p25": 0.80453, "p75": 0.9411, "p80": 0.95399, "p90": 0.9778, "p95": 1}}}