{"efficiency": {"normal": 0.7982339490614683, "hard": 0.860432254935551}, "luck": {"normal": 0.4808644217670558, "hard": 0.46738603289187725}, "steps": {"normal": [1337, 3081, 59045, 184261, 116534, 27456, 4940], "hard": [62, 645, 14839, 44197, 21711, 2991, 183]}, "unsolvedPenalty": {"normal": 255.88793013701027, "hard": 3.7387042707892983}, "average": {"normal": 4.2957335308105735, "hard": 4.140978620601583}, "percentSolvingInThreeOrFewer": {"normal": 0.1599958654141897, "hard": 0.18369806683367207}, "percentiles": {"normal": {"p5": 0.49331, "p10": 0.57861, "p20": 0.64856, "p25": 0.67919, "p75": 0.92532, "p80": 0.9363, "p90": 0.95983, "p95": 0.97791}, "hard": {"p5": 0.61682, "p10": 0.66667, "p20": 0.77856, "p25": 0.81428, "p75": 0.94382, "p80": 0.953, "p90": 0.97413, "p95": 0.98868}}}