{"efficiency":{"normal":0.8436331306945688,"hard":0.8980983697054157},"luck":{"normal":0.6675080194067101,"hard":0.660801983160286},"steps":{"normal":[1153,40216,168628,97770,28496,5227,1578],"hard":[187,13873,59416,33714,8483,1255,56]},"unsolvedPenalty":{"normal":388.7731880738436,"hard":1.4836974469393627},"average":{"normal":3.392405509077133,"hard":3.34554711496826},"percentSolvingInThreeOrFewer":{"normal":0.61211479939837,"hard":0.6280858920878069},"percentiles":{"normal":{"p5":0.39896,"p10":0.47092,"p20":0.56449,"p25":0.61071,"p75":0.88819,"p80":0.90735,"p90":0.95049,"p95":0.98142},"hard":{"p5":0.48525,"p10":0.54819,"p20":0.63628,"p25":0.68136,"p75":0.93298,"p80":0.94906,"p90":0.97965,"p95":0.99481}}}