{"efficiency":{"normal":0.8512771641561416,"hard":0.9071144013516058},"luck":{"normal":0.5747429687494366,"hard":0.5460768353289802},"steps":{"normal":[804,14530,148427,233865,109601,18855,1581],"hard":[100,4214,45265,75574,38315,6075,319]},"unsolvedPenalty":{"normal":235.803993697405,"hard":13.129724201396499},"average":{"normal":3.9476764601529717,"hard":3.984941480285181},"percentSolvingInThreeOrFewer":{"normal":0.31035149328264444,"hard":0.29187811282099585},"percentiles":{"normal":{"p5":0.65942,"p10":0.72292,"p20":0.78437,"p25":0.8095,"p75":0.91953,"p80":0.93184,"p90":0.95555,"p95":0.97694},"hard":{"p5":0.75448,"p10":0.80775,"p20":0.85897,"p25":0.8734,"p75":0.96343,"p80":0.97212,"p90":0.98465,"p95":1}}}