{"efficiency": {"normal": 0.8250907651552839, "hard": 0.8519222707969174}, "luck": {"normal": 0.6529622031135247, "hard": 0.6559062836190809}, "steps": {"normal": [1817, 30790, 196389, 140622, 36041, 6972, 1435], "hard": [152, 10684, 53265, 34226, 9958, 1102, 108]}, "unsolvedPenalty": {"normal": 137.38859012362295, "hard": 17.5553954711829}, "average": {"normal": 3.4952673935800664, "hard": 3.4284173286037825}, "percentSolvingInThreeOrFewer": {"normal": 0.5530422686238425, "hard": 0.5854239919631034}, "percentiles": {"normal": {"p5": 0.5437, "p10": 0.60925, "p20": 0.71464, "p25": 0.74666, "p75": 0.92932, "p80": 0.95087, "p90": 0.99273, "p95": 1}, "hard": {"p5": 0.59972, "p10": 0.64672, "p20": 0.74625, "p25": 0.77856, "p75": 0.94764, "p80": 0.96713, "p90": 0.99332, "p95": 1}}}