{"efficiency": {"normal": 0.8026168477661905, "hard": 0.8327828629145362}, "luck": {"normal": 0.5203491018865591, "hard": 0.5546555306855575}, "steps": {"normal": [1878, 11458, 99502, 141607, 90525, 37461, 8521], "hard": [151, 10243, 35152, 39531, 25390, 10881, 2404]}, "unsolvedPenalty": {"normal": 793.2266296516617, "hard": 102.17244538452103}, "average": {"normal": 4.163066633831395, "hard": 3.9868702925640354}, "percentSolvingInThreeOrFewer": {"normal": 0.2886236673555833, "hard": 0.3680425366862758}, "percentiles": {"normal": {"p5": 0.51373, "p10": 0.59482, "p20": 0.68241, "p25": 0.72278, "p75": 0.9115, "p80": 0.9247, "p90": 0.95167, "p95": 0.96995}, "hard": {"p5": 0.59562, "p10": 0.60135, "p20": 0.71751, "p25": 0.75482, "p75": 0.93372, "p80": 0.94315, "p90": 0.96086, "p95": 0.98116}}}