{"efficiency": {"normal": 0.8140395238462966, "hard": 0.8782630599626449}, "luck": {"normal": 0.699118492576421, "hard": 0.6893708076732128}, "steps": {"normal": [3455, 74589, 143387, 108604, 34116, 5568, 825], "hard": [448, 16461, 34288, 25327, 5090, 364, 20]}, "unsolvedPenalty": {"normal": 64.92990923361873, "hard": 2.843325737321606}, "average": {"normal": 3.3114500029935274, "hard": 3.235674569205802}, "percentSolvingInThreeOrFewer": {"normal": 0.5975835528304331, "hard": 0.6243688870460256}, "percentiles": {"normal": {"p5": 0.5, "p10": 0.60153, "p20": 0.65264, "p25": 0.70448, "p75": 0.94045, "p80": 0.97467, "p90": 1, "p95": 1}, "hard": {"p5": 0.64534, "p10": 0.70743, "p20": 0.79476, "p25": 0.81612, "p75": 0.97451, "p80": 0.99794, "p90": 1, "p95": 1}}}