{"efficiency":{"normal":0.8424516228407593,"hard":0.8863963157246219},"luck":{"normal":0.7148907989939264,"hard":0.7402280228091496},"steps":{"normal":[2910,133875,230871,113715,29974,4664,648],"hard":[634,53184,78694,29640,6143,881,54]},"unsolvedPenalty":{"normal":83.79248698710809,"hard":5.7441279186260825},"average":{"normal":3.098006593323979,"hard":2.942910501258161},"percentSolvingInThreeOrFewer":{"normal":0.7116055719752176,"hard":0.7830290137682444},"percentiles":{"normal":{"p5":0.62803,"p10":0.67637,"p20":0.74605,"p25":0.77156,"p75":0.92477,"p80":0.93922,"p90":0.99342,"p95":1},"hard":{"p5":0.70153,"p10":0.739,"p20":0.82936,"p25":0.84604,"p75":0.95912,"p80":0.97429,"p90":1,"p95":1}}}