{"efficiency": {"normal": 0.7477319438079457, "hard": 0.773202944751889}, "luck": {"normal": 0.29229485526251286, "hard": 0.29691947914101374}, "steps": {"normal": [1186, 1277, 5783, 35852, 109153, 118275, 36155], "hard": [91, 254, 1326, 8729, 26910, 30949, 8893]}, "unsolvedPenalty": {"normal": 3525.5857354582004, "hard": 664.9396223253633}, "average": {"normal": 5.448898650665651, "hard": 5.478185136125122}, "percentSolvingInThreeOrFewer": {"normal": 0.02680048491782073, "hard": 0.021658544172542513}, "percentiles": {"normal": {"p5": 0.46151, "p10": 0.53273, "p20": 0.61353, "p25": 0.64264, "p75": 0.87407, "p80": 0.89005, "p90": 0.92425, "p95": 0.94727}, "hard": {"p5": 0.50462, "p10": 0.56589, "p20": 0.64093, "p25": 0.66679, "p75": 0.89604, "p80": 0.9101, "p90": 0.9412, "p95": 0.96363}}}