{"efficiency": {"normal": 0.8296519104214207, "hard": 0.8772776794711625}, "luck": {"normal": 0.6028942096538427, "hard": 0.6114458385224241}, "steps": {"normal": [1285, 26417, 146501, 135368, 47094, 8600, 999], "hard": [129, 8935, 34872, 27833, 7995, 964, 48]}, "unsolvedPenalty": {"normal": 167.74403143885306, "hard": 4.6828821867611605}, "average": {"normal": 3.629416879713646, "hard": 3.4669540814373923}, "percentSolvingInThreeOrFewer": {"normal": 0.4756214096935544, "hard": 0.5439239378033079}, "percentiles": {"normal": {"p5": 0.59782, "p10": 0.67353, "p20": 0.74855, "p25": 0.77097, "p75": 0.91166, "p80": 0.92806, "p90": 0.9549, "p95": 0.98504}, "hard": {"p5": 0.70122, "p10": 0.75388, "p20": 0.81446, "p25": 0.83377, "p75": 0.93749, "p80": 0.94934, "p90": 0.99654, "p95": 1}}}