{"efficiency":{"normal":0.8411005703792229,"hard":0.8902664410745202},"luck":{"normal":0.5273291835155589,"hard":0.5351940375101814},"steps":{"normal":[1716,13885,137065,215241,94630,16695,1894],"hard":[204,5308,44903,76207,30431,3514,133]},"unsolvedPenalty":{"normal":292.85317922202245,"hard":3.717806596542136},"average":{"normal":3.925200162076508,"hard":3.8863143609620194},"percentSolvingInThreeOrFewer":{"normal":0.3173098107356493,"hard":0.31372121966397015},"percentiles":{"normal":{"p5":0.6062,"p10":0.68612,"p20":0.7706,"p25":0.79518,"p75":0.92082,"p80":0.93313,"p90":0.96105,"p95":0.98586},"hard":{"p5":0.69776,"p10":0.76064,"p20":0.83142,"p25":0.85391,"p75":0.95248,"p80":0.96358,"p90":0.987,"p95":0.99976}}}