{"efficiency": {"normal": 0.723107315314881, "hard": 0.8099509656568984}, "luck": {"normal": 0.4718239263493009, "hard": 0.4823084478631915}, "steps": {"normal": [3052, 5050, 44562, 100341, 99691, 86669, 45703], "hard": [130, 1714, 12816, 23919, 22877, 21197, 12174]}, "unsolvedPenalty": {"normal": 9428.670771122906, "hard": 2273.7408425438707}, "average": {"normal": 4.923859346326163, "hard": 4.92202369412239}, "percentSolvingInThreeOrFewer": {"normal": 0.1367654544132465, "hard": 0.15459731932888313}, "percentiles": {"normal": {"p5": 0.44886, "p10": 0.51449, "p20": 0.58392, "p25": 0.60675, "p75": 0.86395, "p80": 0.88196, "p90": 0.92015, "p95": 0.9465}, "hard": {"p5": 0.54661, "p10": 0.61028, "p20": 0.677, "p25": 0.70485, "p75": 0.92214, "p80": 0.93505, "p90": 0.96038, "p95": 0.9792}}}