{"efficiency": {"normal": 0.808747853319271, "hard": 0.8481264388498966}, "luck": {"normal": 0.5543442130369807, "hard": 0.513730522755956}, "steps": {"normal": [1380, 13106, 86326, 112184, 83448, 36362, 8671], "hard": [204, 4716, 20447, 38530, 30436, 13520, 2293]}, "unsolvedPenalty": {"normal": 577.0034571681325, "hard": 82.94338753314797}, "average": {"normal": 4.193524024918715, "hard": 4.308199511444203}, "percentSolvingInThreeOrFewer": {"normal": 0.29522339718341206, "hard": 0.23030341546674413}, "percentiles": {"normal": {"p5": 0.51766, "p10": 0.59902, "p20": 0.70503, "p25": 0.7434, "p75": 0.90938, "p80": 0.9216, "p90": 0.94857, "p95": 0.97048}, "hard": {"p5": 0.6112, "p10": 0.67957, "p20": 0.77457, "p25": 0.80406, "p75": 0.92748, "p80": 0.93802, "p90": 0.96807, "p95": 0.99167}}}