{"efficiency": {"normal": 0.8365164221198684, "hard": 0.8932515705939365}, "luck": {"normal": 0.54641579505982, "hard": 0.5638805731223332}, "steps": {"normal": [1202, 15039, 112899, 155373, 77222, 16620, 2386], "hard": [102, 5261, 32910, 43510, 20034, 3571, 205]}, "unsolvedPenalty": {"normal": 414.0149271936145, "hard": 16.227490714274452}, "average": {"normal": 3.92501730816275, "hard": 3.8491304110188582}, "percentSolvingInThreeOrFewer": {"normal": 0.3391807028925175, "hard": 0.3624577386758592}, "percentiles": {"normal": {"p5": 0.65934, "p10": 0.72325, "p20": 0.77219, "p25": 0.79174, "p75": 0.90263, "p80": 0.91347, "p90": 0.94187, "p95": 0.96644}, "hard": {"p5": 0.7621, "p10": 0.80555, "p20": 0.84206, "p25": 0.85729, "p75": 0.94732, "p80": 0.95908, "p90": 0.98391, "p95": 0.99993}}}