{"efficiency":{"normal":0.7884264232056111,"hard":0.842742580276284},"luck":{"normal":0.5545857774939773,"hard":0.55114893105357},"steps":{"normal":[749,14700,102947,167046,112267,48746,7997],"hard":[84,4987,38830,56993,37991,17746,2507]},"unsolvedPenalty":{"normal":605.381659794858,"hard":146.55552314615474},"average":{"normal":4.219520172999117,"hard":4.201677509602648},"percentSolvingInThreeOrFewer":{"normal":0.26052476389145607,"hard":0.2758674860812628},"percentiles":{"normal":{"p5":0.51693,"p10":0.58369,"p20":0.69004,"p25":0.72203,"p75":0.88352,"p80":0.89868,"p90":0.9389,"p95":0.97824},"hard":{"p5":0.58618,"p10":0.65945,"p20":0.76366,"p25":0.79108,"p75":0.92898,"p80":0.93914,"p90":0.96668,"p95":0.99653}}}