{"efficiency":{"normal":0.8769761431411397,"hard":0.9192117686422318},"luck":{"normal":0.483306748533205,"hard":0.47844869984211436},"steps":{"normal":[742,6799,99825,240145,120419,18335,1064],"hard":[100,2686,37859,86732,33910,3297,95]},"unsolvedPenalty":{"normal":92.99413138489213,"hard":6.419058665830223},"average":{"normal":4.091775769821589,"hard":3.9833884044636285},"percentSolvingInThreeOrFewer":{"normal":0.22031522852118385,"hard":0.24681349777445818},"percentiles":{"normal":{"p5":0.68429,"p10":0.75288,"p20":0.81762,"p25":0.8386,"p75":0.94219,"p80":0.9497,"p90":0.97309,"p95":0.98644},"hard":{"p5":0.77658,"p10":0.82747,"p20":0.87602,"p25":0.89031,"p75":0.96886,"p80":0.97499,"p90":0.98947,"p95":0.99936}}}