{"efficiency": {"normal": 0.8807655934230438, "hard": 0.9133652783119928}, "luck": {"normal": 0.5780721864456813, "hard": 0.5883995100986301}, "steps": {"normal": [1652, 31986, 204342, 139662, 30941, 4974, 1456], "hard": [151, 11017, 58985, 33827, 6132, 587, 54]}, "unsolvedPenalty": {"normal": 357.25317219101123, "hard": 4.795219497350976}, "average": {"normal": 3.451449118876255, "hard": 3.331853721519935}, "percentSolvingInThreeOrFewer": {"normal": 0.573427820333339, "hard": 0.6334185078508031}, "percentiles": {"normal": {"p5": 0.67162, "p10": 0.75, "p20": 0.81707, "p25": 0.83499, "p75": 0.95554, "p80": 0.96336, "p90": 0.98197, "p95": 0.99689}, "hard": {"p5": 0.77153, "p10": 0.81648, "p20": 0.86338, "p25": 0.88045, "p75": 0.96438, "p80": 0.97174, "p90": 0.9938, "p95": 1}}}