{"efficiency": {"normal": 0.8336655428201061, "hard": 0.8951288036955805}, "luck": {"normal": 0.6066626148829146, "hard": 0.59038345270411}, "steps": {"normal": [1811, 15022, 166896, 164626, 34181, 4910, 1131], "hard": [170, 3818, 39335, 34325, 4233, 244, 21]}, "unsolvedPenalty": {"normal": 91.5090796431122, "hard": 4.204721100204494}, "average": {"normal": 3.601398201848393, "hard": 3.480281507573104}, "percentSolvingInThreeOrFewer": {"normal": 0.47282520581506365, "hard": 0.5273902563727997}, "percentiles": {"normal": {"p5": 0.58376, "p10": 0.63736, "p20": 0.73799, "p25": 0.77383, "p75": 0.9305, "p80": 0.93941, "p90": 0.96084, "p95": 0.9816}, "hard": {"p5": 0.69107, "p10": 0.76632, "p20": 0.832, "p25": 0.85189, "p75": 0.96532, "p80": 0.96985, "p90": 0.98968, "p95": 0.99944}}}