{"efficiency": {"normal": 0.8290686376318886, "hard": 0.878381197386434}, "luck": {"normal": 0.6021626067756108, "hard": 0.5742117445846273}, "steps": {"normal": [1208, 31599, 121431, 142622, 50850, 9846, 1208], "hard": [227, 8288, 37815, 50834, 18478, 2627, 186]}, "unsolvedPenalty": {"normal": 111.71910130863232, "hard": 13.187189320869122}, "average": {"normal": 3.682311266184201, "hard": 3.7402489315716587}, "percentSolvingInThreeOrFewer": {"normal": 0.42991493014906734, "hard": 0.3911189903338821}, "percentiles": {"normal": {"p5": 0.54862, "p10": 0.6364, "p20": 0.73308, "p25": 0.75976, "p75": 0.92363, "p80": 0.94018, "p90": 1, "p95": 1}, "hard": {"p5": 0.65527, "p10": 0.73627, "p20": 0.81302, "p25": 0.83656, "p75": 0.95293, "p80": 0.96623, "p90": 0.99875, "p95": 1}}}