{"efficiency":{"normal":0.8109752850327716,"hard":0.8675148173213827},"luck":{"normal":0.6314404123134892,"hard":0.5875017274766332},"steps":{"normal":[1414,23975,198033,184193,63215,13587,2091],"hard":[261,7267,60647,70295,19527,2686,226]},"unsolvedPenalty":{"normal":132.298800521229,"hard":5.118731998297121},"average":{"normal":3.684628616180045,"hard":3.6868920864090775},"percentSolvingInThreeOrFewer":{"normal":0.45923602489578796,"hard":0.42368668004897175},"percentiles":{"normal":{"p5":0.53212,"p10":0.59958,"p20":0.67803,"p25":0.72802,"p75":0.9162,"p80":0.93061,"p90":0.96552,"p95":0.99261},"hard":{"p5":0.62996,"p10":0.66667,"p20":0.77958,"p25":0.81288,"p75":0.96101,"p80":0.96695,"p90":0.98734,"p95":1}}}