{"efficiency": {"normal": 0.8335689186233625, "hard": 0.8813183795716655}, "luck": {"normal": 0.5404384933267868, "hard": 0.5411777044354898}, "steps": {"normal": [2168, 9725, 129223, 146835, 74707, 26297, 5308], "hard": [115, 4127, 41464, 43725, 21466, 6549, 776]}, "unsolvedPenalty": {"normal": 1125.5565368971438, "hard": 68.24259471387784}, "average": {"normal": 3.9725400469658503, "hard": 3.8891681970759575}, "percentSolvingInThreeOrFewer": {"normal": 0.3579235180577432, "hard": 0.3866116289692274}, "percentiles": {"normal": {"p5": 0.5481, "p10": 0.64862, "p20": 0.76239, "p25": 0.79108, "p75": 0.92247, "p80": 0.93196, "p90": 0.96009, "p95": 0.98325}, "hard": {"p5": 0.70242, "p10": 0.7684, "p20": 0.82263, "p25": 0.84156, "p75": 0.94352, "p80": 0.95478, "p90": 0.98199, "p95": 1}}}