{"efficiency": {"normal": 0.7575613279857344, "hard": 0.8442353081826816}, "luck": {"normal": 0.534903871663126, "hard": 0.5229544400503331}, "steps": {"normal": [1990, 12078, 87148, 90190, 69454, 62297, 43734], "hard": [135, 5147, 29357, 23324, 18604, 22857, 15876]}, "unsolvedPenalty": {"normal": 3144.6674376941323, "hard": 834.1166939429359}, "average": {"normal": 4.575431578964036, "hard": 4.630738219375047}, "percentSolvingInThreeOrFewer": {"normal": 0.27587485111381854, "hard": 0.3004249783174328}, "percentiles": {"normal": {"p5": 0.44124, "p10": 0.51741, "p20": 0.59487, "p25": 0.63263, "p75": 0.88829, "p80": 0.90433, "p90": 0.94764, "p95": 0.98649}, "hard": {"p5": 0.59139, "p10": 0.63919, "p20": 0.73109, "p25": 0.77359, "p75": 0.93849, "p80": 0.95205, "p90": 1, "p95": 1}}}