{"efficiency":{"normal":0.7888575461358526,"hard":0.84860073709379},"luck":{"normal":0.6120875864258851,"hard":0.5499345256499746},"steps":{"normal":[1089,18411,180565,178208,66026,28120,12557],"hard":[166,7770,51078,52617,24261,15247,9010]},"unsolvedPenalty":{"normal":3160.828951867537,"hard":2075.2691023854227},"average":{"normal":3.881321609629894,"hard":4.104554315683428},"percentSolvingInThreeOrFewer":{"normal":0.41252556827554354,"hard":0.3684943396462045},"percentiles":{"normal":{"p5":0.50518,"p10":0.56702,"p20":0.64889,"p25":0.69292,"p75":0.90252,"p80":0.91637,"p90":0.94234,"p95":0.97833},"hard":{"p5":0.59937,"p10":0.66662,"p20":0.75561,"p25":0.78577,"p75":0.93917,"p80":0.94996,"p90":0.97849,"p95":0.99876}}}