{"efficiency": {"normal": 0.8423041691618772, "hard": 0.87822228675886}, "luck": {"normal": 0.5180841121961838, "hard": 0.5453432354792671}, "steps": {"normal": [1637, 10441, 147890, 179379, 41967, 7870, 1573], "hard": [125, 3849, 37099, 34672, 5814, 952, 95]}, "unsolvedPenalty": {"normal": 404.8501026352799, "hard": 23.683924771069883}, "average": {"normal": 3.7163143593144468, "hard": 3.5503315004330327}, "percentSolvingInThreeOrFewer": {"normal": 0.40937974239744906, "hard": 0.49721569861753384}, "percentiles": {"normal": {"p5": 0.60219, "p10": 0.68063, "p20": 0.76948, "p25": 0.79549, "p75": 0.9253, "p80": 0.93676, "p90": 0.95663, "p95": 0.97314}, "hard": {"p5": 0.71269, "p10": 0.76289, "p20": 0.82769, "p25": 0.8454, "p75": 0.93587, "p80": 0.94562, "p90": 0.96748, "p95": 0.98459}}}