{"efficiency": {"normal": 0.8141249468029993, "hard": 0.8721756106621739}, "luck": {"normal": 0.5787602570246744, "hard": 0.5764076012436317}, "steps": {"normal": [2, 13548, 139735, 187776, 67345, 13669, 3125], "hard": [2, 3359, 34724, 37926, 10435, 970, 65]}, "unsolvedPenalty": {"normal": 340.29903294660994, "hard": 8.665162858306275}, "average": {"normal": 3.8531545132477576, "hard": 3.6699930860742143}, "percentSolvingInThreeOrFewer": {"normal": 0.36050094073377237, "hard": 0.43535167636401045}, "percentiles": {"normal": {"p5": 0.53791, "p10": 0.60246, "p20": 0.70108, "p25": 0.74415, "p75": 0.91653, "p80": 0.93045, "p90": 0.95887, "p95": 0.97768}, "hard": {"p5": 0.65343, "p10": 0.73064, "p20": 0.80454, "p25": 0.82936, "p75": 0.94288, "p80": 0.95367, "p90": 0.97587, "p95": 0.99836}}}