{"efficiency": {"normal": 0.8324113548873722, "hard": 0.8841679764853507}, "luck": {"normal": 0.658419957796333, "hard": 0.6853569765110613}, "steps": {"normal": [882, 69443, 144491, 111522, 35050, 7006, 1233], "hard": [130, 24285, 52094, 30248, 8387, 1422, 127]}, "unsolvedPenalty": {"normal": 167.75237464705825, "hard": 8.223421007317672}, "average": {"normal": 3.3693798136354944, "hard": 3.2335977601142085}, "percentSolvingInThreeOrFewer": {"normal": 0.5811696656358978, "hard": 0.6556434404805772}, "percentiles": {"normal": {"p5": 0.62533, "p10": 0.69382, "p20": 0.73023, "p25": 0.73023, "p75": 0.92953, "p80": 0.94349, "p90": 0.9857, "p95": 1}, "hard": {"p5": 0.70919, "p10": 0.7418, "p20": 0.79858, "p25": 0.83682, "p75": 0.96266, "p80": 0.97557, "p90": 1, "p95": 1}}}