{"efficiency": {"normal": 0.8602911873110191, "hard": 0.913089420740106}, "luck": {"normal": 0.7142231793881717, "hard": 0.7351825174086082}, "steps": {"normal": [6097, 79982, 205324, 98612, 27949, 5238, 930], "hard": [981, 24233, 41552, 17097, 3559, 440, 22]}, "unsolvedPenalty": {"normal": 142.64026732083644, "hard": 4.732993804493758}, "average": {"normal": 3.1931253483993682, "hard": 2.993545275520055}, "percentSolvingInThreeOrFewer": {"normal": 0.6870573312082088, "hard": 0.759705976059351}, "percentiles": {"normal": {"p5": 0.60552, "p10": 0.68117, "p20": 0.76847, "p25": 0.79861, "p75": 0.94089, "p80": 0.95471, "p90": 1, "p95": 1}, "hard": {"p5": 0.72603, "p10": 0.78832, "p20": 0.85211, "p25": 0.87292, "p75": 1, "p80": 1, "p90": 1, "p95": 1}}}