{"efficiency":{"normal":0.8078444809819371,"hard":0.8558746170840524},"luck":{"normal":0.6142522681042053,"hard":0.6352962208347109},"steps":{"normal":[1168,32951,211595,180853,58076,13165,1952],"hard":[168,15400,78511,52206,16525,3801,409]},"unsolvedPenalty":{"normal":326.8243921087952,"hard":62.27103907334355},"average":{"normal":3.618992765311567,"hard":3.4946789069517026},"percentSolvingInThreeOrFewer":{"normal":0.4916639987193853,"hard":0.5632798467249431},"percentiles":{"normal":{"p5":0.55568,"p10":0.61534,"p20":0.70047,"p25":0.73796,"p75":0.90658,"p80":0.92149,"p90":0.95098,"p95":0.97962},"hard":{"p5":0.6147,"p10":0.67238,"p20":0.76392,"p25":0.79729,"p75":0.944,"p80":0.95141,"p90":0.98183,"p95":1}}}