{"efficiency": {"normal": 0.8482031279862712, "hard": 0.9017493117382969}, "luck": {"normal": 0.5801424205430212, "hard": 0.5836832695356361}, "steps": {"normal": [1101, 20157, 131122, 123576, 47116, 10156, 1224], "hard": [132, 5744, 31636, 26849, 10541, 1943, 111]}, "unsolvedPenalty": {"normal": 229.36432841218092, "hard": 5.182882186761161}, "average": {"normal": 3.6908087388576303, "hard": 3.6263473008236757}, "percentSolvingInThreeOrFewer": {"normal": 0.45561096958606917, "hard": 0.4874473725245595}, "percentiles": {"normal": {"p5": 0.65229, "p10": 0.7203, "p20": 0.77513, "p25": 0.79738, "p75": 0.9187, "p80": 0.93133, "p90": 0.95854, "p95": 0.97853}, "hard": {"p5": 0.76748, "p10": 0.80567, "p20": 0.85147, "p25": 0.86643, "p75": 0.95506, "p80": 0.96454, "p90": 0.98262, "p95": 0.99833}}}