{"efficiency":{"normal":0.8225187274720458,"hard":0.8904780037277182},"luck":{"normal":0.5816772974733636,"hard":0.5679614408449402},"steps":{"normal":[671,7885,146517,221436,95479,20025,2420],"hard":[94,3286,54068,80648,27779,2986,143]},"unsolvedPenalty":{"normal":172.02424185639143,"hard":16.31464614623291},"average":{"normal":3.9568415219895443,"hard":3.8418635928507388},"percentSolvingInThreeOrFewer":{"normal":0.31363804600421086,"hard":0.33992094861660077},"percentiles":{"normal":{"p5":0.56841,"p10":0.62634,"p20":0.72049,"p25":0.75769,"p75":0.91255,"p80":0.92805,"p90":0.95464,"p95":0.97658},"hard":{"p5":0.68062,"p10":0.75987,"p20":0.83495,"p25":0.85835,"p75":0.95419,"p80":0.96176,"p90":0.98086,"p95":1}}}