{"efficiency": {"normal": 0.8330057259227063, "hard": 0.8896900709069019}, "luck": {"normal": 0.5611046268147896, "hard": 0.5221351179338195}, "steps": {"normal": [2299, 10291, 139980, 172164, 55238, 9941, 1807], "hard": [152, 3227, 46830, 56461, 14601, 1340, 84]}, "unsolvedPenalty": {"normal": 154.0402726141659, "hard": 7.7122118460397235}, "average": {"normal": 3.778505157440555, "hard": 3.704965257034484}, "percentSolvingInThreeOrFewer": {"normal": 0.38948738895129176, "hard": 0.4092179795427687}, "percentiles": {"normal": {"p5": 0.55717, "p10": 0.61981, "p20": 0.71524, "p25": 0.76082, "p75": 0.93904, "p80": 0.95043, "p90": 0.98167, "p95": 0.99419}, "hard": {"p5": 0.64409, "p10": 0.72091, "p20": 0.83012, "p25": 0.85582, "p75": 0.96563, "p80": 0.97446, "p90": 0.99206, "p95": 1}}}