{"efficiency": {"normal": 0.8249289220801994, "hard": 0.8555808580214392}, "luck": {"normal": 0.5103494606926059, "hard": 0.5489080754235617}, "steps": {"normal": [654, 6117, 76574, 136405, 67513, 13423, 1528], "hard": [64, 3000, 23628, 31268, 12998, 1807, 74]}, "unsolvedPenalty": {"normal": 146.35226441203028, "hard": 4.29799502194912}, "average": {"normal": 4.027528017445955, "hard": 3.8217753949810125}, "percentSolvingInThreeOrFewer": {"normal": 0.2757813999351453, "hard": 0.36645203805653564}}