{"efficiency": {"normal": 0.8078817503744641, "hard": 0.852610324950216}, "luck": {"normal": 0.5313022698347816, "hard": 0.5052037540484529}, "steps": {"normal": [1849, 9526, 107666, 159515, 55353, 11841, 2795], "hard": [118, 2553, 32203, 52595, 13737, 1234, 59]}, "unsolvedPenalty": {"normal": 241.33787082597308, "hard": 2.4566332478330217}, "average": {"normal": 3.8720289714981595, "hard": 3.7924024296163656}, "percentSolvingInThreeOrFewer": {"normal": 0.3415369607941586, "hard": 0.340237465731373}, "percentiles": {"normal": {"p5": 0.55768, "p10": 0.61962, "p20": 0.70229, "p25": 0.73817, "p75": 0.90685, "p80": 0.91896, "p90": 0.94523, "p95": 0.96549}, "hard": {"p5": 0.6415, "p10": 0.69182, "p20": 0.76955, "p25": 0.79602, "p75": 0.9313, "p80": 0.9441, "p90": 0.96536, "p95": 0.99079}}}