{"efficiency": {"normal": 0.8581035323980858, "hard": 0.9146168932654212}, "luck": {"normal": 0.6134543936911753, "hard": 0.613910596499615}, "steps": {"normal": [2089, 21092, 148277, 149591, 62955, 13287, 3160], "hard": [110, 8677, 48038, 42005, 18611, 2342, 147]}, "unsolvedPenalty": {"normal": 322.2978272898267, "hard": 8.762571455745682}, "average": {"normal": 3.7567824723306718, "hard": 3.649985512978035}, "percentSolvingInThreeOrFewer": {"normal": 0.4281622470664326, "hard": 0.4738180605353123}, "percentiles": {"normal": {"p5": 0.57735, "p10": 0.6603, "p20": 0.76598, "p25": 0.80451, "p75": 0.95665, "p80": 0.97107, "p90": 0.9954, "p95": 1}, "hard": {"p5": 0.71495, "p10": 0.79295, "p20": 0.85689, "p25": 0.88301, "p75": 0.98682, "p80": 0.99505, "p90": 1, "p95": 1}}}