{"efficiency": {"normal": 0.8153695386248304, "hard": 0.8634413585211163}, "luck": {"normal": 0.5265569262720028, "hard": 0.5053903086242488}, "steps": {"normal": [0, 8596, 78348, 141351, 96985, 25597, 3515], "hard": [0, 1935, 14755, 35100, 21467, 3190, 148]}, "unsolvedPenalty": {"normal": 450.8825463903111, "hard": 9.079619673200664}, "average": {"normal": 4.179560719616669, "hard": 4.126314767539307}, "percentSolvingInThreeOrFewer": {"normal": 0.245332851757376, "hard": 0.21789934068803446}, "percentiles": {"normal": {"p5": 0.54151, "p10": 0.60821, "p20": 0.70155, "p25": 0.73888, "p75": 0.92169, "p80": 0.93528, "p90": 0.96787, "p95": 0.99339}, "hard": {"p5": 0.63486, "p10": 0.7006, "p20": 0.78595, "p25": 0.81315, "p75": 0.94355, "p80": 0.95539, "p90": 0.97951, "p95": 0.99628}}}