{"efficiency": {"normal": 0.8293429038941673, "hard": 0.8864913267269909}, "luck": {"normal": 0.765107580030904, "hard": 0.7462849501283297}, "steps": {"normal": [18017, 80272, 190649, 89492, 23466, 5987, 1391], "hard": [3992, 26335, 56747, 28627, 6676, 1230, 110]}, "unsolvedPenalty": {"normal": 88.82295957097118, "hard": 9.94046936109633}, "average": {"normal": 3.1068521893879675, "hard": 3.095378488561484}, "percentSolvingInThreeOrFewer": {"normal": 0.7059769249940138, "hard": 0.7038159670861724}, "percentiles": {"normal": {"p5": 0.54035, "p10": 0.63236, "p20": 0.71691, "p25": 0.75869, "p75": 0.93626, "p80": 0.9596, "p90": 1, "p95": 1}, "hard": {"p5": 0.62836, "p10": 0.70916, "p20": 0.80556, "p25": 0.83132, "p75": 0.9826, "p80": 0.99973, "p90": 1, "p95": 1}}}