{"efficiency": {"normal": 0.8509169936567491, "hard": 0.9175500999966335}, "luck": {"normal": 0.5781336091487743, "hard": 0.6026881051405526}, "steps": {"normal": [1674, 19375, 138058, 164825, 61511, 13842, 2857], "hard": [86, 10961, 33577, 32977, 8279, 787, 34]}, "unsolvedPenalty": {"normal": 453.9367720107743, "hard": 2.5}, "average": {"normal": 3.7920882095677912, "hard": 3.471753497652853}, "percentSolvingInThreeOrFewer": {"normal": 0.3956488006723993, "hard": 0.5146884118983633}, "percentiles": {"normal": {"p5": 0.58817, "p10": 0.66667, "p20": 0.7678, "p25": 0.8011, "p75": 0.9412, "p80": 0.95273, "p90": 0.96787, "p95": 1}, "hard": {"p5": 0.73099, "p10": 0.80577, "p20": 0.86438, "p25": 0.88263, "p75": 0.99001, "p80": 1, "p90": 1, "p95": 1}}}