{"efficiency": {"normal": 0.8406181204450782, "hard": 0.8831191782964642}, "luck": {"normal": 0.49818830307248196, "hard": 0.49124380357585223}, "steps": {"normal": [890, 2749, 78635, 168155, 81232, 21962, 4092], "hard": [50, 761, 18775, 40838, 16322, 3394, 398]}, "unsolvedPenalty": {"normal": 403.77464625064795, "hard": 22.446116464069906}, "average": {"normal": 4.1426632225270135, "hard": 4.048169138996053}, "percentSolvingInThreeOrFewer": {"normal": 0.2299987420152915, "hard": 0.24318955027440464}, "percentiles": {"normal": {"p5": 0.59539, "p10": 0.65862, "p20": 0.75684, "p25": 0.78739, "p75": 0.92924, "p80": 0.93949, "p90": 0.96038, "p95": 0.97249}, "hard": {"p5": 0.68701, "p10": 0.76122, "p20": 0.82889, "p25": 0.85086, "p75": 0.94539, "p80": 0.95296, "p90": 0.97271, "p95": 0.9865}}}