{"efficiency": {"normal": 0.7923178134675378, "hard": 0.8396288963549666}, "luck": {"normal": 0.5097500659618592, "hard": 0.4916034090368952}, "steps": {"normal": [1082, 5584, 62891, 137326, 102393, 38258, 5846], "hard": [68, 1441, 13444, 29803, 25004, 9274, 883]}, "unsolvedPenalty": {"normal": 385.72199818655236, "hard": 20.40630319407883}, "average": {"normal": 4.338241332271737, "hard": 4.371528039130523}, "percentSolvingInThreeOrFewer": {"normal": 0.1968334370932141, "hard": 0.18710662312148854}, "percentiles": {"normal": {"p5": 0.53224, "p10": 0.59784, "p20": 0.67515, "p25": 0.70843, "p75": 0.89742, "p80": 0.91276, "p90": 0.94465, "p95": 0.9655}, "hard": {"p5": 0.61198, "p10": 0.66667, "p20": 0.74221, "p25": 0.77417, "p75": 0.9283, "p80": 0.9401, "p90": 0.9679, "p95": 0.98303}}}