{"efficiency": {"normal": 0.7103616366641141, "hard": 0.7804973318415748}, "luck": {"normal": 0.5903121102055394, "hard": 0.5884134712983116}, "steps": {"normal": [1492, 26288, 124999, 145724, 60366, 15620, 2479], "hard": [200, 7735, 42023, 43370, 16674, 3993, 403]}, "unsolvedPenalty": {"normal": 662.3272458596492, "hard": 67.36856015277715}, "average": {"normal": 3.781557923340601, "hard": 3.718905650100113}, "percentSolvingInThreeOrFewer": {"normal": 0.4052837376116806, "hard": 0.4367034388713089}, "percentiles": {"normal": {"p5": 0.32143, "p10": 0.42224, "p20": 0.55077, "p25": 0.59742, "p75": 0.86628, "p80": 0.88728, "p90": 0.93097, "p95": 0.9605}, "hard": {"p5": 0.41602, "p10": 0.50001, "p20": 0.64094, "p25": 0.68269, "p75": 0.92184, "p80": 0.93918, "p90": 0.97462, "p95": 1}}}