{"efficiency":{"normal":0.8492248319745255,"hard":0.8835809987592408},"luck":{"normal":0.5620322185961142,"hard":0.5571539105883846},"steps":{"normal":[830,14076,167062,195307,73203,14022,1831],"hard":[105,5385,58722,68958,21358,3220,216]},"unsolvedPenalty":{"normal":127.69532396054929,"hard":8.139476765291978},"average":{"normal":3.805210666509326,"hard":3.738213387080381},"percentSolvingInThreeOrFewer":{"normal":0.39021210256234307,"hard":0.4064976830163835},"percentiles":{"normal":{"p5":0.60019,"p10":0.67545,"p20":0.75987,"p25":0.7885,"p75":0.93603,"p80":0.9509,"p90":0.98956,"p95":0.99658},"hard":{"p5":0.68019,"p10":0.74416,"p20":0.81445,"p25":0.83908,"p75":0.95556,"p80":0.96176,"p90":0.98853,"p95":1}}}