{"efficiency":{"normal":0.7971619539063789,"hard":0.8331573812244706},"luck":{"normal":0.40853001471507044,"hard":0.4101555399876256},"steps":{"normal":[1171,3124,38332,135252,167943,84804,13791],"hard":[108,1225,16576,49750,53409,31442,4134]},"unsolvedPenalty":{"normal":713.0506960170113,"hard":159.3601196323051},"average":{"normal":4.746020180812204,"hard":4.699065142103319},"percentSolvingInThreeOrFewer":{"normal":0.09591667285454877,"hard":0.11432930721891678},"percentiles":{"normal":{"p5":0.52564,"p10":0.60009,"p20":0.68083,"p25":0.71077,"p75":0.90481,"p80":0.91731,"p90":0.94551,"p95":0.96462},"hard":{"p5":0.5829,"p10":0.65134,"p20":0.72325,"p25":0.75513,"p75":0.92871,"p80":0.93856,"p90":0.96177,"p95":0.97689}}}