{"efficiency": {"normal": 0.8055853184376823, "hard": 0.848840268989963}, "luck": {"normal": 0.6210656885339844, "hard": 0.610885829413335}, "steps": {"normal": [670, 14538, 123732, 150500, 48782, 10464, 1301], "hard": [99, 7610, 46125, 47528, 16189, 2951, 241]}, "unsolvedPenalty": {"normal": 76.93271021391564, "hard": 11.9386226354468}, "average": {"normal": 3.768196912200207, "hard": 3.6785232984325007}, "percentSolvingInThreeOrFewer": {"normal": 0.39698617377216866, "hard": 0.44585607447222614}, "percentiles": {"normal": {"p5": 0.55191, "p10": 0.608, "p20": 0.70481, "p25": 0.73899, "p75": 0.90325, "p80": 0.91549, "p90": 0.9447, "p95": 0.97014}, "hard": {"p5": 0.61154, "p10": 0.66052, "p20": 0.76097, "p25": 0.78828, "p75": 0.93651, "p80": 0.94701, "p90": 0.978, "p95": 0.99483}}}