{"efficiency":{"normal":0.856503774706457,"hard":0.901516351695122},"luck":{"normal":0.5304767759348626,"hard":0.5566167081356068},"steps":{"normal":[1511,26171,135921,185986,97036,33669,4898],"hard":[136,11400,54273,58801,28981,8343,754]},"unsolvedPenalty":{"normal":603.154569243763,"hard":32.92350827540491},"average":{"normal":3.9729491718108374,"hard":3.8185540636572792},"percentSolvingInThreeOrFewer":{"normal":0.3371922867648271,"hard":0.40451047403619195},"percentiles":{"normal":{"p5":0.61354,"p10":0.69886,"p20":0.7812,"p25":0.80555,"p75":0.94315,"p80":0.95717,"p90":0.97858,"p95":0.98717},"hard":{"p5":0.74262,"p10":0.78844,"p20":0.83995,"p25":0.85687,"p75":0.96674,"p80":0.97817,"p90":1,"p95":1}}}