{"efficiency":{"normal":0.8026316103020764,"hard":0.8540449888900803},"luck":{"normal":0.6178119875301863,"hard":0.5990669609027013},"steps":{"normal":[2044,22234,166332,181986,64133,11653,1634],"hard":[338,9806,67720,61260,14912,1563,102]},"unsolvedPenalty":{"normal":149.73434862804308,"hard":3.8374182457969486},"average":{"normal":3.723473686154777,"hard":3.5504321579067946},"percentSolvingInThreeOrFewer":{"normal":0.42356271777003485,"hard":0.5000867046454422},"percentiles":{"normal":{"p5":0.53652,"p10":0.59857,"p20":0.68926,"p25":0.72937,"p75":0.90186,"p80":0.91195,"p90":0.94448,"p95":0.97164},"hard":{"p5":0.61644,"p10":0.67596,"p20":0.77723,"p25":0.80277,"p75":0.9344,"p80":0.94492,"p90":0.98001,"p95":1}}}