{"efficiency":{"normal":0.8456570639615926,"hard":0.8936760920231381},"luck":{"normal":0.720547803017886,"hard":0.7062930973876652},"steps":{"normal":[5380,110479,276145,149384,36663,5913,1017],"hard":[1697,42828,82395,46081,9073,762,31]},"unsolvedPenalty":{"normal":88.41143205918003,"hard":0},"average":{"normal":3.2108896039906583,"hard":3.1116385132363957},"percentSolvingInThreeOrFewer":{"normal":0.6701140720809736,"hard":0.6940563360256361},"percentiles":{"normal":{"p5":0.57327,"p10":0.64207,"p20":0.75612,"p25":0.78546,"p75":0.93497,"p80":0.95351,"p90":1,"p95":1},"hard":{"p5":0.66692,"p10":0.75454,"p20":0.83252,"p25":0.84883,"p75":0.97018,"p80":0.9871,"p90":1,"p95":1}}}