{"efficiency": {"normal": 0.8776422916508708, "hard": 0.9178893758915417}, "luck": {"normal": 0.557773133010954, "hard": 0.5438426504652194}, "steps": {"normal": [631, 13355, 105743, 115211, 75573, 16572, 1913], "hard": [76, 5544, 23658, 27837, 16091, 3064, 140]}, "unsolvedPenalty": {"normal": 230.33694146490055, "hard": 3.7572524085074894}, "average": {"normal": 3.9402438219729747, "hard": 3.838617422489314}, "percentSolvingInThreeOrFewer": {"normal": 0.3639201454112183, "hard": 0.3831697421803429}, "percentiles": {"normal": {"p5": 0.66579, "p10": 0.74319, "p20": 0.81702, "p25": 0.84031, "p75": 0.95063, "p80": 0.95976, "p90": 0.9765, "p95": 0.98808}, "hard": {"p5": 0.75606, "p10": 0.81935, "p20": 0.87174, "p25": 0.88753, "p75": 0.97211, "p80": 0.98117, "p90": 0.99551, "p95": 0.99971}}}