{"efficiency": {"normal": 0.7929656575235975, "hard": 0.8726388220085074}, "luck": {"normal": 0.5541184980863317, "hard": 0.5918224692790932}, "steps": {"normal": [427, 3893, 59062, 130921, 71632, 14714, 1527], "hard": [45, 4551, 28738, 23364, 10660, 1423, 65]}, "unsolvedPenalty": {"normal": 75.79294640902762, "hard": 4.241140335772557}, "average": {"normal": 4.133206909681933, "hard": 3.6474775751726427}, "percentSolvingInThreeOrFewer": {"normal": 0.22461867770469493, "hard": 0.48418208755773756}}