{"efficiency": {"normal": 0.8504440125691624, "hard": 0.8957392893730847}, "luck": {"normal": 0.4728558531828553, "hard": 0.46094235345927514}, "steps": {"normal": [1931, 8620, 87854, 181918, 100384, 25403, 4088], "hard": [69, 1654, 20438, 41139, 18957, 3733, 294]}, "unsolvedPenalty": {"normal": 897.4942751797773, "hard": 38.55923662571306}, "average": {"normal": 4.130338261705761, "hard": 4.039295341391518}, "percentSolvingInThreeOrFewer": {"normal": 0.23989634274179786, "hard": 0.25683788419637477}, "percentiles": {"normal": {"p5": 0.62298, "p10": 0.70166, "p20": 0.78069, "p25": 0.80243, "p75": 0.92824, "p80": 0.93861, "p90": 0.96235, "p95": 0.98542}, "hard": {"p5": 0.73826, "p10": 0.79563, "p20": 0.84577, "p25": 0.86226, "p75": 0.95073, "p80": 0.96033, "p90": 0.97899, "p95": 0.99273}}}