{"efficiency": {"normal": 0.8545063624969929, "hard": 0.8954381759896294}, "luck": {"normal": 0.5282492013434799, "hard": 0.5388234207729475}, "steps": {"normal": [2501, 17123, 149926, 159171, 68701, 14368, 2342], "hard": [198, 5782, 48406, 44796, 17491, 2676, 123]}, "unsolvedPenalty": {"normal": 692.522862593226, "hard": 11.615603198770978}, "average": {"normal": 3.791082367125924, "hard": 3.687454931726252}, "percentSolvingInThreeOrFewer": {"normal": 0.4094105261124472, "hard": 0.4552196330520959}, "percentiles": {"normal": {"p5": 0.62336, "p10": 0.70518, "p20": 0.7832, "p25": 0.80713, "p75": 0.93362, "p80": 0.94385, "p90": 0.96977, "p95": 0.98814}, "hard": {"p5": 0.72486, "p10": 0.78636, "p20": 0.8395, "p25": 0.85953, "p75": 0.95465, "p80": 0.96331, "p90": 0.98401, "p95": 1}}}