{"efficiency": {"normal": 0.7901245738608605, "hard": 0.8626127887780093}, "luck": {"normal": 0.621975253402665, "hard": 0.5774373227445848}, "steps": {"normal": [2293, 21881, 105639, 153372, 59442, 12760, 2401], "hard": [231, 6149, 31742, 56664, 15052, 1812, 155]}, "unsolvedPenalty": {"normal": 147.52844145483257, "hard": 8.60692489593684}, "average": {"normal": 3.821214038596752, "hard": 3.771178452885792}, "percentSolvingInThreeOrFewer": {"normal": 0.36282100014533747, "hard": 0.3409686507759045}, "percentiles": {"normal": {"p5": 0.46361, "p10": 0.53035, "p20": 0.63678, "p25": 0.68248, "p75": 0.91956, "p80": 0.93973, "p90": 0.98678, "p95": 1}, "hard": {"p5": 0.60878, "p10": 0.67881, "p20": 0.78547, "p25": 0.81405, "p75": 0.95368, "p80": 0.96524, "p90": 0.99111, "p95": 1}}}