{"efficiency": {"normal": 0.8316554399637108, "hard": 0.8886480038865994}, "luck": {"normal": 0.6084015002006238, "hard": 0.5808998976536659}, "steps": {"normal": [563, 11376, 108685, 123940, 40464, 5840, 708], "hard": [60, 3157, 22001, 36081, 7653, 475, 39]}, "unsolvedPenalty": {"normal": 45.55226460205482, "hard": 3.4021457184079154}, "average": {"normal": 3.72970186937403, "hard": 3.7153773377727}, "percentSolvingInThreeOrFewer": {"normal": 0.4136966005432546, "hard": 0.3630265165692569}}