{"efficiency": {"normal": 0.8385135228724774, "hard": 0.8829558699836342}, "luck": {"normal": 0.42678760607195243, "hard": 0.41870913893135503}, "steps": {"normal": [635, 1625, 32661, 151709, 82678, 20899, 2933], "hard": [54, 340, 9890, 40135, 17021, 3008, 217]}, "unsolvedPenalty": {"normal": 117.13406771992078, "hard": 3}, "average": {"normal": 4.326042621504127, "hard": 4.183386400622656}, "percentSolvingInThreeOrFewer": {"normal": 0.11912737940915603, "hard": 0.14553173423901508}}