{"efficiency": {"normal": 0.8039270878450201, "hard": 0.8452740406607782}, "luck": {"normal": 0.48477719915061124, "hard": 0.479591265399698}, "steps": {"normal": [426, 2152, 37874, 120057, 96158, 31118, 3200], "hard": [56, 393, 9786, 29407, 24399, 7688, 672]}, "unsolvedPenalty": {"normal": 62.115681253242705, "hard": 2}, "average": {"normal": 4.428201163913099, "hard": 4.428902915705584}, "percentSolvingInThreeOrFewer": {"normal": 0.1390174751275839, "hard": 0.14136545075344265}}