{"efficiency":{"normal":0.7967506605516306,"hard":0.8748379425411934},"luck":{"normal":0.5589783566788369,"hard":0.5494504984396535},"steps":{"normal":[1458,12553,111554,220546,115977,44310,16032],"hard":[116,3821,37941,77574,37342,11514,2804]},"unsolvedPenalty":{"normal":346.3206577232127,"hard":28.446842014635337},"average":{"normal":4.21439297256613,"hard":4.133710358373548},"percentSolvingInThreeOrFewer":{"normal":0.24034798920429531,"hard":0.24474028706344383},"percentiles":{"normal":{"p5":0.46362,"p10":0.57008,"p20":0.70083,"p25":0.73479,"p75":0.90907,"p80":0.92044,"p90":0.94198,"p95":0.96512},"hard":{"p5":0.60448,"p10":0.72928,"p20":0.82267,"p25":0.84597,"p75":0.94741,"p80":0.95695,"p90":0.98527,"p95":0.99936}}}