{"efficiency": {"normal": 0.8200049384777147, "hard": 0.8907491195553771}, "luck": {"normal": 0.6415772072156819, "hard": 0.6515582663117017}, "steps": {"normal": [2524, 59883, 206572, 175567, 77550, 27342, 5963], "hard": [278, 22780, 68531, 54020, 18572, 4971, 691]}, "unsolvedPenalty": {"normal": 536.6923701307608, "hard": 44.566584058956494}, "average": {"normal": 3.6700576563062195, "hard": 3.503697924459995}, "percentSolvingInThreeOrFewer": {"normal": 0.48429693140631724, "hard": 0.5392568430844957}, "percentiles": {"normal": {"p5": 0.54168, "p10": 0.61828, "p20": 0.70938, "p25": 0.74436, "p75": 0.92824, "p80": 0.9478, "p90": 1, "p95": 1}, "hard": {"p5": 0.66116, "p10": 0.74461, "p20": 0.83011, "p25": 0.84764, "p75": 0.97864, "p80": 0.9862, "p90": 1, "p95": 1}}}