{"efficiency": {"normal": 0.8496924417055506, "hard": 0.8963637587610657}, "luck": {"normal": 0.6622415608338089, "hard": 0.6658210492878693}, "steps": {"normal": [3237, 84443, 209540, 115866, 26742, 4289, 863], "hard": [287, 21315, 40404, 22250, 3815, 363, 20]}, "unsolvedPenalty": {"normal": 272.77474833085193, "hard": 3.5}, "average": {"normal": 3.213548417340849, "hard": 3.103596219503923}, "percentSolvingInThreeOrFewer": {"normal": 0.6679401321407704, "hard": 0.7009971284509463}, "percentiles": {"normal": {"p5": 0.648, "p10": 0.71578, "p20": 0.77524, "p25": 0.79664, "p75": 0.91695, "p80": 0.92866, "p90": 0.96015, "p95": 0.99806}, "hard": {"p5": 0.7227, "p10": 0.7796, "p20": 0.83308, "p25": 0.84921, "p75": 0.96542, "p80": 0.98558, "p90": 1, "p95": 1}}}