{"efficiency": {"normal": 0.8190936937904522, "hard": 0.8657944601808474}, "luck": {"normal": 0.5318990134021901, "hard": 0.5219838420579538}, "steps": {"normal": [919, 11297, 83525, 130720, 68432, 15533, 1682], "hard": [77, 2769, 21895, 31965, 14119, 2463, 141]}, "unsolvedPenalty": {"normal": 267.7084404389455, "hard": 7}, "average": {"normal": 3.986977932127465, "hard": 3.8884773046071714}, "percentSolvingInThreeOrFewer": {"normal": 0.3067559947197765, "hard": 0.33693772215337264}, "percentiles": {"normal": {"p5": 0.58731, "p10": 0.65106, "p20": 0.72386, "p25": 0.75278, "p75": 0.90785, "p80": 0.92287, "p90": 0.94692, "p95": 0.97195}, "hard": {"p5": 0.66216, "p10": 0.72366, "p20": 0.78821, "p25": 0.81236, "p75": 0.9405, "p80": 0.95076, "p90": 0.98473, "p95": 1}}}