{"efficiency":{"normal":0.8105248846054904,"hard":0.8757462785233198},"luck":{"normal":0.4522958269070448,"hard":0.4684416975770239},"steps":{"normal":[616,4100,82278,189689,96793,42387,16081],"hard":[93,1824,36452,66249,29771,13524,6565]},"unsolvedPenalty":{"normal":8394.130908366693,"hard":3869.300400502494},"average":{"normal":4.337724637703885,"hard":4.258964385870496},"percentSolvingInThreeOrFewer":{"normal":0.20140110755097884,"hard":0.2483784098706612},"percentiles":{"normal":{"p5":0.52668,"p10":0.59516,"p20":0.676,"p25":0.71243,"p75":0.92386,"p80":0.93613,"p90":0.96152,"p95":0.97716},"hard":{"p5":0.65323,"p10":0.7318,"p20":0.82085,"p25":0.84455,"p75":0.94355,"p80":0.95108,"p90":0.9731,"p95":0.98688}}}