{"efficiency": {"normal": 0.8329780282045319, "hard": 0.886033070502123}, "luck": {"normal": 0.6211233850773035, "hard": 0.6315130763820002}, "steps": {"normal": [3624, 42768, 159849, 150936, 47867, 9469, 1445], "hard": [337, 11062, 37498, 29903, 6977, 903, 54]}, "unsolvedPenalty": {"normal": 278.19694053981124, "hard": 2.335590110038992}, "average": {"normal": 3.5556310900151935, "hard": 3.404089925405378}, "percentSolvingInThreeOrFewer": {"normal": 0.4958216935363666, "hard": 0.5637581571240805}, "percentiles": {"normal": {"p5": 0.57682, "p10": 0.64681, "p20": 0.73971, "p25": 0.76953, "p75": 0.9195, "p80": 0.93416, "p90": 0.96704, "p95": 0.99619}, "hard": {"p5": 0.6553, "p10": 0.72584, "p20": 0.81487, "p25": 0.8413, "p75": 0.96102, "p80": 0.97576, "p90": 0.99908, "p95": 1}}}