{"efficiency": {"normal": 0.8256394418204158, "hard": 0.8660807460912846}, "luck": {"normal": 0.5663233297363591, "hard": 0.5722215355222645}, "steps": {"normal": [2339, 9421, 127615, 158969, 70532, 19876, 4156], "hard": [153, 3404, 45474, 44856, 18751, 3923, 419]}, "unsolvedPenalty": {"normal": 574.7246601534457, "hard": 30.11190416542159}, "average": {"normal": 3.9232714138173654, "hard": 3.787511642196661}, "percentSolvingInThreeOrFewer": {"normal": 0.3547268062752604, "hard": 0.41914002393571553}, "percentiles": {"normal": {"p5": 0.55074, "p10": 0.62301, "p20": 0.72004, "p25": 0.75316, "p75": 0.9277, "p80": 0.93966, "p90": 0.96383, "p95": 0.98737}, "hard": {"p5": 0.63249, "p10": 0.70364, "p20": 0.78815, "p25": 0.81435, "p75": 0.94532, "p80": 0.95308, "p90": 0.9801, "p95": 0.99872}}}