{"efficiency":{"normal":0.8214544366135892,"hard":0.8812486925469439},"luck":{"normal":0.5618131162495495,"hard":0.5555138842817728},"steps":{"normal":[867,15593,131817,169380,91876,29858,4578],"hard":[138,5140,47998,58489,30101,9096,1095]},"unsolvedPenalty":{"normal":456.5518087919099,"hard":84.82288120688787},"average":{"normal":4.000402171793057,"hard":3.953772748911309},"percentSolvingInThreeOrFewer":{"normal":0.3339805256673326,"hard":0.35036861177058604},"percentiles":{"normal":{"p5":0.57136,"p10":0.65157,"p20":0.73604,"p25":0.76111,"p75":0.90798,"p80":0.92426,"p90":0.95682,"p95":0.98578},"hard":{"p5":0.66893,"p10":0.74486,"p20":0.81239,"p25":0.83228,"p75":0.95842,"p80":0.96852,"p90":0.99312,"p95":1}}}