{"efficiency": {"normal": 0.7852482542596956, "hard": 0.8323998977379359}, "luck": {"normal": 0.5056345531993496, "hard": 0.4778521986346331}, "steps": {"normal": [1434, 8763, 93362, 131336, 80178, 44590, 23807], "hard": [61, 2028, 23408, 39597, 22846, 12127, 5536]}, "unsolvedPenalty": {"normal": 3863.967536370827, "hard": 789.9667772728222}, "average": {"normal": 4.337583037881375, "hard": 4.348957574853677}, "percentSolvingInThreeOrFewer": {"normal": 0.27005763162698515, "hard": 0.24144200448850886}, "percentiles": {"normal": {"p5": 0.46137, "p10": 0.54479, "p20": 0.64883, "p25": 0.68409, "p75": 0.91107, "p80": 0.93175, "p90": 0.96401, "p95": 0.99132}, "hard": {"p5": 0.56632, "p10": 0.6347, "p20": 0.71992, "p25": 0.75387, "p75": 0.93305, "p80": 0.94616, "p90": 0.9766, "p95": 0.99746}}}