{"efficiency":{"normal":0.8084897603638211,"hard":0.855384768668973},"luck":{"normal":0.5427616787745096,"hard":0.5397221802206846},"steps":{"normal":[1064,8155,111835,219757,107867,25166,3243],"hard":[112,3768,40649,75329,36278,5342,367]},"unsolvedPenalty":{"normal":189.44232436739858,"hard":16.009591500296565},"average":{"normal":4.077093784413257,"hard":3.9972690512002242},"percentSolvingInThreeOrFewer":{"normal":0.25373569181302363,"hard":0.2751336154963082},"percentiles":{"normal":{"p5":0.54329,"p10":0.60157,"p20":0.69318,"p25":0.73527,"p75":0.91016,"p80":0.92192,"p90":0.95136,"p95":0.97122},"hard":{"p5":0.63176,"p10":0.69468,"p20":0.77599,"p25":0.80409,"p75":0.93318,"p80":0.94529,"p90":0.9698,"p95":0.99083}}}