{"efficiency": {"normal": 0.8152111137997224, "hard": 0.8637458395657046}, "luck": {"normal": 0.5288355575222713, "hard": 0.5217250865785734}, "steps": {"normal": [620, 4813, 86662, 121419, 66000, 36301, 13539], "hard": [101, 2232, 30048, 42019, 21297, 12982, 4964]}, "unsolvedPenalty": {"normal": 1622.03995944035, "hard": 383.734656145182}, "average": {"normal": 4.251076470786571, "hard": 4.243937019052165}, "percentSolvingInThreeOrFewer": {"normal": 0.27962314105794983, "hard": 0.28493615972827185}, "percentiles": {"normal": {"p5": 0.5513, "p10": 0.60968, "p20": 0.71557, "p25": 0.75028, "p75": 0.91483, "p80": 0.92958, "p90": 0.95983, "p95": 0.97771}, "hard": {"p5": 0.63661, "p10": 0.71585, "p20": 0.79577, "p25": 0.81873, "p75": 0.93734, "p80": 0.94707, "p90": 0.97417, "p95": 0.99317}}}