{"efficiency":{"normal":0.6513257170692028,"hard":0.7158518908263748},"luck":{"normal":0.4526829295084152,"hard":0.4044471658706449},"steps":{"normal":[614,1384,13275,37618,47371,64096,80423],"hard":[51,286,4171,12832,18411,26533,34862]},"unsolvedPenalty":{"normal":18079.199557978594,"hard":9388.965134774851},"average":{"normal":5.703670626224987,"hard":5.858604215662763},"percentSolvingInThreeOrFewer":{"normal":0.062394548596500544,"hard":0.046404381034731226},"percentiles":{"normal":{"p5":0.43577,"p10":0.50356,"p20":0.60082,"p25":0.63419,"p75":0.89397,"p80":0.90947,"p90":0.94198,"p95":0.96483},"hard":{"p5":0.51629,"p10":0.57721,"p20":0.67551,"p25":0.71224,"p75":0.92101,"p80":0.93401,"p90":0.96271,"p95":0.98257}}}