{"efficiency": {"normal": 0.8170756847799218, "hard": 0.866364578995144}, "luck": {"normal": 0.6778594110312682, "hard": 0.6319903272451761}, "steps": {"normal": [717, 40349, 118777, 96389, 38410, 9454, 1554], "hard": [121, 8247, 28665, 25843, 9155, 1648, 175]}, "unsolvedPenalty": {"normal": 48.76270125877649, "hard": 3.8965906616099035}, "average": {"normal": 3.543277483072988, "hard": 3.5593724996704528}, "percentSolvingInThreeOrFewer": {"normal": 0.5229609029936202, "hard": 0.5014352641698486}}