{"efficiency": {"normal": 0.8318967772607537, "hard": 0.8665729395534562}, "luck": {"normal": 0.6434429392104484, "hard": 0.637819820228346}, "steps": {"normal": [1279, 23856, 157629, 142070, 44754, 7752, 1488], "hard": [97, 6217, 37046, 31369, 6856, 639, 43]}, "unsolvedPenalty": {"normal": 104.34043946468215, "hard": 6.425423937175005}, "average": {"normal": 3.6189519793665323, "hard": 3.4955258539139282}, "percentSolvingInThreeOrFewer": {"normal": 0.4824458593345793, "hard": 0.5270643149744125}, "percentiles": {"normal": {"p5": 0.55752, "p10": 0.62185, "p20": 0.71961, "p25": 0.76142, "p75": 0.93274, "p80": 0.94426, "p90": 0.98145, "p95": 1}, "hard": {"p5": 0.63353, "p10": 0.68708, "p20": 0.7854, "p25": 0.81512, "p75": 0.94617, "p80": 0.9623, "p90": 0.99747, "p95": 1}}}