{"efficiency":{"normal":0.8345537943840443,"hard":0.8779013922386466},"luck":{"normal":0.675426733227723,"hard":0.6122253994438163},"steps":{"normal":[915,73854,175446,141536,53369,13128,1805],"hard":[199,16256,59147,59236,19078,3867,435]},"unsolvedPenalty":{"normal":138.36932960970316,"hard":13.582324305588738},"average":{"normal":3.476754568124998,"hard":3.5947021345504653},"percentSolvingInThreeOrFewer":{"normal":0.5438829873949306,"hard":0.47783438041183685},"percentiles":{"normal":{"p5":0.5,"p10":0.5837,"p20":0.72287,"p25":0.76108,"p75":0.94553,"p80":0.96274,"p90":1,"p95":1},"hard":{"p5":0.63497,"p10":0.71765,"p20":0.80511,"p25":0.83341,"p75":0.95715,"p80":0.96596,"p90":0.99634,"p95":1}}}