{"efficiency": {"normal": 0.797049334487139, "hard": 0.8472496623059104}, "luck": {"normal": 0.4258407195461335, "hard": 0.43080721461913163}, "steps": {"normal": [500, 2399, 31858, 112099, 82973, 22358, 3758], "hard": [49, 641, 9654, 31060, 18006, 3251, 321]}, "unsolvedPenalty": {"normal": 136.68929510813618, "hard": 6.52701289576154}, "average": {"normal": 4.394396019828902, "hard": 4.228549855719026}, "percentSolvingInThreeOrFewer": {"normal": 0.13579870675340405, "hard": 0.16423740116223684}}