{"efficiency": {"normal": 0.8396026929540379, "hard": 0.8973676183788141}, "luck": {"normal": 0.6426814379014182, "hard": 0.6510015915456301}, "steps": {"normal": [1541, 12769, 169331, 173795, 57921, 10511, 1910], "hard": [70, 4587, 56008, 40418, 11141, 961, 30]}, "unsolvedPenalty": {"normal": 159.92680618590379, "hard": 1.441741850988604}, "average": {"normal": 3.731965942162023, "hard": 3.5385986109777945}, "percentSolvingInThreeOrFewer": {"normal": 0.42929042634263564, "hard": 0.5358388906063685}, "percentiles": {"normal": {"p5": 0.54739, "p10": 0.61633, "p20": 0.72717, "p25": 0.77925, "p75": 0.9464, "p80": 0.95544, "p90": 0.98491, "p95": 0.99876}, "hard": {"p5": 0.64027, "p10": 0.73646, "p20": 0.8378, "p25": 0.86145, "p75": 0.97509, "p80": 0.97733, "p90": 1, "p95": 1}}}