{"efficiency":{"normal":0.7993054841038166,"hard":0.879329706180648},"luck":{"normal":0.5097766610715125,"hard":0.5021934441958272},"steps":{"normal":[894,16263,106333,142655,102485,50978,11118],"hard":[114,6792,47023,48659,29402,13788,3054]},"unsolvedPenalty":{"normal":2414.9762845484706,"hard":645.7922426218698},"average":{"normal":4.229075970070412,"hard":4.039217320486332},"percentSolvingInThreeOrFewer":{"normal":0.28670198687796883,"hard":0.3623481509352827},"percentiles":{"normal":{"p5":0.46477,"p10":0.54374,"p20":0.68336,"p25":0.73083,"p75":0.91314,"p80":0.92789,"p90":0.95809,"p95":0.98029},"hard":{"p5":0.5934,"p10":0.7018,"p20":0.80903,"p25":0.83419,"p75":0.97217,"p80":0.98659,"p90":1,"p95":1}}}