{"efficiency":{"normal":0.8411545928558705,"hard":0.895271115540025},"luck":{"normal":0.7088550087993638,"hard":0.69902046000119},"steps":{"normal":[2918,92494,249008,97259,29372,9019,2321],"hard":[778,35412,73679,33860,11051,3559,965]},"unsolvedPenalty":{"normal":502.17059225699956,"hard":218.24022613738987},"average":{"normal":3.195932698977089,"hard":3.2118543176953334},"percentSolvingInThreeOrFewer":{"normal":0.7139851282465883,"hard":0.689681363933109},"percentiles":{"normal":{"p5":0.56046,"p10":0.66621,"p20":0.74237,"p25":0.77548,"p75":0.9339,"p80":0.95472,"p90":0.99931,"p95":1},"hard":{"p5":0.71994,"p10":0.77723,"p20":0.83034,"p25":0.84548,"p75":0.97149,"p80":0.97982,"p90":1,"p95":1}}}