{"efficiency": {"normal": 0.8104761309504115, "hard": 0.851422193412108}, "luck": {"normal": 0.4684910152787917, "hard": 0.47184581904734124}, "steps": {"normal": [625, 5011, 38740, 104923, 87014, 26418, 3320], "hard": [66, 1182, 10911, 30146, 18125, 4605, 296]}, "unsolvedPenalty": {"normal": 511.6041099408596, "hard": 33.75083926560468}, "average": {"normal": 4.374682313202885, "hard": 4.226289982386089}, "percentSolvingInThreeOrFewer": {"normal": 0.1667950881597889, "hard": 0.18611378977820636}}