{"efficiency": {"normal": 0.8359120753713707, "hard": 0.891276482702313}, "luck": {"normal": 0.4886631657096936, "hard": 0.48241369620382296}, "steps": {"normal": [0, 7554, 85262, 155924, 85814, 24667, 3911], "hard": [0, 1757, 19647, 34810, 17692, 4129, 385]}, "unsolvedPenalty": {"normal": 518.2444844376032, "hard": 30.42515554721066}, "average": {"normal": 4.129510052775403, "hard": 4.050681269517307}, "percentSolvingInThreeOrFewer": {"normal": 0.25559851514049986, "hard": 0.2729405763835756}, "percentiles": {"normal": {"p5": 0.59995, "p10": 0.6728, "p20": 0.7552, "p25": 0.78178, "p75": 0.91897, "p80": 0.92961, "p90": 0.95695, "p95": 0.98572}, "hard": {"p5": 0.71109, "p10": 0.7715, "p20": 0.83348, "p25": 0.85172, "p75": 0.95698, "p80": 0.96721, "p90": 0.98818, "p95": 0.99853}}}