{"efficiency": {"normal": 0.8186658377622573, "hard": 0.8628474567395382}, "luck": {"normal": 0.5285030348896738, "hard": 0.512745073496193}, "steps": {"normal": [775, 8576, 78287, 115665, 77236, 30148, 4843], "hard": [59, 2026, 18500, 28197, 18417, 7238, 802]}, "unsolvedPenalty": {"normal": 422.14892139921625, "hard": 55.893325305893}, "average": {"normal": 4.1734197981852725, "hard": 4.167810488248194}, "percentSolvingInThreeOrFewer": {"normal": 0.2777485500586315, "hard": 0.2735948112016374}, "percentiles": {"normal": {"p5": 0.56514, "p10": 0.63461, "p20": 0.72115, "p25": 0.75204, "p75": 0.9132, "p80": 0.92609, "p90": 0.96603, "p95": 0.9988}, "hard": {"p5": 0.65817, "p10": 0.72093, "p20": 0.78883, "p25": 0.80862, "p75": 0.93732, "p80": 0.95151, "p90": 0.99826, "p95": 1}}}