{"efficiency":{"normal":0.8213616633293487,"hard":0.9100103011731743},"luck":{"normal":0.5117679244691036,"hard":0.4698925485525375},"steps":{"normal":[842,16612,78318,96696,80193,43510,5411],"hard":[111,3935,25766,33542,28104,17706,2931]},"unsolvedPenalty":{"normal":569.0831923460296,"hard":178.9291226861805},"average":{"normal":4.217509323259218,"hard":4.343627540235391},"percentSolvingInThreeOrFewer":{"normal":0.29781517622254977,"hard":0.2659529863062581},"percentiles":{"normal":{"p5":0.5786,"p10":0.65971,"p20":0.74811,"p25":0.77306,"p75":0.927,"p80":0.93955,"p90":0.97267,"p95":0.99579},"hard":{"p5":0.70553,"p10":0.76802,"p20":0.83438,"p25":0.85562,"p75":0.9598,"p80":0.96829,"p90":0.99082,"p95":1}}}