{"efficiency": {"normal": 0.7905825028094765, "hard": 0.8621685331428441}, "luck": {"normal": 0.57135863033899, "hard": 0.5527356363741497}, "steps": {"normal": [501, 3274, 65192, 132467, 61423, 16820, 2412], "hard": [52, 939, 17741, 36120, 12530, 1721, 180]}, "unsolvedPenalty": {"normal": 83.29254645051721, "hard": 8.815957776855418}, "average": {"normal": 4.103298223420447, "hard": 3.953030555226778}, "percentSolvingInThreeOrFewer": {"normal": 0.2444866691008866, "hard": 0.2703693546757502}}