{"efficiency":{"normal":0.7979602238866705,"hard":0.8579961771594938},"luck":{"normal":0.49935843089225157,"hard":0.49634205550985716},"steps":{"normal":[874,8217,78478,169954,134017,59617,11835],"hard":[100,3445,29477,55445,46978,22402,3959]},"unsolvedPenalty":{"normal":1875.57114610706,"hard":506.0223105490656},"average":{"normal":4.4170645953841685,"hard":4.417154013513399},"percentSolvingInThreeOrFewer":{"normal":0.18913717731623872,"hard":0.20408390294550263},"percentiles":{"normal":{"p5":0.53644,"p10":0.60568,"p20":0.69027,"p25":0.72129,"p75":0.90274,"p80":0.91425,"p90":0.94005,"p95":0.96754},"hard":{"p5":0.64625,"p10":0.70577,"p20":0.77178,"p25":0.80464,"p75":0.93365,"p80":0.9437,"p90":0.96911,"p95":0.98764}}}