{"efficiency": {"normal": 0.7900427350080301, "hard": 0.8404631404553179}, "luck": {"normal": 0.6251178202668526, "hard": 0.6379459013595118}, "steps": {"normal": [1218, 20865, 142474, 155469, 50583, 9681, 1658], "hard": [101, 7922, 50661, 46032, 10567, 1203, 97]}, "unsolvedPenalty": {"normal": 111.40399288129386, "hard": 3.416515480333927}, "average": {"normal": 3.7045995894542747, "hard": 3.5407513661123864}, "percentSolvingInThreeOrFewer": {"normal": 0.43083613476180005, "hard": 0.5033667001192283}, "percentiles": {"normal": {"p5": 0.53417, "p10": 0.60535, "p20": 0.65865, "p25": 0.69586, "p75": 0.90361, "p80": 0.91693, "p90": 0.95594, "p95": 0.98195}, "hard": {"p5": 0.62126, "p10": 0.6418, "p20": 0.7426, "p25": 0.77281, "p75": 0.93362, "p80": 0.94625, "p90": 0.97825, "p95": 0.99713}}}