{"efficiency": {"normal": 0.8515280986049764, "hard": 0.9051360096463856}, "luck": {"normal": 0.5679402920218164, "hard": 0.5822189449698413}, "steps": {"normal": [1083, 13716, 125148, 163343, 62399, 10732, 1628], "hard": [80, 4711, 38742, 47628, 12625, 1479, 58]}, "unsolvedPenalty": {"normal": 284.75265986766556, "hard": 1.2411403357725568}, "average": {"normal": 3.823310609629619, "hard": 3.690041502239167}, "percentSolvingInThreeOrFewer": {"normal": 0.37018217215228716, "hard": 0.41332852273482523}, "percentiles": {"normal": {"p5": 0.63005, "p10": 0.7075, "p20": 0.78413, "p25": 0.80755, "p75": 0.92144, "p80": 0.93527, "p90": 0.96991, "p95": 0.99091}, "hard": {"p5": 0.73266, "p10": 0.79608, "p20": 0.85278, "p25": 0.86992, "p75": 0.96318, "p80": 0.97385, "p90": 0.99793, "p95": 1}}}