{"efficiency": {"normal": 0.7935940516686877, "hard": 0.8513979529456445}, "luck": {"normal": 0.6159964345445514, "hard": 0.6141222888992498}, "steps": {"normal": [846, 15859, 100308, 125111, 52058, 10331, 1968], "hard": [98, 5322, 27393, 31983, 7605, 543, 76]}, "unsolvedPenalty": {"normal": 106.47641712241911, "hard": 5.122898088555094}, "average": {"normal": 3.817823866461942, "hard": 3.5972764023293418}, "percentSolvingInThreeOrFewer": {"normal": 0.38179528257869166, "hard": 0.4493700356066831}, "percentiles": {"normal": {"p5": 0.55247, "p10": 0.62112, "p20": 0.72361, "p25": 0.75456, "p75": 0.92197, "p80": 0.93361, "p90": 0.96934, "p95": 0.99609}, "hard": {"p5": 0.63213, "p10": 0.7144, "p20": 0.80487, "p25": 0.82983, "p75": 0.9518, "p80": 0.9612, "p90": 0.99242, "p95": 1}}}