{"efficiency": {"normal": 0.8168772411054269, "hard": 0.8799227780645789}, "luck": {"normal": 0.6621423287414978, "hard": 0.6610168332130154}, "steps": {"normal": [2441, 49350, 192250, 127579, 39168, 11935, 2723], "hard": [202, 11390, 42753, 24537, 6454, 1648, 194]}, "unsolvedPenalty": {"normal": 558.9864389497108, "hard": 19.971614974377374}, "average": {"normal": 3.467601026778839, "hard": 3.3600790522261854}, "percentSolvingInThreeOrFewer": {"normal": 0.5736121622955674, "hard": 0.6233797517722361}, "percentiles": {"normal": {"p5": 0.57517, "p10": 0.65145, "p20": 0.72037, "p25": 0.74489, "p75": 0.90736, "p80": 0.91974, "p90": 0.95506, "p95": 1}, "hard": {"p5": 0.68472, "p10": 0.7429, "p20": 0.80954, "p25": 0.82497, "p75": 0.95491, "p80": 0.96379, "p90": 0.9989, "p95": 1}}}