{"efficiency": {"normal": 0.7764762127774373, "hard": 0.8485741015046181}, "luck": {"normal": 0.5514572743793906, "hard": 0.5329745913315318}, "steps": {"normal": [1603, 9057, 96452, 154565, 76351, 20085, 5061], "hard": [144, 3351, 31469, 59268, 18671, 1517, 284]}, "unsolvedPenalty": {"normal": 137.6672313052881, "hard": 14.484504268712328}, "average": {"normal": 4.0343269816432485, "hard": 3.8602357764704696}, "percentSolvingInThreeOrFewer": {"normal": 0.29493300731880584, "hard": 0.30481936113823405}, "percentiles": {"normal": {"p5": 0.46282, "p10": 0.54282, "p20": 0.62248, "p25": 0.65742, "p75": 0.90834, "p80": 0.92139, "p90": 0.95047, "p95": 0.97607}, "hard": {"p5": 0.60598, "p10": 0.66125, "p20": 0.75839, "p25": 0.79428, "p75": 0.93736, "p80": 0.94572, "p90": 0.96925, "p95": 0.99541}}}