{"efficiency":{"normal":0.7769048479381332,"hard":0.8300084237357177},"luck":{"normal":0.6499742921766068,"hard":0.6437035775297274},"steps":{"normal":[686,13663,109294,125194,56412,14460,1698],"hard":[113,7105,41468,42050,16658,2980,257]},"unsolvedPenalty":{"normal":49.03742533519527,"hard":5.072387940068518},"average":{"normal":3.850025162567509,"hard":3.7051194727331405},"percentSolvingInThreeOrFewer":{"normal":0.38469292828096463,"hard":0.44007556652294566},"percentiles":{"normal":{"p5":0.50869,"p10":0.58402,"p20":0.66667,"p25":0.71461,"p75":0.91718,"p80":0.92952,"p90":0.96087,"p95":0.98464},"hard":{"p5":0.60177,"p10":0.65159,"p20":0.75686,"p25":0.79616,"p75":0.94479,"p80":0.95727,"p90":0.98348,"p95":1}}}