{"efficiency": {"normal": 0.816774111533187, "hard": 0.8655307138220915}, "luck": {"normal": 0.5753573562277975, "hard": 0.607984933865314}, "steps": {"normal": [485, 17639, 103187, 128817, 52909, 9903, 986], "hard": [71, 6066, 29927, 27150, 9289, 1371, 58]}, "unsolvedPenalty": {"normal": 119.48541126457049, "hard": 2.5}, "average": {"normal": 3.7957241050797466, "hard": 3.593349293945788}, "percentSolvingInThreeOrFewer": {"normal": 0.38643183425393246, "hard": 0.48779959963209435}, "percentiles": {"normal": {"p5": 0.51891, "p10": 0.61795, "p20": 0.73572, "p25": 0.76593, "p75": 0.90371, "p80": 0.91519, "p90": 0.94451, "p95": 0.96832}, "hard": {"p5": 0.56176, "p10": 0.69581, "p20": 0.79425, "p25": 0.82902, "p75": 0.93899, "p80": 0.94954, "p90": 0.97215, "p95": 0.99612}}}