{"efficiency": {"normal": 0.827355044640704, "hard": 0.8753626341314756}, "luck": {"normal": 0.5962670144404605, "hard": 0.5665809075842829}, "steps": {"normal": [1776, 14096, 121358, 147482, 63648, 13978, 2996], "hard": [167, 5435, 36810, 51549, 18511, 2029, 140]}, "unsolvedPenalty": {"normal": 410.67693073445076, "hard": 16.474992690269275}, "average": {"normal": 3.8525313190963186, "hard": 3.7803968474864162}, "percentSolvingInThreeOrFewer": {"normal": 0.3756288765896413, "hard": 0.36995490269624304}, "percentiles": {"normal": {"p5": 0.53609, "p10": 0.6123, "p20": 0.7166, "p25": 0.76218, "p75": 0.93048, "p80": 0.94034, "p90": 0.97069, "p95": 0.99251}, "hard": {"p5": 0.65739, "p10": 0.72575, "p20": 0.80691, "p25": 0.83271, "p75": 0.94747, "p80": 0.95873, "p90": 0.98596, "p95": 0.99791}}}