{"efficiency": {"normal": 0.7552901729859084, "hard": 0.8159007063962191}, "luck": {"normal": 0.3862802901625857, "hard": 0.3862664258025226}, "steps": {"normal": [1286, 1381, 11690, 71291, 117787, 79010, 23380], "hard": [69, 195, 4075, 21518, 32194, 14660, 2602]}, "unsolvedPenalty": {"normal": 1405.6174826814045, "hard": 99.15801980085546}, "average": {"normal": 5.075917984084628, "hard": 4.859707593905446}, "percentSolvingInThreeOrFewer": {"normal": 0.04694514836916537, "hard": 0.05761289551604637}, "percentiles": {"normal": {"p5": 0.46951, "p10": 0.55053, "p20": 0.63808, "p25": 0.66619, "p75": 0.87186, "p80": 0.8871, "p90": 0.92165, "p95": 0.94491}, "hard": {"p5": 0.5799, "p10": 0.65172, "p20": 0.71913, "p25": 0.74348, "p75": 0.90202, "p80": 0.91411, "p90": 0.94243, "p95": 0.96389}}}