{"efficiency": {"normal": 0.8450572232131239, "hard": 0.8881928582154301}, "luck": {"normal": 0.5296849173007235, "hard": 0.5282194661759596}, "steps": {"normal": [1503, 10824, 131046, 169151, 66379, 13194, 2040], "hard": [155, 3438, 40025, 47571, 14763, 1809, 120]}, "unsolvedPenalty": {"normal": 318.8702112520666, "hard": 10.277353269187907}, "average": {"normal": 3.852850329228801, "hard": 3.734756605456653}, "percentSolvingInThreeOrFewer": {"normal": 0.3637643763462958, "hard": 0.4043158665566689}, "percentiles": {"normal": {"p5": 0.61368, "p10": 0.69283, "p20": 0.7689, "p25": 0.79057, "p75": 0.92378, "p80": 0.93609, "p90": 0.97284, "p95": 0.99203}, "hard": {"p5": 0.71706, "p10": 0.77584, "p20": 0.82458, "p25": 0.84233, "p75": 0.94986, "p80": 0.96298, "p90": 0.99428, "p95": 1}}}