{"efficiency": {"normal": 0.6952508098914323, "hard": 0.7645558828190532}, "luck": {"normal": 0.4517853962793597, "hard": 0.4594020871434221}, "steps": {"normal": [1310, 2753, 34079, 70990, 82558, 85237, 62312], "hard": [94, 902, 13617, 23978, 26717, 25680, 18804]}, "unsolvedPenalty": {"normal": 26327.22487810679, "hard": 8537.054286655077}, "average": {"normal": 5.246260674268308, "hard": 5.159675151984253}, "percentSolvingInThreeOrFewer": {"normal": 0.11243400670323872, "hard": 0.13309712911687555}, "percentiles": {"normal": {"p5": 0.40093, "p10": 0.45245, "p20": 0.50271, "p25": 0.5296, "p75": 0.86508, "p80": 0.88555, "p90": 0.92799, "p95": 0.95167}, "hard": {"p5": 0.48731, "p10": 0.52767, "p20": 0.5996, "p25": 0.6427, "p75": 0.90244, "p80": 0.91631, "p90": 0.94774, "p95": 0.9685}}}