{"efficiency":{"normal":0.8439078716206599,"hard":0.904970909535367},"luck":{"normal":0.6683950258740842,"hard":0.6671966056042964},"steps":{"normal":[625,53563,204261,148472,51200,12507,2415],"hard":[141,26240,71524,49995,14530,2822,370]},"unsolvedPenalty":{"normal":92.47218727415249,"hard":1.5},"average":{"normal":3.514398209438199,"hard":3.377247587880837},"percentSolvingInThreeOrFewer":{"normal":0.5463541369389252,"hard":0.5911352356570987},"percentiles":{"normal":{"p5":0.54804,"p10":0.634,"p20":0.75,"p25":0.77634,"p75":0.94303,"p80":0.96818,"p90":1,"p95":1},"hard":{"p5":0.68431,"p10":0.77133,"p20":0.84855,"p25":0.87471,"p75":0.99405,"p80":1,"p90":1,"p95":1}}}