{"efficiency":{"normal":0.8279929119474039,"hard":0.8711877438933221},"luck":{"normal":0.5163892617157766,"hard":0.5231486599671368},"steps":{"normal":[445,6724,78608,125432,64515,16615,1664],"hard":[44,2732,29744,41601,20742,5235,407]},"unsolvedPenalty":{"normal":320.2718440832605,"hard":63.577661322254215},"average":{"normal":4.032878140168921,"hard":3.97170864794112},"percentSolvingInThreeOrFewer":{"normal":0.29175552630415336,"hard":0.3235659917417044},"percentiles":{"normal":{"p5":0.53417,"p10":0.6153,"p20":0.71537,"p25":0.74807,"p75":0.90115,"p80":0.9141,"p90":0.94669,"p95":0.97109},"hard":{"p5":0.59035,"p10":0.66353,"p20":0.75117,"p25":0.78288,"p75":0.92294,"p80":0.93506,"p90":0.96301,"p95":0.98162}}}