{"efficiency": {"normal": 0.8430807647505031, "hard": 0.8849331840239398}, "luck": {"normal": 0.6186026421542975, "hard": 0.6214620624399951}, "steps": {"normal": [3014, 38485, 156015, 125529, 34658, 5787, 1007], "hard": [329, 12066, 34687, 28477, 6117, 523, 22]}, "unsolvedPenalty": {"normal": 185.67171712389333, "hard": 3.076709894813204}, "average": {"normal": 3.4716297115656563, "hard": 3.3605779145217745}, "percentSolvingInThreeOrFewer": {"normal": 0.5418839764605824, "hard": 0.5726274309482979}, "percentiles": {"normal": {"p5": 0.60787, "p10": 0.68842, "p20": 0.76895, "p25": 0.79233, "p75": 0.92598, "p80": 0.93746, "p90": 0.96618, "p95": 0.99291}, "hard": {"p5": 0.71476, "p10": 0.77028, "p20": 0.82325, "p25": 0.84303, "p75": 0.94507, "p80": 0.95695, "p90": 0.99856, "p95": 1}}}