{"efficiency": {"normal": 0.8073910310451063, "hard": 0.8545474708382893}, "luck": {"normal": 0.550990658229321, "hard": 0.5163319668152286}, "steps": {"normal": [580, 15679, 85241, 107458, 57305, 15762, 1947], "hard": [83, 3531, 19896, 25584, 14680, 3828, 381]}, "unsolvedPenalty": {"normal": 294.6663958618768, "hard": 39.33123641552683}, "average": {"normal": 3.917687893157994, "hard": 3.9457413064503704}, "percentSolvingInThreeOrFewer": {"normal": 0.35742960573577676, "hard": 0.3458217495550358}}