{"efficiency": {"normal": 0.8434702533955151, "hard": 0.8972118890190773}, "luck": {"normal": 0.7057347576952818, "hard": 0.7096989672803329}, "steps": {"normal": [3571, 58672, 202500, 113633, 40562, 9941, 1667], "hard": [326, 16883, 65508, 30736, 8258, 1402, 114]}, "unsolvedPenalty": {"normal": 297.03776637135405, "hard": 7.781676496323951}, "average": {"normal": 3.384932243631044, "hard": 3.2790523316845848}, "percentSolvingInThreeOrFewer": {"normal": 0.6149006145684781, "hard": 0.6712571108604446}, "percentiles": {"normal": {"p5": 0.5, "p10": 0.61909, "p20": 0.74168, "p25": 0.77527, "p75": 0.94101, "p80": 0.95797, "p90": 1, "p95": 1}, "hard": {"p5": 0.64129, "p10": 0.74782, "p20": 0.84218, "p25": 0.86546, "p75": 0.96613, "p80": 0.98462, "p90": 1, "p95": 1}}}