{"efficiency": {"normal": 0.7655750319312162, "hard": 0.8571570585799952}, "luck": {"normal": 0.5412733659337009, "hard": 0.5837657969176205}, "steps": {"normal": [1002, 5583, 53304, 118091, 93774, 35578, 6461], "hard": [70, 5311, 25184, 27272, 14807, 4200, 432]}, "unsolvedPenalty": {"normal": 235.47432093881633, "hard": 6.741140335772557}, "average": {"normal": 4.373088227974935, "hard": 3.851101779858375}, "percentSolvingInThreeOrFewer": {"normal": 0.19085511786432457, "hard": 0.3955303069517056}, "percentiles": {"normal": {"p5": 0.48482, "p10": 0.54912, "p20": 0.6282, "p25": 0.65786, "p75": 0.88844, "p80": 0.90953, "p90": 0.95737, "p95": 0.99385}, "hard": {"p5": 0.59537, "p10": 0.65579, "p20": 0.73376, "p25": 0.78588, "p75": 0.98113, "p80": 0.98374, "p90": 1, "p95": 1}}}