{"efficiency": {"normal": 0.8148100740187483, "hard": 0.8731763186731618}, "luck": {"normal": 0.5942111488444662, "hard": 0.5921141309582407}, "steps": {"normal": [902, 18526, 116877, 133520, 65214, 18601, 3153], "hard": [64, 4635, 30625, 31658, 12067, 2150, 195]}, "unsolvedPenalty": {"normal": 234.5809997573802, "hard": 6.376690893947068}, "average": {"normal": 3.8752065791642702, "hard": 3.715843633325478}, "percentSolvingInThreeOrFewer": {"normal": 0.3820282348588677, "hard": 0.4339877632257906}, "percentiles": {"normal": {"p5": 0.56647, "p10": 0.63045, "p20": 0.71279, "p25": 0.74447, "p75": 0.90495, "p80": 0.919, "p90": 0.95325, "p95": 0.98436}, "hard": {"p5": 0.6572, "p10": 0.72225, "p20": 0.79607, "p25": 0.81928, "p75": 0.95578, "p80": 0.96373, "p90": 0.98842, "p95": 1}}}