{"efficiency": {"normal": 0.8357277622471041, "hard": 0.8884008967538414}, "luck": {"normal": 0.6199271422604433, "hard": 0.592825486988894}, "steps": {"normal": [1287, 25337, 210238, 191138, 71032, 16063, 1993], "hard": [139, 10118, 67466, 58955, 19049, 3127, 155]}, "unsolvedPenalty": {"normal": 168.27674097680304, "hard": 13.623699136187186}, "average": {"normal": 3.69933991262798, "hard": 3.6079632203154297}, "percentSolvingInThreeOrFewer": {"normal": 0.4580690327371743, "hard": 0.48879623165984315}, "percentiles": {"normal": {"p5": 0.56738, "p10": 0.63487, "p20": 0.74248, "p25": 0.77767, "p75": 0.93133, "p80": 0.94276, "p90": 0.97338, "p95": 0.99891}, "hard": {"p5": 0.68856, "p10": 0.7595, "p20": 0.82947, "p25": 0.84703, "p75": 0.95392, "p80": 0.96309, "p90": 0.99086, "p95": 0.99997}}}