{"efficiency": {"normal": 0.792132095443929, "hard": 0.8470957306861746}, "luck": {"normal": 0.4580176345289268, "hard": 0.44963714190610293}, "steps": {"normal": [615, 2173, 29802, 94356, 93598, 43508, 9359], "hard": [62, 547, 9081, 25977, 22293, 8175, 1455]}, "unsolvedPenalty": {"normal": 402.45212044726867, "hard": 39.39001837179125}, "average": {"normal": 4.633114439874209, "hard": 4.483598017730016}, "percentSolvingInThreeOrFewer": {"normal": 0.1191978376875839, "hard": 0.14336440301819794}}