{"efficiency":{"normal":0.8231364323978781,"hard":0.8866234781792967},"luck":{"normal":0.6084544695404545,"hard":0.6118064728996166},"steps":{"normal":[1662,33439,187604,185441,78937,16363,1890],"hard":[200,15355,62497,58360,24183,4308,257]},"unsolvedPenalty":{"normal":317.8118507691931,"hard":14.068689496190444},"average":{"normal":3.719360607300428,"hard":3.6353661218787607},"percentSolvingInThreeOrFewer":{"normal":0.44070677727294316,"hard":0.47258416081375637},"percentiles":{"normal":{"p5":0.57436,"p10":0.65568,"p20":0.73757,"p25":0.75767,"p75":0.91103,"p80":0.92409,"p90":0.95561,"p95":0.98729},"hard":{"p5":0.69226,"p10":0.75425,"p20":0.8171,"p25":0.83545,"p75":0.95486,"p80":0.96639,"p90":0.99843,"p95":1}}}