{"efficiency": {"normal": 0.8612630838955609, "hard": 0.8992710608431121}, "luck": {"normal": 0.5571012873775693, "hard": 0.5579733011036996}, "steps": {"normal": [935, 10361, 139979, 172159, 39373, 4506, 613], "hard": [121, 3721, 50348, 52394, 9791, 579, 17]}, "unsolvedPenalty": {"normal": 70.02830229354963, "hard": 4.590622169434171}, "average": {"normal": 3.692296897480182, "hard": 3.5969222339055786}, "percentSolvingInThreeOrFewer": {"normal": 0.41115604768350156, "hard": 0.4632772225594378}, "percentiles": {"normal": {"p5": 0.62908, "p10": 0.69797, "p20": 0.78405, "p25": 0.81253, "p75": 0.94271, "p80": 0.95252, "p90": 0.97791, "p95": 0.99271}, "hard": {"p5": 0.73786, "p10": 0.79093, "p20": 0.84674, "p25": 0.8628, "p75": 0.95765, "p80": 0.96679, "p90": 0.98849, "p95": 1}}}