{"efficiency": {"normal": 0.7407071048085737, "hard": 0.8211171519838606}, "luck": {"normal": 0.6913224086011822, "hard": 0.7101168031226495}, "steps": {"normal": [1252, 29185, 137438, 161660, 56023, 8623, 1768], "hard": [118, 12289, 56524, 42163, 9383, 785, 42]}, "unsolvedPenalty": {"normal": 120.21010196933449, "hard": 2.4646353904755167}, "average": {"normal": 3.694731417687554, "hard": 3.419849837065476}, "percentSolvingInThreeOrFewer": {"normal": 0.4239813713382279, "hard": 0.5682500164875025}, "percentiles": {"normal": {"p5": 0.33333, "p10": 0.5, "p20": 0.52103, "p25": 0.58126, "p75": 0.91272, "p80": 0.9301, "p90": 0.97701, "p95": 1}, "hard": {"p5": 0.5, "p10": 0.5, "p20": 0.635, "p25": 0.66459, "p75": 0.96431, "p80": 0.98385, "p90": 1, "p95": 1}}}