{"efficiency":{"normal":0.8381314800453196,"hard":0.8757888252554109},"luck":{"normal":0.5759795250651758,"hard":0.5472084334976353},"steps":{"normal":[592,27357,129512,178346,80913,14965,1305],"hard":[110,8651,40875,67186,30175,4136,183]},"unsolvedPenalty":{"normal":111.57719647347015,"hard":12.824711305837013},"average":{"normal":3.8357180932503603,"hard":3.871142673024041},"percentSolvingInThreeOrFewer":{"normal":0.3636596688145223,"hard":0.32802876100346295},"percentiles":{"normal":{"p5":0.58987,"p10":0.6656,"p20":0.74163,"p25":0.7741,"p75":0.92338,"p80":0.93782,"p90":0.982,"p95":1},"hard":{"p5":0.67713,"p10":0.74211,"p20":0.81183,"p25":0.83242,"p75":0.94306,"p80":0.95434,"p90":0.98924,"p95":1}}}