{"efficiency": {"normal": 0.8702635107580711, "hard": 0.8984022990907078}, "luck": {"normal": 0.5687402239193426, "hard": 0.5730204342667973}, "steps": {"normal": [1792, 28007, 177721, 146731, 32700, 3861, 842], "hard": [267, 9962, 56774, 38042, 7275, 596, 24]}, "unsolvedPenalty": {"normal": 212.6371458811127, "hard": 5.031510368207469}, "average": {"normal": 3.4996850208241996, "hard": 3.389454856652809}, "percentSolvingInThreeOrFewer": {"normal": 0.5298554336225342, "hard": 0.5932619089782185}, "percentiles": {"normal": {"p5": 0.655, "p10": 0.73521, "p20": 0.8019, "p25": 0.82414, "p75": 0.94595, "p80": 0.95548, "p90": 0.98011, "p95": 0.99351}, "hard": {"p5": 0.74931, "p10": 0.78949, "p20": 0.84497, "p25": 0.8593, "p75": 0.95761, "p80": 0.96578, "p90": 0.98864, "p95": 1}}}