{"efficiency": {"normal": 0.7862114210502724, "hard": 0.8254886323653156}, "luck": {"normal": 0.5732860856763066, "hard": 0.5631300719957828}, "steps": {"normal": [572, 9266, 68014, 123198, 70203, 18210, 2280], "hard": [63, 2562, 17102, 31156, 15846, 3179, 228]}, "unsolvedPenalty": {"normal": 163.68332420720975, "hard": 9.87415159933285}, "average": {"normal": 4.086941874609527, "hard": 4.006884825932465}, "percentSolvingInThreeOrFewer": {"normal": 0.2668513040587092, "hard": 0.28126782251625415}, "percentiles": {"normal": {"p5": 0.50334, "p10": 0.5776, "p20": 0.65656, "p25": 0.68496, "p75": 0.90887, "p80": 0.92458, "p90": 0.96235, "p95": 0.98093}, "hard": {"p5": 0.5678, "p10": 0.63683, "p20": 0.7087, "p25": 0.73777, "p75": 0.93484, "p80": 0.94671, "p90": 0.97809, "p95": 0.99116}}}