{"efficiency":{"normal":0.8157019202878247,"hard":0.8944725301615235},"luck":{"normal":0.6682842601334582,"hard":0.7363368959756649},"steps":{"normal":[2501,47931,208412,166506,54887,10152,1085],"hard":[565,46056,64369,39743,11549,1741,91]},"unsolvedPenalty":{"normal":127.65353567559032,"hard":6.390263561026538},"average":{"normal":3.525502170075478,"hard":3.129473355494114},"percentSolvingInThreeOrFewer":{"normal":0.5266687556208467,"hard":0.6762981829703743},"percentiles":{"normal":{"p5":0.52688,"p10":0.6163,"p20":0.70036,"p25":0.73682,"p75":0.92163,"p80":0.93738,"p90":0.98464,"p95":0.99823},"hard":{"p5":0.62099,"p10":0.73187,"p20":0.80775,"p25":0.84002,"p75":1,"p80":1,"p90":1,"p95":1}}}