{"efficiency": {"normal": 0.7926716381975877, "hard": 0.8454771823621932}, "luck": {"normal": 0.3798211819032908, "hard": 0.3816847294251022}, "steps": {"normal": [1810, 1757, 11108, 81438, 157417, 98221, 27419], "hard": [77, 178, 2808, 20388, 37156, 20656, 3458]}, "unsolvedPenalty": {"normal": 2430.6293683166236, "hard": 140.45725371502746}, "average": {"normal": 5.1037123964668005, "hard": 5.010227183976995}, "percentSolvingInThreeOrFewer": {"normal": 0.038702956457525646, "hard": 0.03615396418833583}, "percentiles": {"normal": {"p5": 0.52542, "p10": 0.60571, "p20": 0.68944, "p25": 0.71997, "p75": 0.89083, "p80": 0.90227, "p90": 0.93165, "p95": 0.95475}, "hard": {"p5": 0.6273, "p10": 0.69312, "p20": 0.77185, "p25": 0.7991, "p75": 0.92109, "p80": 0.93199, "p90": 0.95375, "p95": 0.9695}}}