{"efficiency":{"normal":0.8350959122877951,"hard":0.9022154279379571},"luck":{"normal":0.622101957482332,"hard":0.5855614054481372},"steps":{"normal":[2449,61018,192397,150515,61705,10611,719],"hard":[509,16601,61198,54118,21891,3406,125]},"unsolvedPenalty":{"normal":130.7598740832992,"hard":3.991914561831362},"average":{"normal":3.506553333599109,"hard":3.5765229329137007},"percentSolvingInThreeOrFewer":{"normal":0.5337015606553001,"hard":0.4960975115300796},"percentiles":{"normal":{"p5":0.64857,"p10":0.69867,"p20":0.75137,"p25":0.76491,"p75":0.91329,"p80":0.92627,"p90":0.9555,"p95":0.98893},"hard":{"p5":0.74628,"p10":0.79769,"p20":0.84694,"p25":0.86461,"p75":0.96152,"p80":0.97072,"p90":0.99203,"p95":1}}}