{"efficiency":{"normal":0.8286290970818359,"hard":0.8612625461957091},"luck":{"normal":0.5465386302158999,"hard":0.5672339779469615},"steps":{"normal":[1114,12639,141106,241784,91676,15171,1783],"hard":[99,5232,58083,71932,26028,3770,184]},"unsolvedPenalty":{"normal":107.72458350632337,"hard":3.3657643735223215},"average":{"normal":3.9163793129328233,"hard":3.789989389361594},"percentSolvingInThreeOrFewer":{"normal":0.30648580074533965,"hard":0.38356479241265845},"percentiles":{"normal":{"p5":0.58762,"p10":0.64916,"p20":0.73879,"p25":0.77078,"p75":0.91468,"p80":0.92644,"p90":0.95754,"p95":0.97918},"hard":{"p5":0.63888,"p10":0.70017,"p20":0.78266,"p25":0.80975,"p75":0.94009,"p80":0.9524,"p90":0.9786,"p95":0.99274}}}