{"efficiency":{"normal":0.8247870633876175,"hard":0.8658322509877566},"luck":{"normal":0.49887416023520453,"hard":0.49053935458136716},"steps":{"normal":[1407,7500,112558,220061,95609,21225,2778],"hard":[111,2857,46198,76874,27411,4193,299]},"unsolvedPenalty":{"normal":234.7339427667432,"hard":6.8248907816357125},"average":{"normal":4.032200195912648,"hard":3.90158364024225},"percentSolvingInThreeOrFewer":{"normal":0.26340271242014324,"hard":0.3112895158379922},"percentiles":{"normal":{"p5":0.5828,"p10":0.64927,"p20":0.73179,"p25":0.76378,"p75":0.91487,"p80":0.92734,"p90":0.95813,"p95":0.9763},"hard":{"p5":0.66584,"p10":0.72183,"p20":0.78679,"p25":0.81055,"p75":0.93977,"p80":0.95084,"p90":0.9836,"p95":1}}}