{"efficiency":{"normal":0.8541812832263592,"hard":0.8986054768208942},"luck":{"normal":0.4278779330133001,"hard":0.4282605980856781},"steps":{"normal":[671,2863,48616,184054,161588,43028,3888],"hard":[94,1296,21805,70236,50859,11123,565]},"unsolvedPenalty":{"normal":166.35559986292984,"hard":5.745989800688621},"average":{"normal":4.456747698714354,"hard":4.321370616303586},"percentSolvingInThreeOrFewer":{"normal":0.1172679600996609,"hard":0.14870686891741142},"percentiles":{"normal":{"p5":0.61921,"p10":0.69064,"p20":0.7728,"p25":0.80497,"p75":0.93562,"p80":0.94441,"p90":0.97013,"p95":0.98514},"hard":{"p5":0.70312,"p10":0.76173,"p20":0.84699,"p25":0.86815,"p75":0.96287,"p80":0.97207,"p90":0.98739,"p95":0.99658}}}