{"efficiency": {"normal": 0.814207490854735, "hard": 0.8734268442181481}, "luck": {"normal": 0.4932521750097816, "hard": 0.46559947211094305}, "steps": {"normal": [2255, 6849, 68458, 189168, 123072, 44505, 8515], "hard": [152, 1718, 25285, 65482, 35079, 9561, 1210]}, "unsolvedPenalty": {"normal": 675.0145595389893, "hard": 48.41700534217084}, "average": {"normal": 4.33733873782138, "hard": 4.207257121645657}, "percentSolvingInThreeOrFewer": {"normal": 0.17515389930942907, "hard": 0.1960833868883}, "percentiles": {"normal": {"p5": 0.50893, "p10": 0.59773, "p20": 0.67768, "p25": 0.72084, "p75": 0.93343, "p80": 0.94565, "p90": 0.97399, "p95": 0.98868}, "hard": {"p5": 0.6378, "p10": 0.69255, "p20": 0.79292, "p25": 0.82603, "p75": 0.95729, "p80": 0.96651, "p90": 0.98537, "p95": 0.99303}}}