{"efficiency":{"normal":0.8241297522025474,"hard":0.8665974060886716},"luck":{"normal":0.421269171569752,"hard":0.41125835614851924},"steps":{"normal":[1041,5055,61216,194708,145122,41329,5324],"hard":[123,1611,23655,68080,47833,12649,1352]},"unsolvedPenalty":{"normal":1235.355037035237,"hard":346.3755677419206},"average":{"normal":4.375804834863837,"hard":4.323801700982865},"percentSolvingInThreeOrFewer":{"normal":0.14833129496799216,"hard":0.1634804221425214},"percentiles":{"normal":{"p5":0.5213,"p10":0.5983,"p20":0.7225,"p25":0.76753,"p75":0.92776,"p80":0.93826,"p90":0.95799,"p95":0.97443},"hard":{"p5":0.60209,"p10":0.69234,"p20":0.81185,"p25":0.83812,"p75":0.9417,"p80":0.95023,"p90":0.96914,"p95":0.98359}}}