{"efficiency": {"normal": 0.850489041983296, "hard": 0.9017361685531232}, "luck": {"normal": 0.5599785095971653, "hard": 0.5488964677731702}, "steps": {"normal": [0, 11019, 122437, 186365, 70602, 11180, 1844], "hard": [0, 2691, 28681, 39774, 12749, 1295, 63]}, "unsolvedPenalty": {"normal": 228.92603415019263, "hard": 4.004849464916064}, "average": {"normal": 3.8865970648787824, "hard": 3.7826352720662606}, "percentSolvingInThreeOrFewer": {"normal": 0.3307894221545829, "hard": 0.36798705030908}, "percentiles": {"normal": {"p5": 0.59835, "p10": 0.66504, "p20": 0.77283, "p25": 0.80157, "p75": 0.93636, "p80": 0.94451, "p90": 0.96803, "p95": 0.9822}, "hard": {"p5": 0.70224, "p10": 0.78713, "p20": 0.85047, "p25": 0.86746, "p75": 0.96767, "p80": 0.97606, "p90": 0.98765, "p95": 0.99856}}}