{"efficiency": {"normal": 0.8211464709322095, "hard": 0.876759141708449}, "luck": {"normal": 0.6277360991567693, "hard": 0.5881758675649205}, "steps": {"normal": [1313, 27047, 182522, 131290, 42844, 9715, 1999], "hard": [84, 6054, 34785, 32394, 9139, 1035, 74]}, "unsolvedPenalty": {"normal": 235.9129842734141, "hard": 5.100043634043625}, "average": {"normal": 3.566334567550408, "hard": 3.572681146935129}, "percentSolvingInThreeOrFewer": {"normal": 0.5315504247221032, "hard": 0.48971459343026386}, "percentiles": {"normal": {"p5": 0.56269, "p10": 0.63005, "p20": 0.72655, "p25": 0.75882, "p75": 0.91216, "p80": 0.92819, "p90": 0.95915, "p95": 0.99284}, "hard": {"p5": 0.67277, "p10": 0.74084, "p20": 0.80954, "p25": 0.83536, "p75": 0.94581, "p80": 0.9585, "p90": 0.99599, "p95": 1}}}