{"efficiency": {"normal": 0.8318854402500795, "hard": 0.9087844009959983}, "luck": {"normal": 0.6365417964962988, "hard": 0.6585971183591656}, "steps": {"normal": [2066, 24561, 202589, 199937, 87600, 21252, 3715], "hard": [174, 15294, 80055, 55011, 15870, 1404, 72]}, "unsolvedPenalty": {"normal": 376.19272113324723, "hard": 7.856480351824031}, "average": {"normal": 3.785343337371951, "hard": 3.450422066239885}, "percentSolvingInThreeOrFewer": {"normal": 0.42312633832976443, "hard": 0.5689957112223016}, "percentiles": {"normal": {"p5": 0.53091, "p10": 0.6036, "p20": 0.72057, "p25": 0.76317, "p75": 0.94255, "p80": 0.96281, "p90": 0.99497, "p95": 1}, "hard": {"p5": 0.68523, "p10": 0.77304, "p20": 0.85164, "p25": 0.86182, "p75": 0.99519, "p80": 1, "p90": 1, "p95": 1}}}