{"efficiency": {"normal": 0.825031309819846, "hard": 0.8665894483524167}, "luck": {"normal": 0.5334730356633376, "hard": 0.5485080998805204}, "steps": {"normal": [0, 12881, 86295, 146005, 103313, 38562, 7270], "hard": [0, 3753, 19879, 30756, 20820, 6977, 693]}, "unsolvedPenalty": {"normal": 774.2354933916661, "hard": 25.464561343090224}, "average": {"normal": 4.230682824600437, "hard": 4.114547462068861}, "percentSolvingInThreeOrFewer": {"normal": 0.2515076358140219, "hard": 0.285142015975289}, "percentiles": {"normal": {"p5": 0.5772, "p10": 0.64775, "p20": 0.72594, "p25": 0.75364, "p75": 0.91703, "p80": 0.93278, "p90": 0.98161, "p95": 0.99794}, "hard": {"p5": 0.66206, "p10": 0.72013, "p20": 0.78652, "p25": 0.81464, "p75": 0.94526, "p80": 0.96351, "p90": 0.9965, "p95": 0.99916}}}