{"efficiency": {"normal": 0.808397267212843, "hard": 0.8606140201201745}, "luck": {"normal": 0.6173988017133255, "hard": 0.5941745556792796}, "steps": {"normal": [0, 13247, 162651, 164130, 49678, 9377, 2501], "hard": [0, 3352, 33877, 34122, 9444, 862, 49]}, "unsolvedPenalty": {"normal": 217.22702478288593, "hard": 6.252749598144861}, "average": {"normal": 3.7186322837184322, "hard": 3.6418898581450336}, "percentSolvingInThreeOrFewer": {"normal": 0.4380104785051197, "hard": 0.4556458522017967}, "percentiles": {"normal": {"p5": 0.54436, "p10": 0.6036, "p20": 0.69652, "p25": 0.73575, "p75": 0.91124, "p80": 0.92624, "p90": 0.95579, "p95": 0.98062}, "hard": {"p5": 0.62885, "p10": 0.68399, "p20": 0.77444, "p25": 0.80589, "p75": 0.94681, "p80": 0.96047, "p90": 0.97924, "p95": 0.9993}}}