{"efficiency": {"normal": 0.858798793335284, "hard": 0.9089879084169209}, "luck": {"normal": 0.6312223440715419, "hard": 0.613195151402833}, "steps": {"normal": [965, 20993, 190765, 141215, 24744, 2966, 526], "hard": [150, 6502, 50477, 52385, 8572, 576, 23]}, "unsolvedPenalty": {"normal": 106.03148033369563, "hard": 3.22342100731767}, "average": {"normal": 3.468080066881404, "hard": 3.543878530741099}, "percentSolvingInThreeOrFewer": {"normal": 0.5566129564020577, "hard": 0.4813497914648018}, "percentiles": {"normal": {"p5": 0.65201, "p10": 0.72087, "p20": 0.7834, "p25": 0.80664, "p75": 0.93396, "p80": 0.94612, "p90": 0.98703, "p95": 1}, "hard": {"p5": 0.76105, "p10": 0.80868, "p20": 0.85755, "p25": 0.87053, "p75": 0.96713, "p80": 0.9763, "p90": 0.99588, "p95": 1}}}