{"efficiency": {"normal": 0.8548320469231437, "hard": 0.9093746827360804}, "luck": {"normal": 0.5184638745115574, "hard": 0.5093578114426478}, "steps": {"normal": [2820, 10461, 142526, 187225, 50603, 10240, 3171], "hard": [129, 2815, 46151, 50747, 9168, 807, 119]}, "unsolvedPenalty": {"normal": 284.8482856835579, "hard": 3.491844108738702}, "average": {"normal": 3.776371339567724, "hard": 3.6268237141983404}, "percentSolvingInThreeOrFewer": {"normal": 0.38277491978793554, "hard": 0.4465780090234318}, "percentiles": {"normal": {"p5": 0.57407, "p10": 0.64334, "p20": 0.76057, "p25": 0.80174, "p75": 0.95577, "p80": 0.96483, "p90": 0.98558, "p95": 1}, "hard": {"p5": 0.6814, "p10": 0.77769, "p20": 0.86084, "p25": 0.88153, "p75": 0.9768, "p80": 0.98484, "p90": 1, "p95": 1}}}