{"efficiency": {"normal": 0.8502479794627501, "hard": 0.897992264056219}, "luck": {"normal": 0.6038995940486646, "hard": 0.6032710205087978}, "steps": {"normal": [2782, 32487, 187172, 151093, 45472, 8380, 2171], "hard": [197, 10180, 42902, 40512, 12423, 1225, 75]}, "unsolvedPenalty": {"normal": 514.7194070915061, "hard": 9.306084614676088}, "average": {"normal": 3.5548151221074074, "hard": 3.5466107305524366}, "percentSolvingInThreeOrFewer": {"normal": 0.5178381448794921, "hard": 0.4955540673772718}, "percentiles": {"normal": {"p5": 0.65466, "p10": 0.71673, "p20": 0.78635, "p25": 0.80575, "p75": 0.92409, "p80": 0.93329, "p90": 0.96242, "p95": 0.98843}, "hard": {"p5": 0.76681, "p10": 0.80913, "p20": 0.84995, "p25": 0.86433, "p75": 0.94666, "p80": 0.95421, "p90": 0.98379, "p95": 1}}}