{"efficiency": {"normal": 0.8164140555940474, "hard": 0.9159920190025875}, "luck": {"normal": 0.4066549181589486, "hard": 0.3878682418623748}, "steps": {"normal": [2519, 3351, 31673, 84072, 100795, 109421, 38454], "hard": [140, 798, 9767, 24431, 31562, 36149, 10076]}, "unsolvedPenalty": {"normal": 3627.3082485813657, "hard": 638.701751617224}, "average": {"normal": 5.060519081919552, "hard": 5.0887392448980036}, "percentSolvingInThreeOrFewer": {"normal": 0.10138947027289791, "hard": 0.09479911089857691}, "percentiles": {"normal": {"p5": 0.52303, "p10": 0.5891, "p20": 0.67017, "p25": 0.71599, "p75": 0.92804, "p80": 0.93724, "p90": 0.95778, "p95": 0.973}, "hard": {"p5": 0.77282, "p10": 0.83014, "p20": 0.87659, "p25": 0.8912, "p75": 0.96437, "p80": 0.9702, "p90": 0.98331, "p95": 0.99128}}}