{"efficiency": {"normal": 0.7794043667669321, "hard": 0.8448730069469977}, "luck": {"normal": 0.39763392187587526, "hard": 0.3882248708455281}, "steps": {"normal": [2581, 3897, 52632, 214505, 193623, 89552, 19378], "hard": [214, 970, 19061, 67869, 57166, 24246, 5225]}, "unsolvedPenalty": {"normal": 5322.451342738756, "hard": 1221.55653496385}, "average": {"normal": 4.63872768245154, "hard": 4.577459107730221}, "percentSolvingInThreeOrFewer": {"normal": 0.10259160522625345, "hard": 0.11585055307265767}, "percentiles": {"normal": {"p5": 0.47283, "p10": 0.53728, "p20": 0.6236, "p25": 0.65721, "p75": 0.90813, "p80": 0.92258, "p90": 0.95465, "p95": 0.97731}, "hard": {"p5": 0.55568, "p10": 0.63307, "p20": 0.74526, "p25": 0.80055, "p75": 0.93527, "p80": 0.94498, "p90": 0.96605, "p95": 0.97922}}}