{"efficiency":{"normal":0.8675484764240173,"hard":0.9106813107646173},"luck":{"normal":0.46360522282023453,"hard":0.48089426245342753},"steps":{"normal":[675,6888,60186,138846,138078,59007,5938],"hard":[76,2818,23545,48403,48830,15005,1090]},"unsolvedPenalty":{"normal":434.5327572751948,"hard":33.20570167886278},"average":{"normal":4.484240274493004,"hard":4.377300834257578},"percentSolvingInThreeOrFewer":{"normal":0.16539556367151834,"hard":0.1891648243147524},"percentiles":{"normal":{"p5":0.62482,"p10":0.70972,"p20":0.79579,"p25":0.82143,"p75":0.95244,"p80":0.96368,"p90":0.98558,"p95":0.98929},"hard":{"p5":0.75237,"p10":0.80695,"p20":0.85993,"p25":0.8741,"p75":0.97029,"p80":0.98077,"p90":1,"p95":1}}}