{"efficiency": {"normal": 0.8474572719576224, "hard": 0.8951523702967671}, "luck": {"normal": 0.5765346045077373, "hard": 0.6259842370981444}, "steps": {"normal": [773, 20699, 113362, 148119, 70445, 13720, 1408], "hard": [143, 17227, 41370, 40452, 15320, 2235, 111]}, "unsolvedPenalty": {"normal": 133.16398297232627, "hard": 2.300645149259672}, "average": {"normal": 3.8511995462544633, "hard": 3.5196931373560156}, "percentSolvingInThreeOrFewer": {"normal": 0.36587377824088396, "hard": 0.5026613496722518}, "percentiles": {"normal": {"p5": 0.62791, "p10": 0.68714, "p20": 0.76007, "p25": 0.78808, "p75": 0.92451, "p80": 0.9426, "p90": 0.9853, "p95": 1}, "hard": {"p5": 0.70088, "p10": 0.74922, "p20": 0.82158, "p25": 0.84647, "p75": 0.98225, "p80": 0.99686, "p90": 0.99956, "p95": 1}}}