{"efficiency": {"normal": 0.8391527008447626, "hard": 0.8794920850831521}, "luck": {"normal": 0.6037270297044401, "hard": 0.5950389845218746}, "steps": {"normal": [1019, 31608, 137148, 118735, 34577, 5782, 911], "hard": [122, 7259, 35778, 25505, 5763, 543, 39]}, "unsolvedPenalty": {"normal": 81.86018967990832, "hard": 3.982280671545114}, "average": {"normal": 3.5316115597964703, "hard": 3.4175096625827774}, "percentSolvingInThreeOrFewer": {"normal": 0.5148129055734125, "hard": 0.575384287218867}, "percentiles": {"normal": {"p5": 0.60004, "p10": 0.66056, "p20": 0.74073, "p25": 0.76766, "p75": 0.93309, "p80": 0.9467, "p90": 0.98528, "p95": 1}, "hard": {"p5": 0.66667, "p10": 0.72749, "p20": 0.79829, "p25": 0.82552, "p75": 0.95557, "p80": 0.96629, "p90": 1, "p95": 1}}}