{"efficiency": {"normal": 0.8353935175238, "hard": 0.889979213590593}, "luck": {"normal": 0.6186348048622288, "hard": 0.6372661519941498}, "steps": {"normal": [2336, 22530, 177448, 170132, 48814, 9908, 3029], "hard": [84, 6548, 45655, 30813, 5290, 445, 41]}, "unsolvedPenalty": {"normal": 380.4848552892349, "hard": 1.9822806715451136}, "average": {"normal": 3.6512677076425892, "hard": 3.4070613245496144}, "percentSolvingInThreeOrFewer": {"normal": 0.46594978776914625, "hard": 0.588314055538053}, "percentiles": {"normal": {"p5": 0.5575, "p10": 0.63079, "p20": 0.7281, "p25": 0.76882, "p75": 0.94161, "p80": 0.95274, "p90": 0.9793, "p95": 0.99517}, "hard": {"p5": 0.63953, "p10": 0.72989, "p20": 0.82124, "p25": 0.85264, "p75": 0.96289, "p80": 0.97679, "p90": 0.99692, "p95": 1}}}