{"efficiency": {"normal": 0.8275639127759089, "hard": 0.9248309999078369}, "luck": {"normal": 0.6383983036318621, "hard": 0.6240824186898258}, "steps": {"normal": [3251, 42703, 117890, 120748, 91682, 39078, 9825], "hard": [277, 10605, 19191, 25030, 23885, 6919, 911]}, "unsolvedPenalty": {"normal": 1282.7241863675922, "hard": 64.42908841254365}, "average": {"normal": 3.970710372824418, "hard": 3.991803878094549}, "percentSolvingInThreeOrFewer": {"normal": 0.38535480517525644, "hard": 0.34639130134303947}, "percentiles": {"normal": {"p5": 0.53934, "p10": 0.63919, "p20": 0.73384, "p25": 0.7719, "p75": 0.9172, "p80": 0.93391, "p90": 0.98374, "p95": 1}, "hard": {"p5": 0.73338, "p10": 0.8, "p20": 0.87558, "p25": 0.89677, "p75": 0.99076, "p80": 0.99596, "p90": 1, "p95": 1}}}