{"efficiency": {"normal": 0.7677203851423217, "hard": 0.9296020464940087}, "luck": {"normal": 0.4878930086345911, "hard": 0.47892950840443504}, "steps": {"normal": [616, 8121, 63004, 73313, 51608, 42108, 43694], "hard": [101, 2334, 16948, 14193, 8235, 10917, 15925]}, "unsolvedPenalty": {"normal": 19266.5721701125, "hard": 7286.37793547861}, "average": {"normal": 4.726034369583779, "hard": 4.920737301144577}, "percentSolvingInThreeOrFewer": {"normal": 0.2539828084286847, "hard": 0.28233289149782237}}