{"efficiency":{"normal":0.795863948792661,"hard":0.8158889049581606},"luck":{"normal":0.5063146025025287,"hard":0.5281885580969398},"steps":{"normal":[768,10299,110216,201533,118658,35533,6548],"hard":[108,5497,43217,62752,36998,10987,2033]},"unsolvedPenalty":{"normal":1350.6786284385025,"hard":347.75845119568044},"average":{"normal":4.160479528964521,"hard":4.067353324738821},"percentSolvingInThreeOrFewer":{"normal":0.250815315734508,"hard":0.30213129362839747},"percentiles":{"normal":{"p5":0.51228,"p10":0.59378,"p20":0.69188,"p25":0.72786,"p75":0.8963,"p80":0.90971,"p90":0.94401,"p95":0.97146},"hard":{"p5":0.55344,"p10":0.62951,"p20":0.71088,"p25":0.7457,"p75":0.91174,"p80":0.92477,"p90":0.95465,"p95":0.97822}}}