{"efficiency": {"normal": 0.8528945872882032, "hard": 0.8982590538259917}, "luck": {"normal": 0.6449612057012182, "hard": 0.6631271637591385}, "steps": {"normal": [1536, 41802, 116378, 90768, 35965, 8510, 1320], "hard": [214, 12195, 27082, 18766, 6357, 1056, 76]}, "unsolvedPenalty": {"normal": 245.79154406727508, "hard": 6.341183969816182}, "average": {"normal": 3.502498629818743, "hard": 3.339721674078572}, "percentSolvingInThreeOrFewer": {"normal": 0.5390729683845294, "hard": 0.6006601162047881}, "percentiles": {"normal": {"p5": 0.59227, "p10": 0.67342, "p20": 0.76506, "p25": 0.79825, "p75": 0.94595, "p80": 0.95998, "p90": 0.99886, "p95": 1}, "hard": {"p5": 0.66667, "p10": 0.755, "p20": 0.83193, "p25": 0.85972, "p75": 0.97011, "p80": 0.98638, "p90": 1, "p95": 1}}}