{"efficiency":{"normal":0.7890322459445823,"hard":0.8829231740324925},"luck":{"normal":0.5310290053880035,"hard":0.549426925776736},"steps":{"normal":[1086,15802,91605,167211,137178,60017,8350],"hard":[200,7623,29194,55330,47907,21144,2712]},"unsolvedPenalty":{"normal":762.7620825411593,"hard":165.7156932703499},"average":{"normal":4.325315506281657,"hard":4.325737101293464},"percentSolvingInThreeOrFewer":{"normal":0.22544046844772664,"hard":0.2255621229663031},"percentiles":{"normal":{"p5":0.52771,"p10":0.6019,"p20":0.69742,"p25":0.72801,"p75":0.88101,"p80":0.89346,"p90":0.9252,"p95":0.94874},"hard":{"p5":0.67125,"p10":0.75135,"p20":0.8229,"p25":0.84486,"p75":0.95436,"p80":0.96546,"p90":0.98229,"p95":0.99529}}}