{"efficiency": {"normal": 0.7596531528107191, "hard": 0.9121537525001084}, "luck": {"normal": 0.5832696025224299, "hard": 0.5772349997854167}, "steps": {"normal": [1251, 19709, 90920, 115923, 66605, 41605, 13489], "hard": [249, 8365, 30441, 29838, 21623, 18736, 7239]}, "unsolvedPenalty": {"normal": 2336.857896092064, "hard": 983.4565557969657}, "average": {"normal": 4.167460723818725, "hard": 4.290816084983363}, "percentSolvingInThreeOrFewer": {"normal": 0.32011261738130253, "hard": 0.33526195156707383}, "percentiles": {"normal": {"p5": 0.49566, "p10": 0.54413, "p20": 0.6084, "p25": 0.63579, "p75": 0.88053, "p80": 0.89818, "p90": 0.93687, "p95": 0.97295}, "hard": {"p5": 0.74987, "p10": 0.80623, "p20": 0.86221, "p25": 0.87938, "p75": 0.96962, "p80": 0.97904, "p90": 0.99687, "p95": 1}}}