{"efficiency": {"normal": 0.8403652464812592, "hard": 0.8974733867966133}, "luck": {"normal": 0.6138602798260449, "hard": 0.63637450540948}, "steps": {"normal": [2415, 34525, 143028, 114975, 65496, 23273, 5096], "hard": [346, 17653, 46796, 32279, 17225, 6111, 1041]}, "unsolvedPenalty": {"normal": 607.9425158927608, "hard": 79.08864772368314}, "average": {"normal": 3.764960964064249, "hard": 3.584269282654928}, "percentSolvingInThreeOrFewer": {"normal": 0.4628711343387996, "hard": 0.5335073404088891}, "percentiles": {"normal": {"p5": 0.55943, "p10": 0.64059, "p20": 0.74246, "p25": 0.77665, "p75": 0.95029, "p80": 0.95756, "p90": 1, "p95": 1}, "hard": {"p5": 0.66897, "p10": 0.76442, "p20": 0.83362, "p25": 0.84721, "p75": 0.96659, "p80": 0.97937, "p90": 1, "p95": 1}}}