{"efficiency": {"normal": 0.8476444163168791, "hard": 0.8952070410077306}, "luck": {"normal": 0.49277859474064883, "hard": 0.4706255238083189}, "steps": {"normal": [1456, 10497, 113502, 157411, 67969, 15904, 2950], "hard": [97, 2374, 26235, 37587, 12480, 1629, 91]}, "unsolvedPenalty": {"normal": 296.2590260601245, "hard": 9.288100031836812}, "average": {"normal": 3.9190110039142634, "hard": 3.8104964170801416}, "percentSolvingInThreeOrFewer": {"normal": 0.33935280735969964, "hard": 0.3566272843601307}, "percentiles": {"normal": {"p5": 0.59543, "p10": 0.66136, "p20": 0.75415, "p25": 0.78646, "p75": 0.94202, "p80": 0.95539, "p90": 0.98003, "p95": 0.99122}, "hard": {"p5": 0.7036, "p10": 0.77143, "p20": 0.83538, "p25": 0.85818, "p75": 0.95897, "p80": 0.96821, "p90": 0.98704, "p95": 0.99956}}}