{"efficiency": {"normal": 0.8684128185902976, "hard": 0.8963783826330582}, "luck": {"normal": 0.569478647842357, "hard": 0.5572125075177641}, "steps": {"normal": [1262, 19476, 158875, 137748, 56121, 11369, 1666], "hard": [92, 5833, 34985, 29654, 11145, 1679, 81]}, "unsolvedPenalty": {"normal": 401.70402932476645, "hard": 3.72342100731767}, "average": {"normal": 3.69637998853692, "hard": 3.614500274605031}, "percentSolvingInThreeOrFewer": {"normal": 0.46469624880665017, "hard": 0.4901220812517222}, "percentiles": {"normal": {"p5": 0.64254, "p10": 0.72257, "p20": 0.79334, "p25": 0.81694, "p75": 0.95174, "p80": 0.96133, "p90": 0.98356, "p95": 0.99743}, "hard": {"p5": 0.73037, "p10": 0.78773, "p20": 0.84318, "p25": 0.85874, "p75": 0.95789, "p80": 0.96949, "p90": 0.99479, "p95": 1}}}