{"efficiency":{"normal":0.8233550136756825,"hard":0.9117796206766541},"luck":{"normal":0.4920503109183147,"hard":0.45465061396175216},"steps":{"normal":[1526,15542,85692,147134,131269,67484,8719],"hard":[180,3850,27758,47664,44860,29280,4261]},"unsolvedPenalty":{"normal":1136.45422732083,"hard":311.1527474698167},"average":{"normal":4.376452237873652,"hard":4.510070462692948},"percentSolvingInThreeOrFewer":{"normal":0.22467782913465364,"hard":0.20137723071465224},"percentiles":{"normal":{"p5":0.55606,"p10":0.63504,"p20":0.73368,"p25":0.76214,"p75":0.9171,"p80":0.92538,"p90":0.95055,"p95":0.96763},"hard":{"p5":0.76233,"p10":0.8155,"p20":0.86351,"p25":0.87884,"p75":0.96757,"p80":0.97558,"p90":0.99381,"p95":0.99667}}}