{"efficiency": {"normal": 0.7997472038074951, "hard": 0.8630954504184962}, "luck": {"normal": 0.7068947621719459, "hard": 0.7151873765929365}, "steps": {"normal": [3161, 99571, 177045, 96600, 34381, 10106, 2587], "hard": [257, 32105, 49215, 22100, 6587, 1645, 215]}, "unsolvedPenalty": {"normal": 570.0691580989444, "hard": 40.408122397881584}, "average": {"normal": 3.2378198874441173, "hard": 3.075723378780617}, "percentSolvingInThreeOrFewer": {"normal": 0.6607069058757684, "hard": 0.7275605579536941}, "percentiles": {"normal": {"p5": 0.54489, "p10": 0.63121, "p20": 0.69357, "p25": 0.71086, "p75": 0.92046, "p80": 0.9497, "p90": 1, "p95": 1}, "hard": {"p5": 0.67471, "p10": 0.72216, "p20": 0.72316, "p25": 0.75, "p75": 0.99582, "p80": 1, "p90": 1, "p95": 1}}}