{"efficiency":{"normal":0.8165193567815401,"hard":0.8480870815681538},"luck":{"normal":0.46792523862315893,"hard":0.4650055946149432},"steps":{"normal":[599,1861,40877,118244,82542,38087,10004],"hard":[44,734,14451,38197,30312,15084,3387]},"unsolvedPenalty":{"normal":552.1620570762499,"hard":170.76462836196885},"average":{"normal":4.488970966678791,"hard":4.535772433233491},"percentSolvingInThreeOrFewer":{"normal":0.1483056937723723,"hard":0.1489986204737352},"percentiles":{"normal":{"p5":0.60305,"p10":0.69018,"p20":0.77631,"p25":0.80477,"p75":0.93797,"p80":0.94859,"p90":0.97223,"p95":0.98836},"hard":{"p5":0.67189,"p10":0.74469,"p20":0.814,"p25":0.83408,"p75":0.94789,"p80":0.95796,"p90":0.97935,"p95":0.99479}}}