{"efficiency": {"normal": 0.7565985057983567, "hard": 0.8619814834199808}, "luck": {"normal": 0.41600201146732024, "hard": 0.4366088814649915}, "steps": {"normal": [876, 2983, 49707, 118695, 95616, 57675, 22040], "hard": [41, 1007, 17575, 29191, 18755, 10312, 3936]}, "unsolvedPenalty": {"normal": 13316.253676554206, "hard": 2308.6602938815176}, "average": {"normal": 4.667740493672334, "hard": 4.418026656444578}, "percentSolvingInThreeOrFewer": {"normal": 0.15410596331330986, "hard": 0.23043419082618755}, "percentiles": {"normal": {"p5": 0.51611, "p10": 0.56894, "p20": 0.62837, "p25": 0.65143, "p75": 0.87172, "p80": 0.88626, "p90": 0.91983, "p95": 0.94294}, "hard": {"p5": 0.64232, "p10": 0.70518, "p20": 0.80311, "p25": 0.82846, "p75": 0.93042, "p80": 0.93978, "p90": 0.95827, "p95": 0.97405}}}