{"efficiency": {"normal": 0.8615741120037874, "hard": 0.9066547663499418}, "luck": {"normal": 0.5994314633130057, "hard": 0.5966664309738736}, "steps": {"normal": [1686, 26190, 233444, 115399, 25273, 4267, 989], "hard": [224, 8034, 65404, 28781, 5397, 626, 43]}, "unsolvedPenalty": {"normal": 157.21627666328487, "hard": 1}, "average": {"normal": 3.3764222691742214, "hard": 3.305449317568128}, "percentSolvingInThreeOrFewer": {"normal": 0.6416728872824421, "hard": 0.6788561317494402}, "percentiles": {"normal": {"p5": 0.62965, "p10": 0.70533, "p20": 0.7923, "p25": 0.81715, "p75": 0.93574, "p80": 0.9489, "p90": 0.98312, "p95": 1}, "hard": {"p5": 0.72428, "p10": 0.78322, "p20": 0.84402, "p25": 0.86667, "p75": 0.97243, "p80": 0.97752, "p90": 1, "p95": 1}}}