{"efficiency": {"normal": 0.8150352667645947, "hard": 0.8634907775639237}, "luck": {"normal": 0.592287363718891, "hard": 0.6004530712898238}, "steps": {"normal": [1714, 13126, 146426, 168308, 60764, 11085, 2207], "hard": [76, 5753, 45475, 44031, 11952, 1193, 76]}, "unsolvedPenalty": {"normal": 235.104297254991, "hard": 3.482280671545114}, "average": {"normal": 3.7819044776088373, "hard": 3.607211782680566}, "percentSolvingInThreeOrFewer": {"normal": 0.39953918192403937, "hard": 0.472604001621283}, "percentiles": {"normal": {"p5": 0.56177, "p10": 0.63466, "p20": 0.7192, "p25": 0.74904, "p75": 0.91195, "p80": 0.92626, "p90": 0.95184, "p95": 0.97879}, "hard": {"p5": 0.67311, "p10": 0.70948, "p20": 0.78509, "p25": 0.80685, "p75": 0.94691, "p80": 0.96115, "p90": 0.97937, "p95": 0.99619}}}