{"efficiency": {"normal": 0.8431838740942353, "hard": 0.8973120469914287}, "luck": {"normal": 0.4609955318512109, "hard": 0.4441365330999637}, "steps": {"normal": [848, 3884, 51116, 120324, 104397, 53848, 9775], "hard": [107, 1329, 19482, 40596, 33264, 15916, 2433]}, "unsolvedPenalty": {"normal": 1359.697041851106, "hard": 190.91426432832762}, "average": {"normal": 4.526885276362759, "hard": 4.443085331214726}, "percentSolvingInThreeOrFewer": {"normal": 0.16225827445146895, "hard": 0.18490722815950214}, "percentiles": {"normal": {"p5": 0.55829, "p10": 0.64573, "p20": 0.75005, "p25": 0.78779, "p75": 0.93824, "p80": 0.94904, "p90": 0.96942, "p95": 0.98043}, "hard": {"p5": 0.7171, "p10": 0.77394, "p20": 0.84405, "p25": 0.86381, "p75": 0.95937, "p80": 0.96688, "p90": 0.98176, "p95": 0.99393}}}