{"efficiency": {"normal": 0.8366280232803248, "hard": 0.8903054856059376}, "luck": {"normal": 0.6032993993323076, "hard": 0.605496436847665}, "steps": {"normal": [1228, 20116, 147614, 164129, 51554, 7801, 1447], "hard": [80, 5856, 43190, 44704, 11178, 1106, 37]}, "unsolvedPenalty": {"normal": 160.95141291519695, "hard": 3.4240225225337175}, "average": {"normal": 3.695670484357053, "hard": 3.607751448620574}, "percentSolvingInThreeOrFewer": {"normal": 0.4289482569962604, "hard": 0.4627935676536255}, "percentiles": {"normal": {"p5": 0.59611, "p10": 0.67458, "p20": 0.75646, "p25": 0.78381, "p75": 0.91404, "p80": 0.92788, "p90": 0.95697, "p95": 0.99948}, "hard": {"p5": 0.68525, "p10": 0.75758, "p20": 0.82878, "p25": 0.85387, "p75": 0.95717, "p80": 0.96357, "p90": 0.99263, "p95": 1}}}