{"efficiency": {"normal": 0.8256832680829181, "hard": 0.8920525862179334}, "luck": {"normal": 0.5889629420685669, "hard": 0.5988931175654597}, "steps": {"normal": [2011, 34340, 140788, 160007, 60733, 10661, 1928], "hard": [67, 9728, 41770, 43961, 13108, 1358, 48]}, "unsolvedPenalty": {"normal": 411.54392285097, "hard": 5.0769351695326}, "average": {"normal": 3.6899869025669503, "hard": 3.5869327238746775}, "percentSolvingInThreeOrFewer": {"normal": 0.4315537386592865, "hard": 0.4686023264267539}, "percentiles": {"normal": {"p5": 0.61655, "p10": 0.6787, "p20": 0.72666, "p25": 0.76246, "p75": 0.90896, "p80": 0.91967, "p90": 0.94539, "p95": 0.97379}, "hard": {"p5": 0.72674, "p10": 0.7769, "p20": 0.81806, "p25": 0.84671, "p75": 0.94976, "p80": 0.96063, "p90": 0.99589, "p95": 1}}}