{"efficiency": {"normal": 0.8508357915210221, "hard": 0.9182643061770448}, "luck": {"normal": 0.6774362731782334, "hard": 0.6971976018078031}, "steps": {"normal": [2152, 81065, 215247, 106389, 29187, 6143, 1764], "hard": [239, 21601, 45916, 16430, 4167, 545, 41]}, "unsolvedPenalty": {"normal": 356.97398367190533, "hard": 4.741140335772557}, "average": {"normal": 3.2381189916068487, "hard": 3.050469885430866}, "percentSolvingInThreeOrFewer": {"normal": 0.6753388981031662, "hard": 0.7618255208626137}, "percentiles": {"normal": {"p5": 0.59351, "p10": 0.66533, "p20": 0.76338, "p25": 0.7877, "p75": 0.94047, "p80": 0.95634, "p90": 1, "p95": 1}, "hard": {"p5": 0.7719, "p10": 0.82247, "p20": 0.8674, "p25": 0.87764, "p75": 0.9868, "p80": 0.99631, "p90": 1, "p95": 1}}}