{"efficiency":{"normal":0.8248446696366997,"hard":0.8721611178184899},"luck":{"normal":0.5410782835050617,"hard":0.5929763952977145},"steps":{"normal":[840,20779,155799,171840,74170,23914,4484],"hard":[81,12033,62376,52176,19521,6639,1555]},"unsolvedPenalty":{"normal":1067.1738358411183,"hard":335.7805717619418},"average":{"normal":3.8597694108702045,"hard":3.6833469181554848},"percentSolvingInThreeOrFewer":{"normal":0.39266885925112766,"hard":0.4825075624591109},"percentiles":{"normal":{"p5":0.55981,"p10":0.63474,"p20":0.73422,"p25":0.76855,"p75":0.91241,"p80":0.92631,"p90":0.96572,"p95":0.99282},"hard":{"p5":0.66487,"p10":0.73049,"p20":0.79944,"p25":0.82143,"p75":0.95178,"p80":0.95464,"p90":0.97572,"p95":0.99018}}}