{"efficiency": {"normal": 0.797216994782444, "hard": 0.8488534687655779}, "luck": {"normal": 0.6113096350408672, "hard": 0.5741108745797545}, "steps": {"normal": [2790, 23317, 128811, 135823, 74284, 28175, 6235], "hard": [227, 7005, 32603, 41642, 25371, 10027, 1213]}, "unsolvedPenalty": {"normal": 758.1578543214172, "hard": 41.655197101483346}, "average": {"normal": 3.915586160086926, "hard": 4.015341568974844}, "percentSolvingInThreeOrFewer": {"normal": 0.3878428279945423, "hard": 0.33733317525912876}, "percentiles": {"normal": {"p5": 0.50183, "p10": 0.58563, "p20": 0.69201, "p25": 0.72603, "p75": 0.90185, "p80": 0.9236, "p90": 0.98235, "p95": 1}, "hard": {"p5": 0.60829, "p10": 0.68804, "p20": 0.77007, "p25": 0.78938, "p75": 0.93505, "p80": 0.94648, "p90": 0.98774, "p95": 1}}}