{"efficiency": {"normal": 0.8181989581556353, "hard": 0.8678425126651405}, "luck": {"normal": 0.5877825884687538, "hard": 0.5223196564159914}, "steps": {"normal": [17090, 38566, 113520, 140607, 65541, 16154, 3726], "hard": [1715, 5659, 22084, 35157, 14832, 1932, 143]}, "unsolvedPenalty": {"normal": 412.4992559651484, "hard": 7.963811006905162}, "average": {"normal": 3.664774393113342, "hard": 3.7618552514782135}, "percentSolvingInThreeOrFewer": {"normal": 0.4280725903583972, "hard": 0.36135031034567355}, "percentiles": {"normal": {"p5": 0.52625, "p10": 0.6063, "p20": 0.70141, "p25": 0.74135, "p75": 0.92974, "p80": 0.94431, "p90": 1, "p95": 1}, "hard": {"p5": 0.6531, "p10": 0.71798, "p20": 0.77867, "p25": 0.8108, "p75": 0.94704, "p80": 0.95429, "p90": 0.99261, "p95": 1}}}