{"efficiency":{"normal":0.8469768895588776,"hard":0.8981133215435861},"luck":{"normal":0.5702787931677885,"hard":0.6174525622949293},"steps":{"normal":[1287,37590,211854,187901,69504,16849,2050],"hard":[302,19376,76631,50391,17599,4347,428]},"unsolvedPenalty":{"normal":251.32078635477342,"hard":33.11450746073923},"average":{"normal":3.6560158638161693,"hard":3.475502528522781},"percentSolvingInThreeOrFewer":{"normal":0.4757388029258019,"hard":0.5696263174704568},"percentiles":{"normal":{"p5":0.60409,"p10":0.66694,"p20":0.76319,"p25":0.79124,"p75":0.93561,"p80":0.9498,"p90":0.97778,"p95":0.9892},"hard":{"p5":0.71913,"p10":0.77848,"p20":0.84339,"p25":0.86024,"p75":0.96025,"p80":0.96817,"p90":0.98547,"p95":0.99397}}}