{"efficiency": {"normal": 0.8402883354021174, "hard": 0.8828686486599496}, "luck": {"normal": 0.6416668871244375, "hard": 0.6819261729759614}, "steps": {"normal": [407, 15311, 125185, 113468, 32477, 5059, 522], "hard": [67, 7577, 37612, 21199, 4505, 465, 22]}, "unsolvedPenalty": {"normal": 26.52918862178241, "hard": 1.7411403357725568}, "average": {"normal": 3.614126947698832, "hard": 3.3356717726473577}, "percentSolvingInThreeOrFewer": {"normal": 0.4818366167514166, "hard": 0.6334205774910073}}