{"efficiency": {"normal": 0.8634005610388223, "hard": 0.8974332256540127}, "luck": {"normal": 0.5476846003889664, "hard": 0.5362819450853694}, "steps": {"normal": [2232, 14864, 143763, 156927, 68562, 14139, 3063], "hard": [99, 4450, 41168, 39948, 19007, 3078, 161]}, "unsolvedPenalty": {"normal": 766.8992249325248, "hard": 12.329450885079067}, "average": {"normal": 3.818136288501877, "hard": 3.7710458567790592}, "percentSolvingInThreeOrFewer": {"normal": 0.39860983769049685, "hard": 0.4236546783923789}, "percentiles": {"normal": {"p5": 0.60884, "p10": 0.69565, "p20": 0.79191, "p25": 0.8179, "p75": 0.94856, "p80": 0.96138, "p90": 0.98506, "p95": 0.99698}, "hard": {"p5": 0.7182, "p10": 0.78549, "p20": 0.8442, "p25": 0.86055, "p75": 0.9603, "p80": 0.97174, "p90": 0.99316, "p95": 1}}}