{"efficiency": {"normal": 0.6699283697091712, "hard": 0.8730746321105508}, "luck": {"normal": 0.5633171635756745, "hard": 0.5493136381497453}, "steps": {"normal": [1486, 13172, 61803, 84792, 74835, 58072, 29628], "hard": [99, 3296, 14243, 19793, 18809, 12964, 6628]}, "unsolvedPenalty": {"normal": 20677.55945728388, "hard": 4556.899628210447}, "average": {"normal": 4.6421966208052305, "hard": 4.633583442718252}, "percentSolvingInThreeOrFewer": {"normal": 0.23614525553757396, "hard": 0.23259310053803145}, "percentiles": {"normal": {"p5": 0.40895, "p10": 0.46166, "p20": 0.52044, "p25": 0.5468, "p75": 0.81462, "p80": 0.84024, "p90": 0.90559, "p95": 0.95021}, "hard": {"p5": 0.63718, "p10": 0.70699, "p20": 0.79347, "p25": 0.82454, "p75": 0.95812, "p80": 0.96357, "p90": 0.98431, "p95": 0.99456}}}