{"efficiency":{"normal":0.7662166432802746,"hard":0.7891949070621567},"luck":{"normal":0.34081189318668087,"hard":0.3326379730787858},"steps":{"normal":[977,927,11760,86513,101353,72222,22849],"hard":[77,210,4900,31207,38065,25536,7277]},"unsolvedPenalty":{"normal":3183.0969917350453,"hard":1053.4681074320724},"average":{"normal":5.014771012207427,"hard":4.992528041869567},"percentSolvingInThreeOrFewer":{"normal":0.04606862417861032,"hard":0.04835371765232307},"percentiles":{"normal":{"p5":0.53159,"p10":0.61558,"p20":0.70802,"p25":0.75076,"p75":0.94105,"p80":0.95163,"p90":0.97295,"p95":0.9867},"hard":{"p5":0.56535,"p10":0.65007,"p20":0.74867,"p25":0.80263,"p75":0.94906,"p80":0.95807,"p90":0.97669,"p95":0.99253}}}