{"efficiency": {"normal": 0.833519655252145, "hard": 0.8895277776206032}, "luck": {"normal": 0.5739085293148826, "hard": 0.5492776415276341}, "steps": {"normal": [1045, 25613, 93506, 117734, 72744, 28230, 7055], "hard": [110, 6346, 19578, 29060, 15610, 5806, 1231]}, "unsolvedPenalty": {"normal": 467.6255617396408, "hard": 43.93349020507064}, "average": {"normal": 4.008584544027323, "hard": 3.978890591711003}, "percentSolvingInThreeOrFewer": {"normal": 0.34736808633035293, "hard": 0.33488120811412253}, "percentiles": {"normal": {"p5": 0.55825, "p10": 0.6328, "p20": 0.7329, "p25": 0.76594, "p75": 0.93057, "p80": 0.94194, "p90": 0.9778, "p95": 1}, "hard": {"p5": 0.6521, "p10": 0.73383, "p20": 0.81694, "p25": 0.846, "p75": 0.96815, "p80": 0.97665, "p90": 0.99593, "p95": 1}}}