{"efficiency": {"normal": 0.8254407819290508, "hard": 0.8783233334828441}, "luck": {"normal": 0.6386707997404856, "hard": 0.6024516655079959}, "steps": {"normal": [3834, 37035, 203484, 135625, 51409, 15638, 3242], "hard": [382, 9342, 34986, 28043, 11992, 3988, 444]}, "unsolvedPenalty": {"normal": 601.0710482641422, "hard": 35.11163274683321}, "average": {"normal": 3.564605158824129, "hard": 3.624556910781332}, "percentSolvingInThreeOrFewer": {"normal": 0.5426846737602355, "hard": 0.5013624589299932}, "percentiles": {"normal": {"p5": 0.56268, "p10": 0.62701, "p20": 0.72109, "p25": 0.75042, "p75": 0.92592, "p80": 0.94129, "p90": 0.97993, "p95": 0.9995}, "hard": {"p5": 0.67206, "p10": 0.73923, "p20": 0.79787, "p25": 0.81943, "p75": 0.95581, "p80": 0.96861, "p90": 0.99952, "p95": 1}}}