{"efficiency": {"normal": 0.8402959364105719, "hard": 0.901040810604913}, "luck": {"normal": 0.5580405037912431, "hard": 0.5550456763383004}, "steps": {"normal": [2425, 21496, 188938, 177935, 52540, 14038, 2623], "hard": [229, 8277, 63593, 51696, 11655, 2199, 207]}, "unsolvedPenalty": {"normal": 846.8447154229128, "hard": 44.78663020664957}, "average": {"normal": 3.6741852513949564, "hard": 3.534911695031095}, "percentSolvingInThreeOrFewer": {"normal": 0.4627419863259383, "hard": 0.5230022632311978}, "percentiles": {"normal": {"p5": 0.55306, "p10": 0.64461, "p20": 0.7584, "p25": 0.79197, "p75": 0.93633, "p80": 0.94803, "p90": 0.9709, "p95": 0.98363}, "hard": {"p5": 0.72172, "p10": 0.79132, "p20": 0.84794, "p25": 0.86481, "p75": 0.96061, "p80": 0.9676, "p90": 0.98981, "p95": 1}}}