{"efficiency": {"normal": 0.8333057895366186, "hard": 0.8826286970141501}, "luck": {"normal": 0.6565923397545539, "hard": 0.6707513771074098}, "steps": {"normal": [1460, 26562, 176854, 121393, 33294, 6401, 1030], "hard": [145, 8919, 41375, 23914, 5887, 792, 50]}, "unsolvedPenalty": {"normal": 136.1118820153694, "hard": 4.146231827785514}, "average": {"normal": 3.4958067758110904, "hard": 3.3583920750823584}, "percentSolvingInThreeOrFewer": {"normal": 0.5582543583818809, "hard": 0.6220739498285686}, "percentiles": {"normal": {"p5": 0.57796, "p10": 0.64769, "p20": 0.74375, "p25": 0.77168, "p75": 0.92486, "p80": 0.93724, "p90": 0.96283, "p95": 0.98812}, "hard": {"p5": 0.67276, "p10": 0.72478, "p20": 0.80875, "p25": 0.83253, "p75": 0.95633, "p80": 0.96554, "p90": 0.98863, "p95": 1}}}