{"efficiency": {"normal": 0.8354513208147237, "hard": 0.8997665701579883}, "luck": {"normal": 0.6811712437523179, "hard": 0.6906936043684935}, "steps": {"normal": [1926, 62399, 178340, 120524, 40740, 8472, 1808], "hard": [177, 16611, 39694, 23020, 6053, 750, 40]}, "unsolvedPenalty": {"normal": 149.21174773916755, "hard": 7.098035965827469}, "average": {"normal": 3.406920689187679, "hard": 3.2383241419418125}, "percentSolvingInThreeOrFewer": {"normal": 0.5858515870007653, "hard": 0.6541432624934854}, "percentiles": {"normal": {"p5": 0.50641, "p10": 0.58764, "p20": 0.66667, "p25": 0.73782, "p75": 0.98354, "p80": 1, "p90": 1, "p95": 1}, "hard": {"p5": 0.6228, "p10": 0.66667, "p20": 0.80564, "p25": 0.85076, "p75": 1, "p80": 1, "p90": 1, "p95": 1}}}