{"efficiency": {"normal": 0.8245214278655247, "hard": 0.8909932410152398}, "luck": {"normal": 0.6438309798211743, "hard": 0.6282286034669556}, "steps": {"normal": [2370, 38396, 137636, 147615, 59298, 21976, 5561], "hard": [218, 9321, 25874, 32739, 11992, 4200, 687]}, "unsolvedPenalty": {"normal": 502.26072505611495, "hard": 29.892035753581958}, "average": {"normal": 3.7551114218292656, "hard": 3.733190154599541}, "percentSolvingInThreeOrFewer": {"normal": 0.4321209537558253, "hard": 0.4164716397549129}, "percentiles": {"normal": {"p5": 0.57349, "p10": 0.64274, "p20": 0.72331, "p25": 0.75149, "p75": 0.91851, "p80": 0.93271, "p90": 0.97518, "p95": 0.9973}, "hard": {"p5": 0.68608, "p10": 0.74951, "p20": 0.82044, "p25": 0.84955, "p75": 0.96371, "p80": 0.97025, "p90": 0.9973, "p95": 1}}}