{"efficiency": {"normal": 0.8064846981734349, "hard": 0.8655347681403213}, "luck": {"normal": 0.5841090866156864, "hard": 0.5623866128520673}, "steps": {"normal": [1133, 14515, 151018, 131402, 61725, 30203, 7246], "hard": [66, 5143, 33935, 36362, 18925, 10839, 1945]}, "unsolvedPenalty": {"normal": 337.85650183917136, "hard": 40.98228067154511}, "average": {"normal": 3.9012185431093367, "hard": 4.0192135641530715}, "percentSolvingInThreeOrFewer": {"normal": 0.41955785138530166, "hard": 0.3650981672340624}, "percentiles": {"normal": {"p5": 0.52331, "p10": 0.59739, "p20": 0.69323, "p25": 0.73192, "p75": 0.91427, "p80": 0.92931, "p90": 0.95606, "p95": 0.98078}, "hard": {"p5": 0.63894, "p10": 0.70285, "p20": 0.77437, "p25": 0.80409, "p75": 0.94992, "p80": 0.96152, "p90": 0.98392, "p95": 1}}}