{"efficiency": {"normal": 0.8144918832293794, "hard": 0.8631728316920728}, "luck": {"normal": 0.4711584104460574, "hard": 0.47784184870580065}, "steps": {"normal": [1530, 8310, 66533, 135711, 104434, 48307, 9665], "hard": [45, 1873, 16686, 29987, 21384, 8536, 1298]}, "unsolvedPenalty": {"normal": 3552.912072307246, "hard": 394.74667087664716}, "average": {"normal": 4.389470779119088, "hard": 4.277885284502708}, "percentSolvingInThreeOrFewer": {"normal": 0.2039386899516676, "hard": 0.23310654186871155}, "percentiles": {"normal": {"p5": 0.55904, "p10": 0.63481, "p20": 0.73037, "p25": 0.76038, "p75": 0.90353, "p80": 0.91381, "p90": 0.93807, "p95": 0.95543}, "hard": {"p5": 0.68717, "p10": 0.74607, "p20": 0.8047, "p25": 0.82274, "p75": 0.92575, "p80": 0.93405, "p90": 0.95558, "p95": 0.97168}}}