{"efficiency": {"normal": 0.8128024260180822, "hard": 0.8928132928756671}, "luck": {"normal": 0.5920723233569868, "hard": 0.5737821880016722}, "steps": {"normal": [1188, 8358, 113427, 153912, 64834, 17741, 3858], "hard": [75, 1549, 26455, 37631, 11580, 1650, 151]}, "unsolvedPenalty": {"normal": 234.93970094320488, "hard": 6.5}, "average": {"normal": 3.9405973271375028, "hard": 3.817444462707514}, "percentSolvingInThreeOrFewer": {"normal": 0.3384720823080607, "hard": 0.3550214310098494}, "percentiles": {"normal": {"p5": 0.52915, "p10": 0.60072, "p20": 0.69196, "p25": 0.73149, "p75": 0.92556, "p80": 0.9353, "p90": 0.95512, "p95": 0.98408}, "hard": {"p5": 0.67115, "p10": 0.74412, "p20": 0.83419, "p25": 0.85461, "p75": 0.96332, "p80": 0.97806, "p90": 0.98713, "p95": 1}}}