{"efficiency": {"normal": 0.8079081967041103, "hard": 0.8752213093674561}, "luck": {"normal": 0.5681613414235007, "hard": 0.5660062226380732}, "steps": {"normal": [2100, 18077, 132338, 125650, 77323, 37325, 12208], "hard": [102, 9357, 34286, 34665, 18662, 8116, 2212]}, "unsolvedPenalty": {"normal": 2919.4220846917933, "hard": 505.6087542820259}, "average": {"normal": 4.0412927282404905, "hard": 3.895061534024972}, "percentSolvingInThreeOrFewer": {"normal": 0.3765607215428336, "hard": 0.4073091247672253}, "percentiles": {"normal": {"p5": 0.50507, "p10": 0.58383, "p20": 0.69808, "p25": 0.74309, "p75": 0.91096, "p80": 0.92299, "p90": 0.95227, "p95": 0.97071}, "hard": {"p5": 0.64197, "p10": 0.71888, "p20": 0.80469, "p25": 0.83136, "p75": 0.95498, "p80": 0.96365, "p90": 0.98223, "p95": 0.99534}}}