{"efficiency":{"normal":0.8364201044527237,"hard":0.8625446213205169},"luck":{"normal":0.4173773402356584,"hard":0.4522358320729609},"steps":{"normal":[848,4051,56138,176297,138830,41605,6808],"hard":[102,2059,24237,65161,45205,10686,1308]},"unsolvedPenalty":{"normal":413.26483390182943,"hard":28.206574061124982},"average":{"normal":4.414749891854485,"hard":4.281451798048247},"percentSolvingInThreeOrFewer":{"normal":0.14375955362631512,"hard":0.1774560023662593},"percentiles":{"normal":{"p5":0.60769,"p10":0.6775,"p20":0.75557,"p25":0.78359,"p75":0.91742,"p80":0.9274,"p90":0.95166,"p95":0.97103},"hard":{"p5":0.65711,"p10":0.72018,"p20":0.79599,"p25":0.81818,"p75":0.93301,"p80":0.94348,"p90":0.96488,"p95":0.98109}}}