{"efficiency": {"normal": 0.8173587963335358, "hard": 0.8668297394486072}, "luck": {"normal": 0.5872281205588996, "hard": 0.5795602388288389}, "steps": {"normal": [1514, 13756, 131433, 168077, 72569, 15798, 2576], "hard": [63, 4266, 30026, 34601, 13528, 2090, 126]}, "unsolvedPenalty": {"normal": 166.1863253984849, "hard": 4.037609888125196}, "average": {"normal": 3.873244026898644, "hard": 3.7561161465157986}, "percentSolvingInThreeOrFewer": {"normal": 0.3615841349886499, "hard": 0.4056080283353011}, "percentiles": {"normal": {"p5": 0.52162, "p10": 0.6076, "p20": 0.71337, "p25": 0.73885, "p75": 0.92183, "p80": 0.93473, "p90": 0.97865, "p95": 0.99866}, "hard": {"p5": 0.62136, "p10": 0.70608, "p20": 0.79778, "p25": 0.81954, "p75": 0.94565, "p80": 0.9601, "p90": 0.99633, "p95": 1}}}