{"efficiency": {"normal": 0.832440010630644, "hard": 0.9036516764006384}, "luck": {"normal": 0.676920560206944, "hard": 0.6284332663695886}, "steps": {"normal": [7840, 60003, 119191, 96201, 53150, 25294, 10823], "hard": [1441, 12134, 19640, 23934, 15475, 6627, 1735]}, "unsolvedPenalty": {"normal": 2388.2852781947013, "hard": 310.13078418456405}, "average": {"normal": 3.6667891320803507, "hard": 3.827292751638364}, "percentSolvingInThreeOrFewer": {"normal": 0.5021020021369013, "hard": 0.4101326155137925}, "percentiles": {"normal": {"p5": 0.5176, "p10": 0.61161, "p20": 0.71577, "p25": 0.75872, "p75": 0.94418, "p80": 0.95659, "p90": 1, "p95": 1}, "hard": {"p5": 0.67804, "p10": 0.74428, "p20": 0.83557, "p25": 0.87142, "p75": 0.99, "p80": 0.99896, "p90": 1, "p95": 1}}}