{"efficiency":{"normal":0.8331563555113678,"hard":0.8808480229405069},"luck":{"normal":0.6051842925110902,"hard":0.6020161013204754},"steps":{"normal":[1372,11934,174075,139993,71567,26535,3494],"hard":[139,5939,57312,45611,22960,8467,800]},"unsolvedPenalty":{"normal":192.8572317121678,"hard":15.259828700026052},"average":{"normal":3.8444013735965505,"hard":3.8067115574015067},"percentSolvingInThreeOrFewer":{"normal":0.43681609436557334,"hard":0.44884867023536407},"percentiles":{"normal":{"p5":0.56004,"p10":0.62976,"p20":0.72479,"p25":0.76599,"p75":0.93447,"p80":0.94418,"p90":0.97206,"p95":0.99365},"hard":{"p5":0.65369,"p10":0.7283,"p20":0.80491,"p25":0.83494,"p75":0.95566,"p80":0.96463,"p90":0.98247,"p95":1}}}