{"efficiency": {"normal": 0.8210954148037202, "hard": 0.8604855104599013}, "luck": {"normal": 0.50717292226288, "hard": 0.47883801423937983}, "steps": {"normal": [1024, 1687, 49686, 183440, 83252, 14492, 2578], "hard": [80, 324, 9478, 41746, 22606, 3029, 119]}, "unsolvedPenalty": {"normal": 134.6691279502583, "hard": 1.358903298271068}, "average": {"normal": 4.190304793648096, "hard": 4.2410942971659855}, "percentSolvingInThreeOrFewer": {"normal": 0.15586969261569675, "hard": 0.12770411723656663}, "percentiles": {"normal": {"p5": 0.562, "p10": 0.62395, "p20": 0.69716, "p25": 0.73758, "p75": 0.92353, "p80": 0.93645, "p90": 0.96192, "p95": 0.97649}, "hard": {"p5": 0.63935, "p10": 0.68968, "p20": 0.78489, "p25": 0.80938, "p75": 0.93955, "p80": 0.94896, "p90": 0.97053, "p95": 0.98453}}}