{"efficiency":{"normal":0.8602798649023118,"hard":0.9082636859170816},"luck":{"normal":0.5893843903301819,"hard":0.5884640684623023},"steps":{"normal":[1815,48706,181232,177347,80694,19859,1741],"hard":[467,22253,60224,53503,24923,5955,443]},"unsolvedPenalty":{"normal":233.57184433681948,"hard":31.186972562375768},"average":{"normal":3.6906095336361724,"hard":3.5950490377936335},"percentSolvingInThreeOrFewer":{"normal":0.45317895790721047,"hard":0.4943970244623528},"percentiles":{"normal":{"p5":0.64787,"p10":0.7159,"p20":0.79124,"p25":0.81414,"p75":0.93954,"p80":0.95069,"p90":0.97515,"p95":1},"hard":{"p5":0.74927,"p10":0.80759,"p20":0.85446,"p25":0.87006,"p75":0.96477,"p80":0.97223,"p90":0.99868,"p95":1}}}