{"efficiency":{"normal":0.8558343427887127,"hard":0.891212219977646},"luck":{"normal":0.5797994311600478,"hard":0.5667144054393835},"steps":{"normal":[1404,24402,172058,220662,101410,23137,2333],"hard":[176,9029,54541,69530,32270,7217,490]},"unsolvedPenalty":{"normal":330.3114901097601,"hard":33.49062550736595},"average":{"normal":3.8715439718120255,"hard":3.8561669386706567},"percentSolvingInThreeOrFewer":{"normal":0.3627829543496038,"hard":0.3679359087577127},"percentiles":{"normal":{"p5":0.63583,"p10":0.70881,"p20":0.78016,"p25":0.80798,"p75":0.93281,"p80":0.94415,"p90":0.97092,"p95":0.99284},"hard":{"p5":0.72013,"p10":0.77443,"p20":0.83291,"p25":0.85175,"p75":0.95611,"p80":0.96599,"p90":0.98937,"p95":1}}}