{"efficiency": {"normal": 0.8028077559086151, "hard": 0.8671494464319779}, "luck": {"normal": 0.6036468376822096, "hard": 0.5873913566870627}, "steps": {"normal": [499, 14668, 88798, 105811, 49934, 14710, 2121], "hard": [91, 3742, 24320, 27430, 10099, 2522, 279]}, "unsolvedPenalty": {"normal": 286.1298557660261, "hard": 35.31767402329184}, "average": {"normal": 3.8783982478394377, "hard": 3.7654646799063025}, "percentSolvingInThreeOrFewer": {"normal": 0.37594787029771354, "hard": 0.4110947242381321}}