{"efficiency":{"normal":0.85625932662348,"hard":0.9146649279801591},"luck":{"normal":0.5673404959610354,"hard":0.5867134257119428},"steps":{"normal":[2386,53221,196695,155823,60750,19360,2859],"hard":[428,21966,69705,45237,19237,6398,590]},"unsolvedPenalty":{"normal":392.84640906744886,"hard":25.964561343090224},"average":{"normal":3.5889683979219202,"hard":3.5042092220110117},"percentSolvingInThreeOrFewer":{"normal":0.5137550041336282,"hard":0.5630865548633232},"percentiles":{"normal":{"p5":0.63589,"p10":0.70327,"p20":0.77217,"p25":0.79855,"p75":0.94032,"p80":0.9517,"p90":0.98241,"p95":0.99846},"hard":{"p5":0.7739,"p10":0.82563,"p20":0.86629,"p25":0.88052,"p75":0.96599,"p80":0.97377,"p90":0.99775,"p95":1}}}