{"efficiency": {"normal": 0.8158295522649649, "hard": 0.8649261132522804}, "luck": {"normal": 0.6533272908043508, "hard": 0.5873838432202723}, "steps": {"normal": [2000, 31522, 125861, 105685, 45071, 12475, 2139], "hard": [257, 4631, 23705, 29416, 12945, 2927, 317]}, "unsolvedPenalty": {"normal": 190.73556107119748, "hard": 8.582324305588738}, "average": {"normal": 3.635796237636207, "hard": 3.811593066178409}, "percentSolvingInThreeOrFewer": {"normal": 0.4907822252604287, "hard": 0.3853607913959945}, "percentiles": {"normal": {"p5": 0.59883, "p10": 0.68327, "p20": 0.7669, "p25": 0.79502, "p75": 0.93904, "p80": 0.95373, "p90": 0.99937, "p95": 1}, "hard": {"p5": 0.71076, "p10": 0.77805, "p20": 0.83978, "p25": 0.85787, "p75": 0.96376, "p80": 0.97187, "p90": 0.99745, "p95": 1}}}