{"efficiency": {"normal": 0.7853198477333899, "hard": 0.8534839176072503}, "luck": {"normal": 0.6252091864212035, "hard": 0.6055220790325166}, "steps": {"normal": [1754, 16692, 120483, 155581, 70448, 17013, 2745], "hard": [188, 4507, 39166, 53689, 19780, 2751, 143]}, "unsolvedPenalty": {"normal": 226.01366338785974, "hard": 4}, "average": {"normal": 3.8799270466094153, "hard": 3.8084492281075324}, "percentSolvingInThreeOrFewer": {"normal": 0.361120930764512, "hard": 0.3648273223316476}, "percentiles": {"normal": {"p5": 0.49672, "p10": 0.56576, "p20": 0.64941, "p25": 0.68942, "p75": 0.90197, "p80": 0.91903, "p90": 0.95973, "p95": 0.99637}, "hard": {"p5": 0.6128, "p10": 0.66667, "p20": 0.76343, "p25": 0.79283, "p75": 0.94223, "p80": 0.954, "p90": 0.98595, "p95": 1}}}