{"efficiency":{"normal":0.7983790070317345,"hard":0.8388496000863092},"luck":{"normal":0.6339264478841065,"hard":0.6490306642076019},"steps":{"normal":[1723,33639,200912,181189,64712,17373,6006],"hard":[119,16090,72833,55129,18004,4033,801]},"unsolvedPenalty":{"normal":243.7631814014337,"hard":10.464561343090226},"average":{"normal":3.692141221672465,"hard":3.539626394753235},"percentSolvingInThreeOrFewer":{"normal":0.4673566028554813,"hard":0.5331568957361579},"percentiles":{"normal":{"p5":0.49253,"p10":0.58145,"p20":0.70705,"p25":0.74595,"p75":0.89841,"p80":0.91244,"p90":0.94855,"p95":0.97991},"hard":{"p5":0.57956,"p10":0.62795,"p20":0.75014,"p25":0.78127,"p75":0.93275,"p80":0.94684,"p90":0.97885,"p95":1}}}