{"efficiency": {"normal": 0.818532541327577, "hard": 0.8687569053621603}, "luck": {"normal": 0.6121434727730994, "hard": 0.6235621640986537}, "steps": {"normal": [1980, 16165, 153043, 164487, 56539, 11800, 2489], "hard": [136, 4121, 55028, 51064, 9469, 685, 76]}, "unsolvedPenalty": {"normal": 185.3059274713964, "hard": 5.6185159308437775}, "average": {"normal": 3.745335965361809, "hard": 3.563726838968069}, "percentSolvingInThreeOrFewer": {"normal": 0.42112358334378835, "hard": 0.4916693619950406}, "percentiles": {"normal": {"p5": 0.50653, "p10": 0.58398, "p20": 0.69331, "p25": 0.75056, "p75": 0.93419, "p80": 0.94722, "p90": 0.97361, "p95": 1}, "hard": {"p5": 0.61967, "p10": 0.69047, "p20": 0.77917, "p25": 0.80554, "p75": 0.95642, "p80": 0.96999, "p90": 0.99274, "p95": 1}}}