{"efficiency": {"normal": 0.8293624001867107, "hard": 0.8791560104681729}, "luck": {"normal": 0.6395632446198515, "hard": 0.6428801372057638}, "steps": {"normal": [1357, 17406, 194952, 179295, 55033, 12473, 2148], "hard": [128, 5979, 75372, 52282, 9963, 1010, 82]}, "unsolvedPenalty": {"normal": 121.8424874803599, "hard": 2.741140335772557}, "average": {"normal": 3.681647680579168, "hard": 3.4787712762425134}, "percentSolvingInThreeOrFewer": {"normal": 0.4619226911970674, "hard": 0.5626381062865982}, "percentiles": {"normal": {"p5": 0.54165, "p10": 0.60602, "p20": 0.70609, "p25": 0.75573, "p75": 0.93854, "p80": 0.94935, "p90": 0.98015, "p95": 1}, "hard": {"p5": 0.62511, "p10": 0.71823, "p20": 0.8147, "p25": 0.8379, "p75": 0.95691, "p80": 0.96927, "p90": 0.99606, "p95": 1}}}