{"efficiency": {"normal": 0.7944730320228268, "hard": 0.8545694856675536}, "luck": {"normal": 0.42666253061279064, "hard": 0.4363288501116265}, "steps": {"normal": [2051, 2885, 35072, 117048, 132994, 65604, 13135], "hard": [109, 652, 15433, 43343, 36440, 14328, 2123]}, "unsolvedPenalty": {"normal": 872.1320245067565, "hard": 79.35053163612666}, "average": {"normal": 4.6981882106692625, "hard": 4.484579913648167}, "percentSolvingInThreeOrFewer": {"normal": 0.10848479754005678, "hard": 0.14403885153164692}, "percentiles": {"normal": {"p5": 0.50854, "p10": 0.58785, "p20": 0.66573, "p25": 0.70612, "p75": 0.90252, "p80": 0.91549, "p90": 0.94567, "p95": 0.96652}, "hard": {"p5": 0.62376, "p10": 0.68544, "p20": 0.78415, "p25": 0.81028, "p75": 0.93201, "p80": 0.94269, "p90": 0.96662, "p95": 0.98257}}}