{"efficiency": {"normal": 0.8769365412821163, "hard": 0.9021096387677118}, "luck": {"normal": 0.5168352575102206, "hard": 0.5160692298607158}, "steps": {"normal": [456, 4959, 93765, 142663, 46946, 4445, 491], "hard": [30, 1430, 24218, 32431, 10797, 507, 7]}, "unsolvedPenalty": {"normal": 65.74748092702777, "hard": 0.5}, "average": {"normal": 3.8376840496414233, "hard": 3.7790910400460964}, "percentSolvingInThreeOrFewer": {"normal": 0.33766277981104775, "hard": 0.36989340247767216}}