{"efficiency": {"normal": 0.8411136558356113, "hard": 0.8979567803949619}, "luck": {"normal": 0.6317791431172207, "hard": 0.628965824428241}, "steps": {"normal": [862, 21464, 148344, 141217, 37855, 5134, 822], "hard": [112, 8593, 50087, 45078, 9333, 832, 36]}, "unsolvedPenalty": {"normal": 85.9459925021154, "hard": 2.741140335772557}, "average": {"normal": 3.5974589286206338, "hard": 3.50468340893247}, "percentSolvingInThreeOrFewer": {"normal": 0.47981714825498034, "hard": 0.5153983045647009}, "percentiles": {"normal": {"p5": 0.54904, "p10": 0.63333, "p20": 0.75568, "p25": 0.79011, "p75": 0.93386, "p80": 0.94775, "p90": 0.98538, "p95": 1}, "hard": {"p5": 0.69052, "p10": 0.77493, "p20": 0.83808, "p25": 0.85666, "p75": 0.9708, "p80": 0.9786, "p90": 0.99737, "p95": 1}}}