{"efficiency": {"normal": 0.8728089530284888, "hard": 0.9179367734377851}, "luck": {"normal": 0.6465231442919727, "hard": 0.6687718028582925}, "steps": {"normal": [3116, 99089, 155245, 117195, 38928, 7936, 1766], "hard": [181, 31807, 45755, 25832, 7154, 1056, 43]}, "unsolvedPenalty": {"normal": 505.01035828775406, "hard": 2.597339001655551}, "average": {"normal": 3.2861189778708586, "hard": 3.10116962960083}, "percentSolvingInThreeOrFewer": {"normal": 0.608233417990668, "hard": 0.6952015595378617}, "percentiles": {"normal": {"p5": 0.61891, "p10": 0.7127, "p20": 0.78744, "p25": 0.81243, "p75": 0.99672, "p80": 1, "p90": 1, "p95": 1}, "hard": {"p5": 0.75261, "p10": 0.80652, "p20": 0.84874, "p25": 0.867, "p75": 1, "p80": 1, "p90": 1, "p95": 1}}}