{"efficiency": {"normal": 0.8090163481794506, "hard": 0.8570844841201556}, "luck": {"normal": 0.6561970626065664, "hard": 0.6493566195725765}, "steps": {"normal": [1227, 46299, 153446, 115892, 45490, 10542, 1692], "hard": [177, 16147, 46925, 34183, 12572, 2058, 121]}, "unsolvedPenalty": {"normal": 198.8065022209948, "hard": 8.474195233376477}, "average": {"normal": 3.5251417731006356, "hard": 3.441176240564376}, "percentSolvingInThreeOrFewer": {"normal": 0.536514784242955, "hard": 0.5638020020858775}, "percentiles": {"normal": {"p5": 0.56668, "p10": 0.6421, "p20": 0.71373, "p25": 0.72746, "p75": 0.90272, "p80": 0.91646, "p90": 0.95775, "p95": 0.99686}, "hard": {"p5": 0.6502, "p10": 0.71093, "p20": 0.76432, "p25": 0.79383, "p75": 0.93979, "p80": 0.95323, "p90": 0.98289, "p95": 1}}}