{"efficiency":{"normal":0.8572656869168369,"hard":0.9321768150240529},"luck":{"normal":0.5651853720139969,"hard":0.5737465680413817},"steps":{"normal":[920,19467,89986,149047,145131,47489,7235],"hard":[133,9021,27465,55472,48111,16299,2414]},"unsolvedPenalty":{"normal":797.8977998917558,"hard":200.7652809837867},"average":{"normal":4.285083877415256,"hard":4.265838752043443},"percentSolvingInThreeOrFewer":{"normal":0.2403200696750313,"hard":0.23043136267816128},"percentiles":{"normal":{"p5":0.59744,"p10":0.69934,"p20":0.78273,"p25":0.81101,"p75":0.93448,"p80":0.947,"p90":0.9873,"p95":0.99977},"hard":{"p5":0.78591,"p10":0.84431,"p20":0.89043,"p25":0.90494,"p75":0.98755,"p80":0.99221,"p90":0.99978,"p95":1}}}