{"efficiency":{"normal":0.7402905586617786,"hard":0.8049792968662228},"luck":{"normal":0.45671686734987926,"hard":0.4610217375982812},"steps":{"normal":[1689,2609,29891,128369,168631,86187,19275],"hard":[123,843,13159,57144,60594,17359,1708]},"unsolvedPenalty":{"normal":321.76861807017275,"hard":26.606608632384194},"average":{"normal":4.82211140846596,"hard":4.564822146747713},"percentSolvingInThreeOrFewer":{"normal":0.0782982290204305,"hard":0.09358643079573312},"percentiles":{"normal":{"p5":0.44586,"p10":0.52229,"p20":0.60426,"p25":0.63311,"p75":0.8819,"p80":0.89992,"p90":0.93785,"p95":0.95913},"hard":{"p5":0.56095,"p10":0.62185,"p20":0.68503,"p25":0.7086,"p75":0.91315,"p80":0.92642,"p90":0.95687,"p95":0.97538}}}