{"efficiency": {"normal": 0.7727796148906565, "hard": 0.8280996255482694}, "luck": {"normal": 0.585289805334304, "hard": 0.572308727815229}, "steps": {"normal": [2012, 19814, 127734, 135449, 72232, 32817, 10216], "hard": [120, 5054, 30557, 27726, 13539, 5713, 1413]}, "unsolvedPenalty": {"normal": 1682.7650366292462, "hard": 233.55187510851414}, "average": {"normal": 3.99200239095377, "hard": 3.862254248295434}, "percentSolvingInThreeOrFewer": {"normal": 0.37364405382313115, "hard": 0.42475214569315994}, "percentiles": {"normal": {"p5": 0.47807, "p10": 0.54113, "p20": 0.61401, "p25": 0.64654, "p75": 0.90733, "p80": 0.9235, "p90": 0.95832, "p95": 0.9978}, "hard": {"p5": 0.56753, "p10": 0.62058, "p20": 0.67983, "p25": 0.72597, "p75": 0.93489, "p80": 0.9467, "p90": 0.97878, "p95": 0.99797}}}