{"efficiency": {"normal": 0.7230224475403343, "hard": 0.8483765977607948}, "luck": {"normal": 0.36646144944903647, "hard": 0.3777842746222551}, "steps": {"normal": [1077, 1824, 20321, 66234, 90528, 93565, 54406], "hard": [122, 524, 7744, 22332, 27170, 30499, 21468]}, "unsolvedPenalty": {"normal": 31097.683063059485, "hard": 12258.108655496571}, "average": {"normal": 5.356203390901372, "hard": 5.417017346375778}, "percentSolvingInThreeOrFewer": {"normal": 0.0708084950679209, "hard": 0.07637062052266996}, "percentiles": {"normal": {"p5": 0.47367, "p10": 0.53196, "p20": 0.60267, "p25": 0.62461, "p75": 0.8547, "p80": 0.87829, "p90": 0.92057, "p95": 0.945}, "hard": {"p5": 0.57347, "p10": 0.67521, "p20": 0.75653, "p25": 0.79721, "p75": 0.93274, "p80": 0.93948, "p90": 0.95764, "p95": 0.97136}}}