{"efficiency":{"normal":0.862397519838269,"hard":0.8982521933338474},"luck":{"normal":0.512885149994493,"hard":0.509928128992003},"steps":{"normal":[858,6780,138959,233602,76078,11797,1466],"hard":[99,2706,51146,82059,23913,2015,103]},"unsolvedPenalty":{"normal":82.48250593729612,"hard":3.935633744082617},"average":{"normal":3.8915097382671067,"hard":3.823507233562766},"percentSolvingInThreeOrFewer":{"normal":0.31221408186735955,"hard":0.3329465999345845},"percentiles":{"normal":{"p5":0.60705,"p10":0.66786,"p20":0.78671,"p25":0.8205,"p75":0.94724,"p80":0.95696,"p90":0.98476,"p95":0.99658},"hard":{"p5":0.70313,"p10":0.79161,"p20":0.85693,"p25":0.87352,"p75":0.95253,"p80":0.96275,"p90":0.98254,"p95":0.99939}}}