{"efficiency": {"normal": 0.8084011974516854, "hard": 0.8623175171011774}, "luck": {"normal": 0.49207868567754576, "hard": 0.4828239710013147}, "steps": {"normal": [2210, 5844, 58416, 170801, 115351, 33013, 5047], "hard": [122, 1643, 16273, 46969, 40928, 9556, 577]}, "unsolvedPenalty": {"normal": 834.4096707949623, "hard": 18.85305601242832}, "average": {"normal": 4.308738077696937, "hard": 4.360692465244619}, "percentSolvingInThreeOrFewer": {"normal": 0.17013837340855223, "hard": 0.15540889823207085}, "percentiles": {"normal": {"p5": 0.53405, "p10": 0.62566, "p20": 0.70133, "p25": 0.73367, "p75": 0.9066, "p80": 0.9204, "p90": 0.95356, "p95": 0.97883}, "hard": {"p5": 0.63672, "p10": 0.70609, "p20": 0.77303, "p25": 0.80827, "p75": 0.94058, "p80": 0.95035, "p90": 0.97384, "p95": 0.99267}}}