{"efficiency":{"normal":0.8419223740568873,"hard":0.8914005173509538},"luck":{"normal":0.6090478766842393,"hard":0.661307078953974},"steps":{"normal":[1479,38456,184287,171286,60805,13064,2218],"hard":[129,19971,74425,48324,14780,2406,185]},"unsolvedPenalty":{"normal":257.465164887665,"hard":20.922415266813765},"average":{"normal":3.6357223150476314,"hard":3.409648748066826},"percentSolvingInThreeOrFewer":{"normal":0.47545457436995725,"hard":0.5899700411933592},"percentiles":{"normal":{"p5":0.60065,"p10":0.67016,"p20":0.75802,"p25":0.77987,"p75":0.92983,"p80":0.94591,"p90":0.99817,"p95":1},"hard":{"p5":0.71259,"p10":0.77213,"p20":0.82666,"p25":0.84287,"p75":0.95475,"p80":0.97291,"p90":1,"p95":1}}}