{"efficiency":{"normal":0.8439306639361424,"hard":0.8961104793834854},"luck":{"normal":0.6164206999738742,"hard":0.5772317086788086},"steps":{"normal":[715,14697,135383,130882,30217,4617,651],"hard":[56,4399,44087,49265,9211,772,35]},"unsolvedPenalty":{"normal":68.65362574250534,"hard":0.5},"average":{"normal":3.6044628726825487,"hard":3.6086946440992347},"percentSolvingInThreeOrFewer":{"normal":0.4754510313341447,"hard":0.4501924414560631},"percentiles":{"normal":{"p5":0.58125,"p10":0.65879,"p20":0.76175,"p25":0.79083,"p75":0.92717,"p80":0.93734,"p90":0.96597,"p95":0.98532},"hard":{"p5":0.67895,"p10":0.76446,"p20":0.82926,"p25":0.84996,"p75":0.95667,"p80":0.96365,"p90":0.98339,"p95":0.99765}}}