{"efficiency": {"normal": 0.8380365578171531, "hard": 0.8929670530458627}, "luck": {"normal": 0.5296277904913415, "hard": 0.5242499108265727}, "steps": {"normal": [1462, 8254, 107402, 170306, 89107, 22085, 3302], "hard": [74, 2129, 26139, 36061, 17591, 2955, 154]}, "unsolvedPenalty": {"normal": 623.5073184969996, "hard": 8.100043634043626}, "average": {"normal": 4.038591223380134, "hard": 3.921884070404499}, "percentSolvingInThreeOrFewer": {"normal": 0.29139774779930233, "hard": 0.333031738011586}, "percentiles": {"normal": {"p5": 0.59422, "p10": 0.66449, "p20": 0.7572, "p25": 0.78519, "p75": 0.92442, "p80": 0.93579, "p90": 0.96564, "p95": 0.98209}, "hard": {"p5": 0.71988, "p10": 0.78249, "p20": 0.83503, "p25": 0.85334, "p75": 0.95365, "p80": 0.96424, "p90": 0.9855, "p95": 0.99944}}}