{"efficiency": {"normal": 0.8221158245737534, "hard": 0.8606354097796691}, "luck": {"normal": 0.4954435888929287, "hard": 0.5060182276676544}, "steps": {"normal": [1047, 5859, 71402, 169505, 85065, 20328, 2775], "hard": [74, 1772, 22891, 36844, 16620, 2972, 198]}, "unsolvedPenalty": {"normal": 234.6474121384083, "hard": 9.774872616486434}, "average": {"normal": 4.1348938494249365, "hard": 3.957119549625991}, "percentSolvingInThreeOrFewer": {"normal": 0.21997803253544432, "hard": 0.30400265450836295}, "percentiles": {"normal": {"p5": 0.57671, "p10": 0.63674, "p20": 0.72467, "p25": 0.75681, "p75": 0.91654, "p80": 0.92793, "p90": 0.95532, "p95": 0.97248}, "hard": {"p5": 0.65995, "p10": 0.71708, "p20": 0.78855, "p25": 0.81306, "p75": 0.92974, "p80": 0.9404, "p90": 0.96367, "p95": 0.98653}}}