{"efficiency": {"normal": 0.8246010289430369, "hard": 0.8917214071801091}, "luck": {"normal": 0.6168992749997356, "hard": 0.6553761054421163}, "steps": {"normal": [522, 19503, 120204, 121855, 46797, 10194, 1375], "hard": [91, 7150, 35348, 23637, 7279, 1594, 163]}, "unsolvedPenalty": {"normal": 134.37180936050282, "hard": 8.241140335772556}, "average": {"normal": 3.721230681258732, "hard": 3.4823847511404926}, "percentSolvingInThreeOrFewer": {"normal": 0.4376002496489312, "hard": 0.5658765379607239}, "percentiles": {"normal": {"p5": 0.60283, "p10": 0.66948, "p20": 0.73575, "p25": 0.76442, "p75": 0.90844, "p80": 0.9151, "p90": 0.94689, "p95": 0.97166}, "hard": {"p5": 0.72757, "p10": 0.79291, "p20": 0.83351, "p25": 0.8575, "p75": 0.9422, "p80": 0.95205, "p90": 0.98846, "p95": 0.99906}}}