{"efficiency": {"normal": 0.7915183942455095, "hard": 0.8332860479653618}, "luck": {"normal": 0.406159054460615, "hard": 0.3997213890983356}, "steps": {"normal": [1161, 3348, 42171, 145267, 112875, 50884, 10606], "hard": [55, 776, 11650, 33039, 23086, 11179, 2438]}, "unsolvedPenalty": {"normal": 3174.3629280042123, "hard": 799.9591391200747}, "average": {"normal": 4.538571935748772, "hard": 4.488804338677986}, "percentSolvingInThreeOrFewer": {"normal": 0.1274323527484767, "hard": 0.15179451005193195}, "percentiles": {"normal": {"p5": 0.50983, "p10": 0.57729, "p20": 0.65671, "p25": 0.69112, "p75": 0.90865, "p80": 0.92082, "p90": 0.94843, "p95": 0.96733}, "hard": {"p5": 0.57682, "p10": 0.63762, "p20": 0.71304, "p25": 0.75264, "p75": 0.93093, "p80": 0.94226, "p90": 0.96459, "p95": 0.97679}}}