{"efficiency": {"normal": 0.8555642724378829, "hard": 0.9080980368225645}, "luck": {"normal": 0.49024783398683575, "hard": 0.5055052141670239}, "steps": {"normal": [1079, 7775, 65714, 146953, 115489, 31396, 3139], "hard": [62, 1992, 17026, 32422, 24490, 5574, 286]}, "unsolvedPenalty": {"normal": 545.6465631134066, "hard": 14.482280671545112}, "average": {"normal": 4.279219600756607, "hard": 4.1870996711219215}, "percentSolvingInThreeOrFewer": {"normal": 0.20069708918166038, "hard": 0.23310365049113033}, "percentiles": {"normal": {"p5": 0.65169, "p10": 0.72814, "p20": 0.79383, "p25": 0.81716, "p75": 0.92262, "p80": 0.93263, "p90": 0.95403, "p95": 0.97157}, "hard": {"p5": 0.77641, "p10": 0.81709, "p20": 0.85964, "p25": 0.87609, "p75": 0.9571, "p80": 0.9639, "p90": 0.97984, "p95": 0.99218}}}