{"efficiency":{"normal":0.7160263864431553,"hard":0.9019107126403203},"luck":{"normal":0.49982830670543504,"hard":0.5064109454505388},"steps":{"normal":[1239,6024,66389,126587,133326,82611,22201],"hard":[96,2443,22652,37685,44704,35573,10961]},"unsolvedPenalty":{"normal":10205.252404936238,"hard":5166.6815642749},"average":{"normal":4.668835847694875,"hard":4.818054696940414},"percentSolvingInThreeOrFewer":{"normal":0.16801063924430343,"hard":0.1634569214996691},"percentiles":{"normal":{"p5":0.47672,"p10":0.51885,"p20":0.57093,"p25":0.59686,"p75":0.8558,"p80":0.88049,"p90":0.92379,"p95":0.951},"hard":{"p5":0.73978,"p10":0.80255,"p20":0.85706,"p25":0.87511,"p75":0.95664,"p80":0.96292,"p90":0.98085,"p95":0.99056}}}