{"efficiency":{"normal":0.860890613127161,"hard":0.9065620251970442},"luck":{"normal":0.5484188417342453,"hard":0.5304167427044099},"steps":{"normal":[1265,22756,199691,176562,39756,6279,818],"hard":[194,8033,68037,58581,10237,1131,73]},"unsolvedPenalty":{"normal":99.5154274698787,"hard":9.45659958877649},"average":{"normal":3.563770592260933,"hard":3.5075228830996603},"percentSolvingInThreeOrFewer":{"normal":0.3769954214630086,"hard":0.12851752802816213},"percentiles":{"normal":{"p5":0.62926,"p10":0.69581,"p20":0.78486,"p25":0.80974,"p75":0.94805,"p80":0.95635,"p90":0.97719,"p95":0.99392},"hard":{"p5":0.71886,"p10":0.78051,"p20":0.85094,"p25":0.87234,"p75":0.97193,"p80":0.98018,"p90":0.99553,"p95":1}}}