{"efficiency": {"normal": 0.8560466539612961, "hard": 0.884838719063392}, "luck": {"normal": 0.5339321182342943, "hard": 0.5550974767409035}, "steps": {"normal": [964, 8602, 125967, 190100, 48632, 7254, 988], "hard": [99, 5793, 47671, 54646, 11978, 1202, 66]}, "unsolvedPenalty": {"normal": 81.07102267495698, "hard": 1.5}, "average": {"normal": 3.7911726348084476, "hard": 3.629718825902598}, "percentSolvingInThreeOrFewer": {"normal": 0.3543281560860324, "hard": 0.44101107406035156}, "percentiles": {"normal": {"p5": 0.61856, "p10": 0.67715, "p20": 0.76915, "p25": 0.80345, "p75": 0.93976, "p80": 0.95034, "p90": 0.97481, "p95": 0.9928}, "hard": {"p5": 0.68988, "p10": 0.72464, "p20": 0.81412, "p25": 0.8417, "p75": 0.95366, "p80": 0.96361, "p90": 0.98419, "p95": 0.99969}}}