{"efficiency":{"normal":0.8678270322653175,"hard":0.9121108771230761},"luck":{"normal":0.6255041064268315,"hard":0.6625788166985677},"steps":{"normal":[728,28913,180499,151458,33985,4205,479],"hard":[211,20827,68967,42106,7873,535,18]},"unsolvedPenalty":{"normal":37.43740185546707,"hard":1.309664191517291},"average":{"normal":3.5074261445256387,"hard":3.272244714990145},"percentSolvingInThreeOrFewer":{"normal":0.3885735206559002,"hard":0.16642875369350646},"percentiles":{"normal":{"p5":0.59114,"p10":0.66225,"p20":0.77001,"p25":0.81066,"p75":0.97211,"p80":0.98461,"p90":0.99892,"p95":1},"hard":{"p5":0.66667,"p10":0.77063,"p20":0.85208,"p25":0.8787,"p75":0.99413,"p80":0.99987,"p90":1,"p95":1}}}