{"efficiency":{"normal":0.8297588362369039,"hard":0.8807794105419746},"luck":{"normal":0.5887225387339104,"hard":0.6195646418159239},"steps":{"normal":[1434,32809,174022,171452,69151,15938,2022],"hard":[207,14578,62207,51820,18477,3069,220]},"unsolvedPenalty":{"normal":407.7263065514985,"hard":10.00693416385658},"average":{"normal":3.7024905802642882,"hard":3.555502427297299},"percentSolvingInThreeOrFewer":{"normal":0.3373306252814139,"hard":0.12470157980492956},"percentiles":{"normal":{"p5":0.62809,"p10":0.68986,"p20":0.74942,"p25":0.77443,"p75":0.91258,"p80":0.92034,"p90":0.9514,"p95":0.9762},"hard":{"p5":0.69789,"p10":0.75776,"p20":0.80686,"p25":0.82872,"p75":0.94964,"p80":0.96508,"p90":0.99397,"p95":1}}}