{"efficiency":{"normal":0.731759736973396,"hard":0.8868367146878622},"luck":{"normal":0.5774752189988983,"hard":0.5573986649656024},"steps":{"normal":[743,13028,118531,145085,75518,33161,8797],"hard":[100,5571,37481,46941,26781,12149,3832]},"unsolvedPenalty":{"normal":5914.701466171014,"hard":2712.6216344140266},"average":{"normal":4.031947627670216,"hard":4.073860813801201},"percentSolvingInThreeOrFewer":{"normal":0.25070538900142686,"hard":0.08177585589409596},"percentiles":{"normal":{"p5":0.48485,"p10":0.52835,"p20":0.59532,"p25":0.6218,"p75":0.84956,"p80":0.87221,"p90":0.91705,"p95":0.95005},"hard":{"p5":0.70327,"p10":0.77299,"p20":0.83224,"p25":0.84779,"p75":0.94999,"p80":0.95993,"p90":0.98621,"p95":1}}}