{"efficiency": {"normal": 0.8309664964218051, "hard": 0.867458414520817}, "luck": {"normal": 0.6828931978885894, "hard": 0.6688403851647693}, "steps": {"normal": [1322, 31007, 240010, 111467, 19689, 3019, 951], "hard": [136, 11462, 62979, 32891, 4222, 301, 11]}, "unsolvedPenalty": {"normal": 88.28908009289604, "hard": 0.7411403357725568}, "average": {"normal": 3.3193974674636912, "hard": 3.2727517467575202}, "percentSolvingInThreeOrFewer": {"normal": 0.6683739707704957, "hard": 0.6658541811753361}, "percentiles": {"normal": {"p5": 0.5675, "p10": 0.63753, "p20": 0.73698, "p25": 0.7692, "p75": 0.92436, "p80": 0.93836, "p90": 0.97188, "p95": 0.99368}, "hard": {"p5": 0.64648, "p10": 0.67611, "p20": 0.78035, "p25": 0.80699, "p75": 0.94879, "p80": 0.96205, "p90": 0.98387, "p95": 1}}}