{"efficiency":{"normal":0.81579739932146,"hard":0.8627522780896044},"luck":{"normal":0.5749250561867469,"hard":0.5443588125567169},"steps":{"normal":[795,11130,176549,171180,67954,19862,3789],"hard":[117,4605,62034,55267,20804,5317,620]},"unsolvedPenalty":{"normal":173.03199994078298,"hard":12.86920397944365},"average":{"normal":3.8095611649969086,"hard":3.7383860451046953},"percentSolvingInThreeOrFewer":{"normal":0.31411034151739586,"hard":0.11125647469784744},"percentiles":{"normal":{"p5":0.5,"p10":0.59686,"p20":0.67363,"p25":0.73111,"p75":0.93771,"p80":0.94357,"p90":0.96744,"p95":0.98571},"hard":{"p5":0.59428,"p10":0.65726,"p20":0.77666,"p25":0.80954,"p75":0.95926,"p80":0.96996,"p90":0.99008,"p95":1}}}