{"efficiency":{"normal":0.8170472026869469,"hard":0.9184128220789125},"luck":{"normal":0.6314565878778243,"hard":0.6535209348282737},"steps":{"normal":[1360,31515,169769,142082,74209,27880,6036],"hard":[275,23966,63143,36681,17303,6592,1520]},"unsolvedPenalty":{"normal":1529.2261905618757,"hard":336.4994195546124},"average":{"normal":3.790562562933913,"hard":3.475702760198552},"percentSolvingInThreeOrFewer":{"normal":0.33643568893212783,"hard":0.1450763524798369},"percentiles":{"normal":{"p5":0.55134,"p10":0.63395,"p20":0.73713,"p25":0.76264,"p75":0.90516,"p80":0.91766,"p90":0.94951,"p95":0.97911},"hard":{"p5":0.7289,"p10":0.81035,"p20":0.86469,"p25":0.87922,"p75":0.98491,"p80":0.99296,"p90":1,"p95":1}}}