{"efficiency":{"normal":0.8191766057482878,"hard":0.8966771299725091},"luck":{"normal":0.6847280325974107,"hard":0.6682334544267727},"steps":{"normal":[1694,66968,250074,110987,48652,19149,4287],"hard":[264,29785,67693,33488,18443,8679,970]},"unsolvedPenalty":{"normal":1101.0461645440262,"hard":199.21036763029826},"average":{"normal":3.4149803016625517,"hard":3.433143366431091},"percentSolvingInThreeOrFewer":{"normal":0.4821045307761535,"hard":0.14784048884889095},"percentiles":{"normal":{"p5":0.5702,"p10":0.62586,"p20":0.70828,"p25":0.74066,"p75":0.92059,"p80":0.93481,"p90":0.96965,"p95":1},"hard":{"p5":0.68864,"p10":0.73977,"p20":0.83491,"p25":0.85539,"p75":0.97032,"p80":0.98331,"p90":1,"p95":1}}}