{"efficiency":{"normal":0.8705410819932637,"hard":0.8965274504695467},"luck":{"normal":0.5509193655228009,"hard":0.5432845464985793},"steps":{"normal":[651,21166,148636,180691,68985,10823,739],"hard":[88,8196,56613,62134,22411,2850,88]},"unsolvedPenalty":{"normal":124.1755389110186,"hard":0},"average":{"normal":3.766464208443944,"hard":3.7048057172482136},"percentSolvingInThreeOrFewer":{"normal":0.29183923297521724,"hard":0.11111073064246886},"percentiles":{"normal":{"p5":0.66926,"p10":0.73656,"p20":0.80044,"p25":0.82208,"p75":0.94129,"p80":0.95125,"p90":0.97519,"p95":1},"hard":{"p5":0.74634,"p10":0.79422,"p20":0.84161,"p25":0.85718,"p75":0.95124,"p80":0.96191,"p90":0.99225,"p95":1}}}