{"efficiency":{"normal":0.8241455295647601,"hard":0.8715280548140122,"normal-ps":0.7525304005621926,"hard-ps":0.7759218770949721},"luck":{"normal":0.4979894566726202,"hard":0.5110059262184337,"normal-ps":0.5147783345045678,"hard-ps":0.5294203687150838},"steps":{"normal":[745,5597,84830,189416,112262,26632,2672],"hard":[70,2811,36531,67661,36826,8523,786],"normal-ps":[2,31,290,593,396,94,17],"hard-ps":[25,203,375,229,60,3]},"unsolvedPenalty":{"normal":317.60965763716104,"hard":36.57871122350026,"normal-ps":1.6540581055491204,"hard-ps":0.5},"average":{"normal":4.171992476750411,"hard":4.085386628722856,"normal-ps":4.182712579058328,"hard-ps":4.113966480446927},"percentSolvingInThreeOrFewer":{"normal":0.1578264971394445,"hard":0.06822403212823598,"normal-ps":0.0005591282446315899,"hard-ps":0.0003946787609164164},"percentiles":{"normal":{"p5":0.60318,"p10":0.67355,"p20":0.75205,"p25":0.77468,"p75":0.90111,"p80":0.91108,"p90":0.93891,"p95":0.95932},"hard":{"p5":0.67816,"p10":0.74846,"p20":0.81218,"p25":0.83185,"p75":0.93719,"p80":0.9461,"p90":0.96839,"p95":0.98272},"normal-ps":{"p5":0.50057,"p10":0.57662,"p20":0.63357,"p25":0.66423,"p75":0.85053,"p80":0.86717,"p90":0.90996,"p95":0.93875},"hard-ps":{"p5":0.54305,"p10":0.59398,"p20":0.66882,"p25":0.70037,"p75":0.87185,"p80":0.88856,"p90":0.92293,"p95":0.94978}}}