{"efficiency":{"normal":0.8391241617976977,"hard":0.8777684885233882},"luck":{"normal":0.4640643334518395,"hard":0.45797632899381063},"steps":{"normal":[1272,6108,71618,174349,115564,34088,4841],"hard":[94,1848,22180,67398,40051,7103,430]},"unsolvedPenalty":{"normal":473.1193900545362,"hard":19.233384601563376},"average":{"normal":4.2593029385443355,"hard":4.208124564190671},"percentSolvingInThreeOrFewer":{"normal":0.14445009177934928,"hard":0.044107107597574975},"percentiles":{"normal":{"p5":0.56733,"p10":0.64435,"p20":0.73742,"p25":0.77527,"p75":0.93726,"p80":0.95017,"p90":0.97337,"p95":0.99271},"hard":{"p5":0.67814,"p10":0.74414,"p20":0.82078,"p25":0.84127,"p75":0.94478,"p80":0.95248,"p90":0.9744,"p95":0.98977}}}