{"efficiency":{"normal":0.8552707316504926,"hard":0.8928220365508259},"luck":{"normal":0.5479256450440932,"hard":0.584092582056742},"steps":{"normal":[1174,20786,123473,175341,93978,16958,1800],"hard":[116,9276,49529,60711,22661,2669,150]},"unsolvedPenalty":{"normal":256.18734519942075,"hard":7.064600859471721},"average":{"normal":3.9144800732619323,"hard":3.7234568922150326},"percentSolvingInThreeOrFewer":{"normal":0.25134370042134296,"hard":0.10182916080507962},"percentiles":{"normal":{"p5":0.6034,"p10":0.68171,"p20":0.77242,"p25":0.80282,"p75":0.94524,"p80":0.9587,"p90":0.97859,"p95":0.98708},"hard":{"p5":0.66847,"p10":0.74998,"p20":0.83486,"p25":0.85628,"p75":0.96598,"p80":0.97731,"p90":0.99999,"p95":1}}}