{"efficiency":{"normal":0.811077277121717,"hard":0.8654981214812235},"luck":{"normal":0.5512113450117601,"hard":0.5068060057171049},"steps":{"normal":[842,7075,106283,176088,94526,21351,1984],"hard":[101,2068,26343,64781,37192,7114,232]},"unsolvedPenalty":{"normal":124.37047268411396,"hard":6.589472336497523},"average":{"normal":4.044666307330458,"hard":4.1530994253874285},"percentSolvingInThreeOrFewer":{"normal":0.20916973142463627,"hard":0.05222054535597591},"percentiles":{"normal":{"p5":0.56134,"p10":0.62256,"p20":0.70697,"p25":0.73736,"p75":0.90719,"p80":0.92239,"p90":0.95206,"p95":0.98313},"hard":{"p5":0.65584,"p10":0.71021,"p20":0.78635,"p25":0.81274,"p75":0.94113,"p80":0.94976,"p90":0.97724,"p95":0.9971}}}