{"efficiency":{"normal":0.8153786808204878,"hard":0.8812290943660692,"normal-ps":0.6790181005291005,"hard-ps":0.7453479733110926},"luck":{"normal":0.571309858539805,"hard":0.5595593888463485,"normal-ps":0.611930216931217,"hard-ps":0.6175794745621351},"steps":{"normal":[1284,15663,111499,181560,81688,26010,9550],"hard":[93,5522,40510,70155,28182,7784,1855],"normal-ps":[6,83,558,725,363,106,49],"hard-ps":[2,68,425,464,175,49,16]},"unsolvedPenalty":{"normal":164.99146320016104,"hard":9.811137064797999,"normal-ps":null,"hard-ps":null},"average":{"normal":4.014349643540905,"hard":3.971603223838756,"normal-ps":3.9634920634920636,"hard-ps":3.781484570475396},"percentSolvingInThreeOrFewer":{"normal":0.21977452267007044,"hard":0.07892219851518267,"normal-ps":0.0011070255916256165,"hard-ps":0.0008469515731911596},"percentiles":{"normal":{"p5":0.50883,"p10":0.62136,"p20":0.73357,"p25":0.76316,"p75":0.91588,"p80":0.93118,"p90":0.94618,"p95":0.96625},"hard":{"p5":0.65198,"p10":0.75625,"p20":0.82452,"p25":0.84349,"p75":0.94965,"p80":0.95879,"p90":0.9818,"p95":1},"normal-ps":{"p5":0.34377,"p10":0.4439,"p20":0.50718,"p25":0.54294,"p75":0.83786,"p80":0.867,"p90":0.92878,"p95":0.99977},"hard-ps":{"p5":0.43193,"p10":0.50086,"p20":0.60099,"p25":0.62715,"p75":0.89456,"p80":0.92481,"p90":0.99978,"p95":1}}}