{"efficiency": {"normal": 0.837200828722049, "hard": 0.8878314667719228}, "luck": {"normal": 0.6098128249250662, "hard": 0.5999859196208761}, "steps": {"normal": [1965, 23522, 174739, 141343, 53248, 12266, 2760], "hard": [109, 8278, 54145, 42562, 13386, 1719, 101]}, "unsolvedPenalty": {"normal": 271.5864524692921, "hard": 5.091958195874986}, "average": {"normal": 3.655120586303705, "hard": 3.5519874643241556}, "percentSolvingInThreeOrFewer": {"normal": 0.48854317384949847, "hard": 0.5198004987531172}, "percentiles": {"normal": {"p5": 0.54301, "p10": 0.61757, "p20": 0.72392, "p25": 0.77107, "p75": 0.94055, "p80": 0.95958, "p90": 1, "p95": 1}, "hard": {"p5": 0.66667, "p10": 0.74547, "p20": 0.82444, "p25": 0.84336, "p75": 0.96327, "p80": 0.98409, "p90": 1, "p95": 1}}}