{"efficiency":{"normal":0.8237293868609924,"hard":0.8675935143772611},"luck":{"normal":0.6124649199792427,"hard":0.6404205045510081},"steps":{"normal":[1150,31674,207115,210037,72266,16705,3091],"hard":[151,17682,79085,60770,16204,2526,353]},"unsolvedPenalty":{"normal":194.4102856429829,"hard":17.74753283925945},"average":{"normal":3.707087713934527,"hard":3.4763323595659883},"percentSolvingInThreeOrFewer":{"normal":0.44266084665650746,"hard":0.5482686639776887},"percentiles":{"normal":{"p5":0.54937,"p10":0.61873,"p20":0.71282,"p25":0.75472,"p75":0.92355,"p80":0.94278,"p90":0.98962,"p95":1},"hard":{"p5":0.62514,"p10":0.68122,"p20":0.78615,"p25":0.80529,"p75":0.95037,"p80":0.97013,"p90":0.99964,"p95":1}}}