{"efficiency":{"normal":0.8199880269500781,"hard":0.8680521733080141},"luck":{"normal":0.5289148072748484,"hard":0.5419340972321778},"steps":{"normal":[1141,6395,88707,215521,113670,31136,4553],"hard":[108,2250,32765,75398,36381,11259,2070]},"unsolvedPenalty":{"normal":369.181825804358,"hard":35.959842005388445},"average":{"normal":4.184441421975925,"hard":4.171976458001295},"percentSolvingInThreeOrFewer":{"normal":0.20871437772568274,"hard":0.2192022767129956},"percentiles":{"normal":{"p5":0.57519,"p10":0.63799,"p20":0.71744,"p25":0.75394,"p75":0.91114,"p80":0.92409,"p90":0.95556,"p95":0.98114},"hard":{"p5":0.65617,"p10":0.71456,"p20":0.80713,"p25":0.82371,"p75":0.93657,"p80":0.94814,"p90":0.97385,"p95":0.98884}}}