{"efficiency":{"normal":0.7838800064922294,"hard":0.8333326690897488},"luck":{"normal":0.4574285431579247,"hard":0.46958825572765295},"steps":{"normal":[1215,5768,67906,157684,123395,54017,12052],"hard":[107,2216,21779,48309,44757,22441,4557]},"unsolvedPenalty":{"normal":3007.6596966843877,"hard":782.1100242625481},"average":{"normal":4.408605284295676,"hard":4.500932932877387},"percentSolvingInThreeOrFewer":{"normal":0.1322649466984098,"hard":0.04257062725622205},"percentiles":{"normal":{"p5":0.49515,"p10":0.55521,"p20":0.6364,"p25":0.67204,"p75":0.9042,"p80":0.91724,"p90":0.9483,"p95":0.9808},"hard":{"p5":0.56909,"p10":0.64005,"p20":0.72222,"p25":0.75442,"p75":0.93166,"p80":0.94177,"p90":0.96557,"p95":0.98219}}}