{"efficiency":{"normal":0.8314481147577317,"hard":0.875492863471735,"normal-ps":0.8153878719599428,"hard-ps":0.8547512507237985},"luck":{"normal":0.4869994771650332,"hard":0.4392033764472989,"normal-ps":0.4686680543633763,"hard-ps":0.4450184423856398},"steps":{"normal":[788,2807,75999,179312,136295,50156,5829],"hard":[65,966,22191,61272,52586,18275,1743],"normal-ps":[5,16,484,1101,855,299,36],"hard-ps":[2,21,280,669,557,184,14]},"unsolvedPenalty":{"normal":430.7953241772419,"hard":77.28700779598401,"normal-ps":2.083571693890235,"hard-ps":null},"average":{"normal":4.364105019127027,"hard":4.434721170187712,"normal-ps":4.3555078683834045,"hard-ps":4.361899247249566},"percentSolvingInThreeOrFewer":{"normal":0.12988805848373094,"hard":0.0379001990796645,"normal-ps":0.0008240592669952026,"hard-ps":0.0004944355601971215},"percentiles":{"normal":{"p5":0.58126,"p10":0.63786,"p20":0.73428,"p25":0.7681,"p75":0.92659,"p80":0.93627,"p90":0.95962,"p95":0.97741},"hard":{"p5":0.66461,"p10":0.73359,"p20":0.80962,"p25":0.83508,"p75":0.94896,"p80":0.95622,"p90":0.97484,"p95":0.98573},"normal-ps":{"p5":0.55929,"p10":0.61412,"p20":0.71023,"p25":0.7448,"p75":0.91265,"p80":0.92347,"p90":0.95144,"p95":0.97231},"hard-ps":{"p5":0.63713,"p10":0.70087,"p20":0.77341,"p25":0.79888,"p75":0.93474,"p80":0.9478,"p90":0.97257,"p95":0.98734}}}