{"efficiency":{"normal":0.8154647556554335,"hard":0.8769684404643278,"normal-ps":0.753013843556556,"hard-ps":0.7927822334172964},"luck":{"normal":0.5222636999192504,"hard":0.47881449600766113,"normal-ps":0.5426578052898143,"hard-ps":0.5131895130142737},"steps":{"normal":[964,4924,82673,178410,122894,29295,3122],"hard":[62,1896,22012,65695,55612,8915,349],"normal-ps":[6,39,403,722,485,109,13],"hard-ps":[1,22,228,485,378,75,2]},"unsolvedPenalty":{"normal":225.5484543375524,"hard":16.130002157004462,"normal-ps":2.7783813187414936,"hard-ps":0.5},"average":{"normal":4.218589936371193,"hard":4.311531841652323,"normal-ps":4.1294316263365225,"hard-ps":4.215785054575987},"percentSolvingInThreeOrFewer":{"normal":0.1527491044433751,"hard":0.0413465170306671,"normal-ps":0.0007726709060083786,"hard-ps":0.0004329026727859443},"percentiles":{"normal":{"p5":0.56276,"p10":0.62577,"p20":0.7152,"p25":0.74669,"p75":0.91069,"p80":0.92707,"p90":0.95578,"p95":0.98585},"hard":{"p5":0.67888,"p10":0.73783,"p20":0.81065,"p25":0.83072,"p75":0.94763,"p80":0.9568,"p90":0.9795,"p95":0.99406},"normal-ps":{"p5":0.48949,"p10":0.56165,"p20":0.61927,"p25":0.64931,"p75":0.8732,"p80":0.89061,"p90":0.93345,"p95":0.97606},"hard-ps":{"p5":0.57222,"p10":0.61904,"p20":0.67389,"p25":0.70548,"p75":0.88828,"p80":0.90551,"p90":0.95098,"p95":0.98832}}}