{"efficiency":{"normal":0.8300308815147927,"hard":0.8727194949397652},"luck":{"normal":0.6118159312192128,"hard":0.6482623943643883},"steps":{"normal":[1046,18657,170378,184125,54294,8741,1044],"hard":[108,20053,70502,51529,11888,1562,80]},"unsolvedPenalty":{"normal":108.3305377775882,"hard":3.1230679931478833},"average":{"normal":3.6874816046872967,"hard":3.3850337777092805},"percentSolvingInThreeOrFewer":{"normal":0.32000202015100626,"hard":0.15263082582089676},"percentiles":{"normal":{"p5":0.58057,"p10":0.63864,"p20":0.73195,"p25":0.7628,"p75":0.92495,"p80":0.93849,"p90":0.96571,"p95":0.98555},"hard":{"p5":0.6485,"p10":0.73787,"p20":0.76076,"p25":0.79983,"p75":0.96454,"p80":0.97972,"p90":1,"p95":1}}}