{"efficiency":{"normal":0.8657394613212325,"hard":0.881489145134416},"luck":{"normal":0.7224232021968605,"hard":0.7274122474571635},"steps":{"normal":[3434,165830,211495,101667,25264,4907,857],"hard":[627,46492,76474,30447,5944,810,47]},"unsolvedPenalty":{"normal":149.81405570522105,"hard":6.751597276871639},"average":{"normal":2.993736610446773,"hard":2.982318271119843},"percentSolvingInThreeOrFewer":{"normal":0.5646770596051632,"hard":0.18329418185269553},"percentiles":{"normal":{"p5":0.60172,"p10":0.66976,"p20":0.75327,"p25":0.78225,"p75":1,"p80":1,"p90":1,"p95":1},"hard":{"p5":0.69655,"p10":0.75375,"p20":0.78603,"p25":0.79934,"p75":0.97812,"p80":0.99875,"p90":1,"p95":1}}}