{"efficiency":{"normal":0.8005315725490472,"hard":0.9366412061922011},"luck":{"normal":0.6849504791612573,"hard":0.6826875789389962},"steps":{"normal":[4257,75554,164101,103965,50261,22348,7005],"hard":[1078,31519,49974,28064,17725,8088,1853]},"unsolvedPenalty":{"normal":1474.7381942463528,"hard":376.9008869913392},"average":{"normal":3.4876642409186496,"hard":3.431357237370122},"percentSolvingInThreeOrFewer":{"normal":0.43110109579356665,"hard":0.1459402615765288},"percentiles":{"normal":{"p5":0.53168,"p10":0.58195,"p20":0.67382,"p25":0.71888,"p75":0.91075,"p80":0.92077,"p90":0.97244,"p95":1},"hard":{"p5":0.7821,"p10":0.828,"p20":0.88359,"p25":0.90314,"p75":0.99673,"p80":0.99986,"p90":1,"p95":1}}}