{"efficiency":{"normal":0.8080807696580931,"hard":0.8417653868348235},"luck":{"normal":0.5198808849473749,"hard":0.5489707557323025},"steps":{"normal":[915,4404,70223,167822,116873,35012,6166],"hard":[69,2394,35138,54191,37453,12417,2170]},"unsolvedPenalty":{"normal":147.11275789786055,"hard":6.9193494243088045},"average":{"normal":4.292572709721616,"hard":4.184191498533031},"percentSolvingInThreeOrFewer":{"normal":0.13855433839698197,"hard":0.06896172277761578},"percentiles":{"normal":{"p5":0.5217,"p10":0.59631,"p20":0.69162,"p25":0.72915,"p75":0.91374,"p80":0.92329,"p90":0.95493,"p95":0.98144},"hard":{"p5":0.54768,"p10":0.61459,"p20":0.72467,"p25":0.75386,"p75":0.95313,"p80":0.96462,"p90":0.98222,"p95":1}}}