{"efficiency":{"normal":0.8489775087988697,"hard":0.9323694263639559},"luck":{"normal":0.6986516039324179,"hard":0.7117663802934246},"steps":{"normal":[2655,100326,213593,113481,35313,6750,665],"hard":[742,51609,59713,29650,9627,2123,170]},"unsolvedPenalty":{"normal":150.97038491657418,"hard":8},"average":{"normal":3.2130278264253747,"hard":3.017509145111108},"percentSolvingInThreeOrFewer":{"normal":0.5053733744983414,"hard":0.17889537723770876},"percentiles":{"normal":{"p5":0.61342,"p10":0.6565,"p20":0.74958,"p25":0.77409,"p75":0.94921,"p80":0.96849,"p90":1,"p95":1},"hard":{"p5":0.75593,"p10":0.81301,"p20":0.87204,"p25":0.88853,"p75":1,"p80":1,"p90":1,"p95":1}}}