{"efficiency":{"normal":0.8560348272791715,"hard":0.8978382604199655},"luck":{"normal":0.4654612972648213,"hard":0.4514245211889328},"steps":{"normal":[1183,2658,67811,246677,116446,24973,2955],"hard":[97,655,24242,83967,38697,6537,530]},"unsolvedPenalty":{"normal":358.77285489926464,"hard":43.06036681227132},"average":{"normal":4.206633932121925,"hard":4.174416876175457},"percentSolvingInThreeOrFewer":{"normal":0.11605842844394346,"hard":0.040481731798606826},"percentiles":{"normal":{"p5":0.62304,"p10":0.6933,"p20":0.79188,"p25":0.81785,"p75":0.92945,"p80":0.94176,"p90":0.96973,"p95":0.98387},"hard":{"p5":0.70734,"p10":0.79527,"p20":0.85447,"p25":0.87151,"p75":0.95564,"p80":0.96333,"p90":0.98174,"p95":0.99059}}}