{"efficiency":{"normal":0.8140113938065642,"hard":0.8693233673129963},"luck":{"normal":0.5176341540050737,"hard":0.4894625930340536},"steps":{"normal":[1102,10590,105630,163885,94157,27049,3204],"hard":[113,4188,34100,58970,37585,8794,552]},"unsolvedPenalty":{"normal":166.9704035353387,"hard":8.13259751058315},"average":{"normal":4.060506923917036,"hard":4.093290460284681},"percentSolvingInThreeOrFewer":{"normal":0.21334909305814428,"hard":0.06982952220757375},"percentiles":{"normal":{"p5":0.54219,"p10":0.61695,"p20":0.70231,"p25":0.73788,"p75":0.91856,"p80":0.92846,"p90":0.9555,"p95":0.98202},"hard":{"p5":0.64158,"p10":0.70346,"p20":0.79021,"p25":0.82088,"p75":0.95096,"p80":0.95949,"p90":0.98188,"p95":1}}}