{"efficiency": {"normal": 0.8159165095151738, "hard": 0.8602985399567982}, "luck": {"normal": 0.4493766673686027, "hard": 0.4396075981178596}, "steps": {"normal": [346, 1818, 36047, 104743, 88512, 30420, 4051], "hard": [42, 468, 9900, 27836, 20542, 5478, 553]}, "unsolvedPenalty": {"normal": 646.4882872927392, "hard": 74.90928431785481}, "average": {"normal": 4.456613740424584, "hard": 4.343570701249909}, "percentSolvingInThreeOrFewer": {"normal": 0.14368440645716843, "hard": 0.16060105833166202}}