{"efficiency": {"normal": 0.841694474884508, "hard": 0.8855945766211419}, "luck": {"normal": 0.5925268861121454, "hard": 0.6086462501311013}, "steps": {"normal": [1698, 25560, 161165, 140236, 53693, 13238, 2168], "hard": [168, 11915, 55177, 40880, 13057, 2574, 196]}, "unsolvedPenalty": {"normal": 323.5793087971082, "hard": 10.257228973722915}, "average": {"normal": 3.672206666638502, "hard": 3.5102911035112063}, "percentSolvingInThreeOrFewer": {"normal": 0.4737126594562523, "hard": 0.5425637468035849}, "percentiles": {"normal": {"p5": 0.59275, "p10": 0.66186, "p20": 0.75368, "p25": 0.78446, "p75": 0.92935, "p80": 0.94199, "p90": 0.9684, "p95": 0.99518}, "hard": {"p5": 0.67307, "p10": 0.7497, "p20": 0.82793, "p25": 0.84844, "p75": 0.95414, "p80": 0.96612, "p90": 0.98785, "p95": 1}}}