{"efficiency":{"normal":0.8306528824615331,"hard":0.8814182365444618},"luck":{"normal":0.544026991264282,"hard":0.5111265758580343},"steps":{"normal":[1057,11816,163696,191593,73647,16715,2440],"hard":[138,4015,56947,65848,22816,3774,300]},"unsolvedPenalty":{"normal":438.2607719563154,"hard":58.222546863457175},"average":{"normal":3.829585167284552,"hard":3.7761895475819034},"percentSolvingInThreeOrFewer":{"normal":0.28720554437795714,"hard":0.09938177127977087},"percentiles":{"normal":{"p5":0.55799,"p10":0.62702,"p20":0.7256,"p25":0.76403,"p75":0.92997,"p80":0.93992,"p90":0.97175,"p95":0.98673},"hard":{"p5":0.65795,"p10":0.7288,"p20":0.81822,"p25":0.84086,"p75":0.95783,"p80":0.96635,"p90":0.98361,"p95":0.99172}}}