{"efficiency":{"normal":0.8464405983212553,"hard":0.8848303975999172},"luck":{"normal":0.5399233635665787,"hard":0.5491283515293631},"steps":{"normal":[1095,11674,130502,192647,83198,16646,1943],"hard":[113,5812,45552,62572,26413,4267,264]},"unsolvedPenalty":{"normal":326.5421129568779,"hard":14.562734341669637},"average":{"normal":3.9160147861131165,"hard":3.847960274492224},"percentSolvingInThreeOrFewer":{"normal":0.24587654431159614,"hard":0.08834517756043817},"percentiles":{"normal":{"p5":0.65509,"p10":0.72151,"p20":0.78208,"p25":0.80056,"p75":0.91431,"p80":0.92544,"p90":0.952,"p95":0.97707},"hard":{"p5":0.73347,"p10":0.78279,"p20":0.82752,"p25":0.84321,"p75":0.94216,"p80":0.95293,"p90":0.97874,"p95":1}}}