{"efficiency":{"normal":0.8337531373137083,"hard":0.8846427580273368,"normal-ps":0.78848584,"hard-ps":0.8365044990366088},"luck":{"normal":0.6908661490102893,"hard":0.6636440484399857,"normal-ps":0.6793457292307692,"hard-ps":0.6784372350674374},"steps":{"normal":[782,54950,215628,123817,32180,5390,709],"hard":[157,22222,73843,45738,10686,1295,63],"normal-ps":[6,217,764,475,129,32,2],"hard-ps":[1,175,530,265,56,8,3]},"unsolvedPenalty":{"normal":46.297650078920064,"hard":6.985152710808709,"normal-ps":null,"hard-ps":null},"average":{"normal":3.3459557975361047,"hard":3.315872861270738,"normal-ps":3.372923076923077,"hard-ps":3.224470134874759},"percentSolvingInThreeOrFewer":{"normal":0.45983922132147603,"hard":0.16305445598243093,"normal-ps":0.0016725185044600493,"hard-ps":0.0011963506222378874},"percentiles":{"normal":{"p5":0.5392,"p10":0.62313,"p20":0.72003,"p25":0.75,"p75":0.94289,"p80":0.9577,"p90":1,"p95":1},"hard":{"p5":0.64855,"p10":0.72084,"p20":0.80172,"p25":0.83056,"p75":0.97159,"p80":0.99027,"p90":1,"p95":1},"normal-ps":{"p5":0.47343,"p10":0.50487,"p20":0.61292,"p25":0.65534,"p75":0.92474,"p80":0.95333,"p90":0.99948,"p95":1},"hard-ps":{"p5":0.53325,"p10":0.59951,"p20":0.71022,"p25":0.75967,"p75":0.95392,"p80":0.98117,"p90":1,"p95":1}}}