{"efficiency":{"normal":0.8116808436764146,"hard":0.8565983060121577},"luck":{"normal":0.517057874250121,"hard":0.5132795523674605},"steps":{"normal":[407,5702,65916,157578,108028,29455,2797],"hard":[51,1720,25482,64016,35333,6443,366]},"unsolvedPenalty":{"normal":185.38046305892604,"hard":18.807397454684697},"average":{"normal":4.2540815857558805,"hard":4.14896599281929},"percentSolvingInThreeOrFewer":{"normal":0.1431137320039896,"hard":0.05415194732429178},"percentiles":{"normal":{"p5":0.56878,"p10":0.62706,"p20":0.70032,"p25":0.73128,"p75":0.91125,"p80":0.92281,"p90":0.95568,"p95":0.97578},"hard":{"p5":0.63682,"p10":0.69399,"p20":0.77519,"p25":0.80225,"p75":0.93578,"p80":0.94648,"p90":0.96922,"p95":0.99077}}}