{"efficiency":{"normal":0.8304004654930417,"hard":0.8801223052323831,"normal-ps":0.7769732695292292,"hard-ps":0.8210353765182187},"luck":{"normal":0.5156308053204764,"hard":0.5085662469476092,"normal-ps":0.5192932953957579,"hard-ps":0.5290306477732793},"steps":{"normal":[589,4548,74435,184607,112081,31046,3766],"hard":[60,1685,31989,71154,37773,6436,374],"normal-ps":[2,27,391,843,508,142,20],"hard-ps":[1,18,315,551,295,53,2]},"unsolvedPenalty":{"normal":173.8976226008392,"hard":15.287767718125517,"normal-ps":1,"hard-ps":null},"average":{"normal":4.234473632358772,"hard":4.106065978471028,"normal-ps":4.1971029487842735,"hard-ps":4.041295546558705},"percentSolvingInThreeOrFewer":{"normal":0.14117346540554732,"hard":0.059840491581105916,"normal-ps":0.0007450348747277075,"hard-ps":0.000592480114664415},"percentiles":{"normal":{"p5":0.57647,"p10":0.63387,"p20":0.71792,"p25":0.75236,"p75":0.92719,"p80":0.93975,"p90":0.96975,"p95":0.99444},"hard":{"p5":0.66366,"p10":0.73222,"p20":0.81835,"p25":0.84098,"p75":0.94978,"p80":0.95928,"p90":0.98681,"p95":1},"normal-ps":{"p5":0.51563,"p10":0.58606,"p20":0.64148,"p25":0.66954,"p75":0.88836,"p80":0.90409,"p90":0.9553,"p95":0.98406},"hard-ps":{"p5":0.58782,"p10":0.63087,"p20":0.70476,"p25":0.73618,"p75":0.92453,"p80":0.93873,"p90":0.97633,"p95":0.99486}}}