{"efficiency":{"normal":0.7892121247758147,"hard":0.8431450899744748},"luck":{"normal":0.5669952020768144,"hard":0.5666398377277645},"steps":{"normal":[1225,5050,97914,201690,92102,19027,2279],"hard":[97,1984,41917,70563,23533,3057,275]},"unsolvedPenalty":{"normal":114.693476546724,"hard":7.875093506068792},"average":{"normal":4.054884854613447,"hard":3.8869680192888305},"percentSolvingInThreeOrFewer":{"normal":0.18582549378037364,"hard":0.07847162156137144},"percentiles":{"normal":{"p5":0.51371,"p10":0.5745,"p20":0.64992,"p25":0.68423,"p75":0.90544,"p80":0.91889,"p90":0.95264,"p95":0.98093},"hard":{"p5":0.5952,"p10":0.63428,"p20":0.72564,"p25":0.77313,"p75":0.93932,"p80":0.95141,"p90":0.97577,"p95":1}}}