{"efficiency":{"normal":0.8456893824327898,"hard":0.8939705157328227},"luck":{"normal":0.5246281869248454,"hard":0.595894077260871},"steps":{"normal":[1026,14973,151834,193479,65158,14066,1841],"hard":[97,18266,67039,47272,15415,3067,278]},"unsolvedPenalty":{"normal":334.2152391801464,"hard":24.115339965739416},"average":{"normal":3.8013183206331194,"hard":3.46011159903589},"percentSolvingInThreeOrFewer":{"normal":0.28264142427957484,"hard":0.14382064477885406},"percentiles":{"normal":{"p5":0.63483,"p10":0.70277,"p20":0.77369,"p25":0.79611,"p75":0.92131,"p80":0.9329,"p90":0.95566,"p95":0.97993},"hard":{"p5":0.70706,"p10":0.77519,"p20":0.83142,"p25":0.84983,"p75":0.97582,"p80":0.99599,"p90":1,"p95":1}}}