{"efficiency":{"normal":0.82965541493211,"hard":0.8830953252172971},"luck":{"normal":0.3933634836436305,"hard":0.37161327757792545},"steps":{"normal":[1300,2017,22605,137832,173390,78928,17252],"hard":[106,668,8622,51988,56210,24343,5665]},"unsolvedPenalty":{"normal":3016.4032565698776,"hard":1159.274022742576},"average":{"normal":4.77349843543757,"hard":4.717740788163323},"percentSolvingInThreeOrFewer":{"normal":0.044643579473179595,"hard":0.01618019922300618},"percentiles":{"normal":{"p5":0.51715,"p10":0.59887,"p20":0.71987,"p25":0.76632,"p75":0.93561,"p80":0.94554,"p90":0.96971,"p95":0.98879},"hard":{"p5":0.62593,"p10":0.70925,"p20":0.82723,"p25":0.85394,"p75":0.95724,"p80":0.96654,"p90":0.99171,"p95":0.99954}}}