{"efficiency": {"normal": 0.8698895803870166, "hard": 0.9365146600988363}, "luck": {"normal": 0.7297415678790521, "hard": 0.7365003982148298}, "steps": {"normal": [2031, 118550, 112503, 50188, 14650, 3514, 627], "hard": [399, 30366, 27711, 8896, 2178, 491, 96]}, "unsolvedPenalty": {"normal": 106.688763447371, "hard": 11.794676031187823}, "average": {"normal": 2.900791188472098, "hard": 2.7712590312678214}, "percentSolvingInThreeOrFewer": {"normal": 0.7716403531713583, "hard": 0.8337396809102186}}