{"efficiency":{"normal":0.8126075226166602,"hard":0.888955730798277},"luck":{"normal":0.6745975277533452,"hard":0.7444124730784292},"steps":{"normal":[1093,26516,190011,147573,47678,11753,1713],"hard":[155,39603,54368,36002,10453,2160,262]},"unsolvedPenalty":{"normal":97.42338723855377,"hard":7.05854085588594},"average":{"normal":3.5972275973683283,"hard":3.1696338666368313},"percentSolvingInThreeOrFewer":{"normal":0.3822338689705683,"hard":0.16532801267403527},"percentiles":{"normal":{"p5":0.52082,"p10":0.5954,"p20":0.68083,"p25":0.72305,"p75":0.92068,"p80":0.93856,"p90":0.98506,"p95":1},"hard":{"p5":0.58313,"p10":0.66667,"p20":0.80129,"p25":0.84026,"p75":1,"p80":1,"p90":1,"p95":1}}}