{"efficiency":{"normal":0.8080528283232364,"hard":0.8707007546146709},"luck":{"normal":0.5462212085708844,"hard":0.5155621881512666},"steps":{"normal":[808,8897,113813,216358,107887,33697,5054],"hard":[86,2987,40052,76072,30625,9113,1318]},"unsolvedPenalty":{"normal":522.1099158150862,"hard":138.94699583883627},"average":{"normal":4.117024607546371,"hard":4.041558953628567},"percentSolvingInThreeOrFewer":{"normal":0.25388375257443774,"hard":0.2691057265698614},"percentiles":{"normal":{"p5":0.52557,"p10":0.60124,"p20":0.69529,"p25":0.73543,"p75":0.91063,"p80":0.92404,"p90":0.95041,"p95":0.9747},"hard":{"p5":0.61829,"p10":0.6923,"p20":0.79132,"p25":0.82237,"p75":0.9589,"p80":0.97336,"p90":0.98234,"p95":1}}}