{"efficiency": {"normal": 0.8540612295735353, "hard": 0.9001526784980808}, "luck": {"normal": 0.5847852732551831, "hard": 0.621859684288352}, "steps": {"normal": [1023, 12509, 111166, 154828, 68173, 16570, 2459], "hard": [61, 2658, 32335, 32805, 13492, 3393, 390]}, "unsolvedPenalty": {"normal": 195.19074825135272, "hard": 8.883483701977209}, "average": {"normal": 3.917192553468105, "hard": 3.8076313045751635}, "percentSolvingInThreeOrFewer": {"normal": 0.34002857703802275, "hard": 0.41175088683722133}, "percentiles": {"normal": {"p5": 0.60619, "p10": 0.6901, "p20": 0.77518, "p25": 0.79903, "p75": 0.92921, "p80": 0.94302, "p90": 0.97369, "p95": 1}, "hard": {"p5": 0.69134, "p10": 0.77171, "p20": 0.83626, "p25": 0.85452, "p75": 0.95397, "p80": 0.96958, "p90": 0.99956, "p95": 1}}}