{"efficiency":{"normal":0.8300657782929564,"hard":0.8599461442395112},"luck":{"normal":0.4372183166524572,"hard":0.4981666508326932},"steps":{"normal":[808,6122,67668,174135,118705,36442,5461],"hard":[79,3924,35872,61168,32316,7792,737]},"unsolvedPenalty":{"normal":681.7318570469113,"hard":44.55843059042325},"average":{"normal":4.293567134317493,"hard":4.038156587191396},"percentSolvingInThreeOrFewer":{"normal":0.13533306726652639,"hard":0.07233872723314709},"percentiles":{"normal":{"p5":0.59044,"p10":0.66667,"p20":0.76113,"p25":0.78626,"p75":0.90787,"p80":0.91928,"p90":0.94632,"p95":0.96706},"hard":{"p5":0.649,"p10":0.7136,"p20":0.79359,"p25":0.81468,"p75":0.93244,"p80":0.94398,"p90":0.9716,"p95":0.99405}}}