{"efficiency":{"normal":0.8386301057029291,"hard":0.9018617461616503},"luck":{"normal":0.5717697692160405,"hard":0.5296077219479202},"steps":{"normal":[646,8961,167784,195067,51994,8089,932],"hard":[53,3479,61199,68660,13300,1104,53]},"unsolvedPenalty":{"normal":62.411666925652106,"hard":5.308809147991593},"average":{"normal":3.7286812048565214,"hard":3.6435238417314846},"percentSolvingInThreeOrFewer":{"normal":0.30515250400375693,"hard":0.11135174746142029},"percentiles":{"normal":{"p5":0.56822,"p10":0.62301,"p20":0.69649,"p25":0.75832,"p75":0.94949,"p80":0.95905,"p90":0.98248,"p95":0.99846},"hard":{"p5":0.66343,"p10":0.74966,"p20":0.84998,"p25":0.87048,"p75":0.97156,"p80":0.97962,"p90":0.99176,"p95":1}}}