{"efficiency":{"normal":0.8085641092733921,"hard":0.8932882872096874},"luck":{"normal":0.5632904341488553,"hard":0.5880428043512692},"steps":{"normal":[872,15217,95371,148948,102467,38893,5738],"hard":[133,8155,36017,46211,33609,12835,1941]},"unsolvedPenalty":{"normal":921.4694595630228,"hard":227.5790971714828},"average":{"normal":4.155350788937695,"hard":4.075124908208665},"percentSolvingInThreeOrFewer":{"normal":0.20398710130817038,"hard":0.08108350475465399},"percentiles":{"normal":{"p5":0.56075,"p10":0.64148,"p20":0.7328,"p25":0.75778,"p75":0.88955,"p80":0.9043,"p90":0.93454,"p95":0.95784},"hard":{"p5":0.69355,"p10":0.77708,"p20":0.84193,"p25":0.85842,"p75":0.9637,"p80":0.96749,"p90":0.98101,"p95":0.99552}}}