{"efficiency":{"normal":0.8488058029949666,"hard":0.8827649835427888},"luck":{"normal":0.4822921318576366,"hard":0.48428082816495294},"steps":{"normal":[995,4736,84186,193053,106705,22273,2678],"hard":[70,2005,32520,74832,33063,4326,232]},"unsolvedPenalty":{"normal":266.97473651509324,"hard":10},"average":{"normal":4.144623265618179,"hard":4.0369879223110825},"percentSolvingInThreeOrFewer":{"normal":0.16008666902864102,"hard":0.06159233865727099},"percentiles":{"normal":{"p5":0.58378,"p10":0.64863,"p20":0.75236,"p25":0.79234,"p75":0.94457,"p80":0.95408,"p90":0.9709,"p95":0.98592},"hard":{"p5":0.65469,"p10":0.73306,"p20":0.82913,"p25":0.85049,"p75":0.94983,"p80":0.95852,"p90":0.97554,"p95":0.9912}}}