{"efficiency":{"normal":0.8476417142302052,"hard":0.898588858256598},"luck":{"normal":0.5322803901109788,"hard":0.5592570000000602},"steps":{"normal":[1073,6591,101697,194447,82404,13909,1852],"hard":[73,2444,44305,65976,20406,2606,137]},"unsolvedPenalty":{"normal":230.30722381977867,"hard":6.1734796310241435},"average":{"normal":3.994801410104211,"hard":3.8280445576557853},"percentSolvingInThreeOrFewer":{"normal":0.2720605612814791,"hard":0.34441363178297424},"percentiles":{"normal":{"p5":0.60345,"p10":0.68079,"p20":0.75957,"p25":0.78352,"p75":0.91622,"p80":0.92444,"p90":0.95726,"p95":0.98499},"hard":{"p5":0.69871,"p10":0.7711,"p20":0.82589,"p25":0.84429,"p75":0.94703,"p80":0.95779,"p90":0.98191,"p95":0.99573}}}