{"efficiency":{"normal":0.8255632396391555,"hard":0.8699001970189105,"normal-ps":0.7818675633089477,"hard-ps":0.8166302964254577},"luck":{"normal":0.48156199193423993,"hard":0.4678847495802252,"normal-ps":0.48795819921215533,"hard-ps":0.47359220575414124},"steps":{"normal":[1199,4392,83062,159729,98359,45720,9479],"hard":[107,1586,33628,54741,32154,18933,4165],"normal-ps":[7,17,408,713,406,191,35],"hard-ps":[1,24,293,411,277,124,17]},"unsolvedPenalty":{"normal":254.9282688855967,"hard":51.035491598045894,"normal-ps":null,"hard-ps":null},"average":{"normal":4.281896075592243,"hard":4.283712736381403,"normal-ps":4.22228474957794,"hard-ps":4.187445510026155},"percentSolvingInThreeOrFewer":{"normal":0.16114186838632752,"hard":0.06420010687294841,"normal-ps":0.0007851890088079305,"hard-ps":0.0005779863537058377},"percentiles":{"normal":{"p5":0.55706,"p10":0.61835,"p20":0.70698,"p25":0.74569,"p75":0.93101,"p80":0.94246,"p90":0.96903,"p95":0.98738},"hard":{"p5":0.62177,"p10":0.6877,"p20":0.78219,"p25":0.8237,"p75":0.95149,"p80":0.96122,"p90":0.98228,"p95":0.99171},"normal-ps":{"p5":0.50006,"p10":0.57486,"p20":0.63801,"p25":0.6764,"p75":0.9015,"p80":0.91922,"p90":0.95702,"p95":0.98008},"hard-ps":{"p5":0.56183,"p10":0.61119,"p20":0.69009,"p25":0.72341,"p75":0.92876,"p80":0.94012,"p90":0.9726,"p95":0.9916}}}