{"efficiency":{"normal":0.8638857027020157,"hard":0.8965979110319575},"luck":{"normal":0.6569153533421451,"hard":0.6397842252510284},"steps":{"normal":[1516,60180,262616,121892,21985,3320,583],"hard":[220,19577,83807,40288,5914,646,29]},"unsolvedPenalty":{"normal":147.80775969420506,"hard":4},"average":{"normal":3.2422388009116867,"hard":3.2267661698154586},"percentSolvingInThreeOrFewer":{"normal":0.520922044483137,"hard":0.16641261346059016},"percentiles":{"normal":{"p5":0.6285,"p10":0.70986,"p20":0.78916,"p25":0.81102,"p75":0.94813,"p80":0.96455,"p90":0.99227,"p95":1},"hard":{"p5":0.71162,"p10":0.76987,"p20":0.83461,"p25":0.85201,"p75":0.96619,"p80":0.97257,"p90":1,"p95":1}}}