{"efficiency":{"normal":0.869675770121367,"hard":0.9127736622994583},"luck":{"normal":0.6207101617105684,"hard":0.6665275874737578},"steps":{"normal":[2452,47543,216176,155135,47055,6713,834],"hard":[437,25624,79400,38891,8851,1085,43]},"unsolvedPenalty":{"normal":211.9049946640868,"hard":2.6230679931478833},"average":{"normal":3.4610915463362977,"hard":3.216915480911282},"percentSolvingInThreeOrFewer":{"normal":0.42233325505677166,"hard":0.16733519081498593},"percentiles":{"normal":{"p5":0.67864,"p10":0.74589,"p20":0.80969,"p25":0.8308,"p75":0.93741,"p80":0.94965,"p90":0.97226,"p95":0.99851},"hard":{"p5":0.77435,"p10":0.81602,"p20":0.85898,"p25":0.87735,"p75":0.96906,"p80":0.97906,"p90":0.99842,"p95":1}}}