{"efficiency":{"normal":0.8037768463277452,"hard":0.8548170983391737},"luck":{"normal":0.5584133069110597,"hard":0.5389533226096175},"steps":{"normal":[635,13445,121868,153724,66840,22953,5815],"hard":[104,5522,41193,52916,25072,8574,2454]},"unsolvedPenalty":{"normal":3887.7181747770574,"hard":2025.8521027513016},"average":{"normal":3.931766684575673,"hard":3.960069495568185},"percentSolvingInThreeOrFewer":{"normal":0.2608799943198936,"hard":0.08984546656508999},"percentiles":{"normal":{"p5":0.47993,"p10":0.57598,"p20":0.68898,"p25":0.7294,"p75":0.91632,"p80":0.93086,"p90":0.9522,"p95":0.97238},"hard":{"p5":0.59049,"p10":0.6786,"p20":0.77713,"p25":0.8056,"p75":0.94037,"p80":0.95081,"p90":0.9726,"p95":0.99303}}}