{"efficiency":{"normal":0.8166573321544134,"hard":0.8930680731973702},"luck":{"normal":0.4464686832217122,"hard":0.42753714748691884},"steps":{"normal":[1299,2890,37455,95409,99549,120671,41388],"hard":[103,965,15018,29512,34081,45016,15389]},"unsolvedPenalty":{"normal":2026.3704394646793,"hard":625.9785199037284},"average":{"normal":4.944452805578549,"hard":4.982489452982789},"percentSolvingInThreeOrFewer":{"normal":0.07730943635071098,"hard":0.02985761669917978},"percentiles":{"normal":{"p5":0.55053,"p10":0.61077,"p20":0.70533,"p25":0.74101,"p75":0.91231,"p80":0.92275,"p90":0.94838,"p95":0.96632},"hard":{"p5":0.70714,"p10":0.7596,"p20":0.84363,"p25":0.86476,"p75":0.95423,"p80":0.96179,"p90":0.97605,"p95":0.98716}}}