{"efficiency":{"normal":0.8348135308020792,"hard":0.8709116388733371},"luck":{"normal":0.5348298367779097,"hard":0.5196219120744354},"steps":{"normal":[1304,5140,110223,214468,79738,14484,1539],"hard":[114,2104,41148,76073,27468,3009,119]},"unsolvedPenalty":{"normal":204.01374881125122,"hard":9.178868170960941},"average":{"normal":3.970389057935878,"hard":3.9201924871364207},"percentSolvingInThreeOrFewer":{"normal":0.20222588523223425,"hard":0.07516565876115153},"percentiles":{"normal":{"p5":0.59383,"p10":0.65764,"p20":0.74811,"p25":0.77707,"p75":0.91942,"p80":0.93129,"p90":0.96199,"p95":0.9779},"hard":{"p5":0.67236,"p10":0.7353,"p20":0.80465,"p25":0.82604,"p75":0.93966,"p80":0.95187,"p90":0.97651,"p95":0.99535}}}