{"efficiency":{"normal":0.8261171082164722,"hard":0.8763806188090051},"luck":{"normal":0.4635920708242023,"hard":0.428561635221496},"steps":{"normal":[710,4684,52703,143507,146134,53524,5767],"hard":[78,951,16424,50346,50363,17748,1788]},"unsolvedPenalty":{"normal":513.7892040888386,"hard":93.76046166396982},"average":{"normal":4.492622274196877,"hard":4.514713144517066},"percentSolvingInThreeOrFewer":{"normal":0.10665533395993655,"hard":0.0320393732009634},"percentiles":{"normal":{"p5":0.58278,"p10":0.65599,"p20":0.74983,"p25":0.77423,"p75":0.90654,"p80":0.91821,"p90":0.94666,"p95":0.96711},"hard":{"p5":0.65177,"p10":0.74217,"p20":0.81962,"p25":0.83716,"p75":0.94602,"p80":0.95733,"p90":0.98881,"p95":0.99378}}}