{"efficiency":{"normal":0.7029626473162562,"hard":0.7258427101217656},"luck":{"normal":0.6557049467248157,"hard":0.6190062171993912},"steps":{"normal":[741,3288,118738,135844,83281,37936,15473],"hard":[82,1576,29005,48579,32113,14232,5808]},"unsolvedPenalty":{"normal":79.23130603841432,"hard":26.27707849225183},"average":{"normal":4.158259677313271,"hard":4.302777777777778},"percentSolvingInThreeOrFewer":{"normal":0.2330863897506389,"hard":0.058222234035685945},"percentiles":{"normal":{"p5":0.3676,"p10":0.43947,"p20":0.5257,"p25":0.56607,"p75":0.88133,"p80":0.90662,"p90":0.93565,"p95":0.96388},"hard":{"p5":0.37171,"p10":0.45001,"p20":0.53994,"p25":0.58126,"p75":0.91314,"p80":0.92928,"p90":0.9655,"p95":0.9945}}}