{"efficiency": {"normal": 0.7614771531287413, "hard": 0.8381296495299144}, "luck": {"normal": 0.5324626643372965, "hard": 0.5052538015991856}, "steps": {"normal": [1529, 4460, 57212, 132322, 96024, 28598, 6671], "hard": [98, 1078, 14459, 40236, 17189, 2070, 269]}, "unsolvedPenalty": {"normal": 173.55775692809237, "hard": 5.100043634043625}, "average": {"normal": 4.314206029560756, "hard": 4.069392167583576}, "percentSolvingInThreeOrFewer": {"normal": 0.19338404484480565, "hard": 0.20736349288452102}, "percentiles": {"normal": {"p5": 0.46119, "p10": 0.53722, "p20": 0.62013, "p25": 0.64992, "p75": 0.89348, "p80": 0.91184, "p90": 0.94227, "p95": 0.96459}, "hard": {"p5": 0.6093, "p10": 0.65834, "p20": 0.71644, "p25": 0.75663, "p75": 0.93285, "p80": 0.94335, "p90": 0.97398, "p95": 0.99848}}}