{"efficiency":{"normal":0.831508722857644,"hard":0.8775041334535365},"luck":{"normal":0.512786862578269,"hard":0.49886207958571815},"steps":{"normal":[1034,5706,96143,197783,97880,21049,2340],"hard":[111,1867,41365,66914,28305,4288,238]},"unsolvedPenalty":{"normal":342.1352356903843,"hard":23.691010059185714},"average":{"normal":4.080565575363439,"hard":3.943539425959704},"percentSolvingInThreeOrFewer":{"normal":0.18209201940417638,"hard":0.0767141034240478},"percentiles":{"normal":{"p5":0.60259,"p10":0.66792,"p20":0.74962,"p25":0.77726,"p75":0.91419,"p80":0.92535,"p90":0.948,"p95":0.97394},"hard":{"p5":0.68987,"p10":0.75756,"p20":0.81571,"p25":0.83433,"p75":0.94035,"p80":0.95171,"p90":0.98791,"p95":1}}}