{"efficiency":{"normal":0.8030477686112794,"hard":0.8746709949927767},"luck":{"normal":0.6423693103528932,"hard":0.5815954207750677},"steps":{"normal":[710,20064,183600,159825,52064,9896,1357],"hard":[63,4649,66533,58422,12006,854,64]},"unsolvedPenalty":{"normal":48.8912053076341,"hard":3.565001078502231},"average":{"normal":3.6461102677516766,"hard":3.5639087198619857},"percentSolvingInThreeOrFewer":{"normal":0.3584860651410149,"hard":0.12497083931894681},"percentiles":{"normal":{"p5":0.49127,"p10":0.56144,"p20":0.63923,"p25":0.66667,"p75":0.9419,"p80":0.95884,"p90":0.99392,"p95":1},"hard":{"p5":0.61895,"p10":0.65739,"p20":0.78716,"p25":0.82527,"p75":0.97138,"p80":0.9832,"p90":0.99984,"p95":1}}}