{"efficiency":{"normal":0.8436330734538733,"hard":0.8740788252896392,"normal-ps":0.8140007060849598,"hard-ps":0.8497852207792208},"luck":{"normal":0.395320588666536,"hard":0.3873181952995697,"normal-ps":0.40196059701492537,"hard-ps":0.3877091515151515},"steps":{"normal":[877,2009,32835,145537,166422,56973,8650],"hard":[57,611,14231,55054,60582,18204,2310],"normal-ps":[4,13,159,608,696,227,35],"hard-ps":[2,11,144,427,430,125,16]},"unsolvedPenalty":{"normal":1378.8715952536284,"hard":334.104542382804,"normal-ps":4.38236110266166,"hard-ps":6.680473077454234},"average":{"normal":4.624676088234653,"hard":4.569255213505461,"normal-ps":4.587256027554535,"hard-ps":4.467532467532467},"percentSolvingInThreeOrFewer":{"normal":0.0629735532935863,"hard":0.02626512990653217,"normal-ps":0.000310266653033738,"hard-ps":0.0002767719575357776},"percentiles":{"normal":{"p5":0.55906,"p10":0.6483,"p20":0.76288,"p25":0.79921,"p75":0.93573,"p80":0.9453,"p90":0.96575,"p95":0.98216},"hard":{"p5":0.62693,"p10":0.69591,"p20":0.82286,"p25":0.84671,"p75":0.94912,"p80":0.95434,"p90":0.97171,"p95":0.98572},"normal-ps":{"p5":0.5534,"p10":0.63426,"p20":0.71284,"p25":0.74303,"p75":0.91268,"p80":0.92849,"p90":0.9584,"p95":0.97761},"hard-ps":{"p5":0.58634,"p10":0.67512,"p20":0.76879,"p25":0.79568,"p75":0.93752,"p80":0.94779,"p90":0.97324,"p95":0.99129}}}