{"efficiency":{"normal":0.8121236315418404,"hard":0.84278325107941},"luck":{"normal":0.5155009707643569,"hard":0.4673621166799074},"steps":{"normal":[1194,7133,74091,190456,117170,36157,4971],"hard":[94,2221,23960,52660,45602,18194,2024]},"unsolvedPenalty":{"normal":461.8170911254129,"hard":96.60982305718916},"average":{"normal":4.249256701284365,"hard":4.396214293115954},"percentSolvingInThreeOrFewer":{"normal":0.14311361754068558,"hard":0.04562099242804384},"percentiles":{"normal":{"p5":0.56746,"p10":0.63163,"p20":0.71279,"p25":0.7448,"p75":0.90444,"p80":0.91833,"p90":0.9473,"p95":0.96929},"hard":{"p5":0.61834,"p10":0.67137,"p20":0.73908,"p25":0.76627,"p75":0.93471,"p80":0.94769,"p90":0.98011,"p95":1}}}