{"efficiency":{"normal":0.8607264046940917,"hard":0.9036321791755755},"luck":{"normal":0.6130194325117245,"hard":0.6171433625725651},"steps":{"normal":[1341,19015,240400,206617,38570,6647,1073],"hard":[126,7130,89901,57743,8356,848,59]},"unsolvedPenalty":{"normal":198.15347241481783,"hard":3.934337091158467},"average":{"normal":3.555272189959643,"hard":3.42515061250099},"percentSolvingInThreeOrFewer":{"normal":0.38469380228080785,"hard":0.14333534957142646},"percentiles":{"normal":{"p5":0.62077,"p10":0.70961,"p20":0.79709,"p25":0.81761,"p75":0.94071,"p80":0.95098,"p90":0.96989,"p95":0.98406},"hard":{"p5":0.75118,"p10":0.8123,"p20":0.85684,"p25":0.87239,"p75":0.9597,"p80":0.96869,"p90":0.98547,"p95":1}}}