{"efficiency":{"normal":0.8524890342064382,"hard":0.8955545409121671},"luck":{"normal":0.6472839485253984,"hard":0.6586021890238889},"steps":{"normal":[1377,50637,272532,144479,26395,4062,676],"hard":[229,21778,96320,35082,4313,353,24]},"unsolvedPenalty":{"normal":63.994593808747204,"hard":6.037936891314857},"average":{"normal":3.316079165242148,"hard":3.142915873427489},"percentSolvingInThreeOrFewer":{"normal":0.4930348364515796,"hard":0.17976502257411786},"percentiles":{"normal":{"p5":0.60849,"p10":0.66775,"p20":0.75525,"p25":0.78604,"p75":0.94534,"p80":0.95833,"p90":0.99222,"p95":1},"hard":{"p5":0.67755,"p10":0.7598,"p20":0.81763,"p25":0.84455,"p75":0.96459,"p80":0.97629,"p90":1,"p95":1}}}