{"efficiency":{"normal":0.8367127740973797,"hard":0.8605779947551657},"luck":{"normal":0.5067714208517863,"hard":0.5768549513948547},"steps":{"normal":[1230,6529,115065,232777,89828,16323,1804],"hard":[92,4595,60932,66062,20994,2052,91]},"unsolvedPenalty":{"normal":136.4687426407991,"hard":7.276383824808709},"average":{"normal":3.987624226918655,"hard":3.708582279952719},"percentSolvingInThreeOrFewer":{"normal":0.1986315990336133,"hard":0.10611333374300194},"percentiles":{"normal":{"p5":0.57476,"p10":0.63254,"p20":0.72246,"p25":0.76169,"p75":0.93901,"p80":0.94941,"p90":0.97475,"p95":0.9892},"hard":{"p5":0.62348,"p10":0.70351,"p20":0.80068,"p25":0.80068,"p75":0.94327,"p80":0.95028,"p90":0.97857,"p95":0.99463}}}