{"efficiency":{"normal":0.7349370749845616,"hard":0.7856323099951784},"luck":{"normal":0.5816989123756717,"hard":0.5590364832286246},"steps":{"normal":[692,3546,58629,139211,112435,54995,11030],"hard":[94,1348,23017,58255,37786,16023,2429]},"unsolvedPenalty":{"normal":88.25144302040742,"hard":9.5},"average":{"normal":4.464286746639687,"hard":4.350432148074584},"percentSolvingInThreeOrFewer":{"normal":0.12102167075391433,"hard":0.04708355309507952},"percentiles":{"normal":{"p5":0.40579,"p10":0.4733,"p20":0.57208,"p25":0.60231,"p75":0.90098,"p80":0.91904,"p90":0.95783,"p95":0.97424},"hard":{"p5":0.4714,"p10":0.53972,"p20":0.62967,"p25":0.65668,"p75":0.93112,"p80":0.94382,"p90":0.97167,"p95":0.99505}}}