{"efficiency":{"normal":0.8624955606780101,"hard":0.8883197545207778},"luck":{"normal":0.4697755888887687,"hard":0.5118775204893848},"steps":{"normal":[1397,8722,107538,201705,112647,26991,3229],"hard":[125,6845,39766,61499,34605,8803,871]},"unsolvedPenalty":{"normal":386.198674269606,"hard":40.758604140718035},"average":{"normal":4.094986316484039,"hard":4.00078023577545},"percentSolvingInThreeOrFewer":{"normal":0.19139556862674928,"hard":0.07602728250207808},"percentiles":{"normal":{"p5":0.62449,"p10":0.70208,"p20":0.78434,"p25":0.81327,"p75":0.94555,"p80":0.95525,"p90":0.97425,"p95":0.98812},"hard":{"p5":0.67352,"p10":0.74389,"p20":0.82706,"p25":0.8512,"p75":0.95916,"p80":0.96981,"p90":0.99266,"p95":0.99646}}}