{"efficiency":{"normal":0.7994553824436782,"hard":0.8563528835712731,"normal-ps":0.7319572611464968,"hard-ps":0.7857839963280294},"luck":{"normal":0.5365737017313065,"hard":0.5118730513349922,"normal-ps":0.5522084832802547,"hard-ps":0.5382023439412484},"steps":{"normal":[727,5327,106817,207912,120188,29769,2822],"hard":[118,1962,39727,75353,44648,7825,363],"normal-ps":[3,42,611,969,681,180,26],"hard-ps":[2,39,453,673,401,61,5]},"unsolvedPenalty":{"normal":174.9902655523109,"hard":15.868542149104348,"normal-ps":2.5,"hard-ps":null},"average":{"normal":4.138757910607235,"hard":4.1000817642249165,"normal-ps":4.154856687898089,"hard-ps":3.997552019583843},"percentSolvingInThreeOrFewer":{"normal":0.17426974618662386,"hard":0.06455104057308714,"normal-ps":0.0010127833014265423,"hard-ps":0.0007626752300376706},"percentiles":{"normal":{"p5":0.54132,"p10":0.60822,"p20":0.69668,"p25":0.73058,"p75":0.89615,"p80":0.90742,"p90":0.93552,"p95":0.95484},"hard":{"p5":0.62706,"p10":0.69534,"p20":0.78337,"p25":0.80997,"p75":0.93316,"p80":0.94299,"p90":0.96615,"p95":0.98519},"normal-ps":{"p5":0.47301,"p10":0.53506,"p20":0.59741,"p25":0.62389,"p75":0.85346,"p80":0.87562,"p90":0.91913,"p95":0.94498},"hard-ps":{"p5":0.5542,"p10":0.59724,"p20":0.66342,"p25":0.69544,"p75":0.89313,"p80":0.90774,"p90":0.93902,"p95":0.97349}}}