{"efficiency":{"normal":0.79333492463276,"hard":0.8544311814464777},"luck":{"normal":0.45355087758667356,"hard":0.4478568784771097},"steps":{"normal":[1134,3507,47611,129553,134691,75952,13960],"hard":[82,1243,16889,42880,48620,33081,6393]},"unsolvedPenalty":{"normal":3453.704561052033,"hard":1072.2586864401019},"average":{"normal":4.631106518048276,"hard":4.723553857497151},"percentSolvingInThreeOrFewer":{"normal":0.09404607631389489,"hard":0.032784377249820015},"percentiles":{"normal":{"p5":0.4975,"p10":0.55873,"p20":0.64677,"p25":0.69046,"p75":0.91127,"p80":0.92255,"p90":0.94943,"p95":0.97263},"hard":{"p5":0.57886,"p10":0.65401,"p20":0.76134,"p25":0.80267,"p75":0.9431,"p80":0.9517,"p90":0.97332,"p95":0.98905}}}