{"efficiency": {"normal": 0.8258221358901211, "hard": 0.8891382822379584}, "luck": {"normal": 0.5248436720116894, "hard": 0.5129844594643314}, "steps": {"normal": [0, 10633, 99698, 178465, 83024, 18183, 4803], "hard": [0, 2486, 24748, 42247, 13152, 947, 76]}, "unsolvedPenalty": {"normal": 383.4457202496136, "hard": 3.555406691793722}, "average": {"normal": 4.0334808633107135, "hard": 3.8273591303276726}, "percentSolvingInThreeOrFewer": {"normal": 0.27945623926688046, "hard": 0.32554748015683277}, "percentiles": {"normal": {"p5": 0.51862, "p10": 0.60547, "p20": 0.69789, "p25": 0.74681, "p75": 0.93521, "p80": 0.94797, "p90": 0.97117, "p95": 0.9929}, "hard": {"p5": 0.66293, "p10": 0.74695, "p20": 0.84196, "p25": 0.85515, "p75": 0.95695, "p80": 0.96491, "p90": 0.98545, "p95": 1}}}