{"efficiency":{"normal":0.7502695122300198,"hard":0.9242112323851147,"normal-ps":0.7359834631268437,"hard-ps":0.7601941181988743},"luck":{"normal":0.6312649522609071,"hard":0.6094954992406134,"normal-ps":0.630334814159292,"hard-ps":0.6314884709193246},"steps":{"normal":[1764,39267,131549,118027,77838,53348,18513],"hard":[356,17486,42778,39224,27447,20764,7992],"normal-ps":[10,174,531,430,270,211,69],"hard-ps":[5,150,330,255,167,130,29]},"unsolvedPenalty":{"normal":5773.219053863085,"hard":2077.9779505449865,"normal-ps":26.738628804635137,"hard-ps":6.246135986295767},"average":{"normal":4.014035565851332,"hard":4.039353528103712,"normal-ps":3.9533923303834806,"hard-ps":3.849906191369606},"percentSolvingInThreeOrFewer":{"normal":0.2880617841560427,"hard":0.10118207097767051,"normal-ps":0.001193420995530096,"hard-ps":0.0008095233326323028},"percentiles":{"normal":{"p5":0.46998,"p10":0.53637,"p20":0.60913,"p25":0.61769,"p75":0.8835,"p80":0.90465,"p90":0.98064,"p95":1},"hard":{"p5":0.74674,"p10":0.81234,"p20":0.87108,"p25":0.88836,"p75":1,"p80":1,"p90":1,"p95":1},"normal-ps":{"p5":0.38915,"p10":0.46797,"p20":0.53759,"p25":0.58602,"p75":0.92852,"p80":0.97011,"p90":0.9928,"p95":1},"hard-ps":{"p5":0.40415,"p10":0.50046,"p20":0.55221,"p25":0.59018,"p75":0.96735,"p80":0.99958,"p90":1,"p95":1}}}