{"efficiency":{"normal":0.8161041411003808,"hard":0.8635742690637351},"luck":{"normal":0.656355772312841,"hard":0.6317066937603257},"steps":{"normal":[2067,45861,143603,149494,55035,10369,1136],"hard":[444,13936,49990,58626,17872,2450,135]},"unsolvedPenalty":{"normal":91.40545657562083,"hard":4.688069071650115},"average":{"normal":3.5988816590115023,"hard":3.608568660118645},"percentSolvingInThreeOrFewer":{"normal":0.347594737768615,"hard":0.11681950415682887},"percentiles":{"normal":{"p5":0.5,"p10":0.56418,"p20":0.66667,"p25":0.7171,"p75":0.94207,"p80":0.9572,"p90":1,"p95":1},"hard":{"p5":0.59505,"p10":0.66667,"p20":0.77098,"p25":0.80506,"p75":0.95886,"p80":0.97469,"p90":1,"p95":1}}}