{"efficiency":{"normal":0.8358967906705733,"hard":0.8805783448759229},"luck":{"normal":0.49135059634146633,"hard":0.48941487793538},"steps":{"normal":[1518,6105,80988,196415,107255,27111,2787],"hard":[133,2091,38899,64952,31723,5960,344]},"unsolvedPenalty":{"normal":389.1822486223637,"hard":23.459072741446874},"average":{"normal":4.164108188000218,"hard":4.005891578304558},"percentSolvingInThreeOrFewer":{"normal":0.15649087489735916,"hard":0.07262116034928792},"percentiles":{"normal":{"p5":0.6101,"p10":0.67659,"p20":0.76209,"p25":0.78752,"p75":0.91435,"p80":0.92577,"p90":0.95605,"p95":0.97854},"hard":{"p5":0.71056,"p10":0.77282,"p20":0.8226,"p25":0.83941,"p75":0.94026,"p80":0.95179,"p90":0.98782,"p95":1}}}