{"efficiency":{"normal":0.782905172822567,"hard":0.8825590488009091},"luck":{"normal":0.5726041695496349,"hard":0.4705490862787313},"steps":{"normal":[561,15543,75201,108980,63674,20276,5105],"hard":[48,2084,29005,37313,21677,8088,2109]},"unsolvedPenalty":{"normal":1307.4320079673298,"hard":709.1254273133757},"average":{"normal":4.022347179644919,"hard":4.0872256443992585},"percentSolvingInThreeOrFewer":{"normal":0.23431681760673803,"hard":0.07991141199325581},"percentiles":{"normal":{"p5":0.44353,"p10":0.5,"p20":0.58358,"p25":0.65042,"p75":0.93481,"p80":0.95491,"p90":0.99022,"p95":1},"hard":{"p5":0.6228,"p10":0.69867,"p20":0.80742,"p25":0.83697,"p75":0.97708,"p80":0.98512,"p90":1,"p95":1}}}