{"efficiency":{"normal":0.8119798495451452,"hard":0.8465734614470757},"luck":{"normal":0.5714773221697438,"hard":0.5647030909300367},"steps":{"normal":[609,20947,138171,167354,59465,10614,1096],"hard":[131,9007,50825,57050,19141,2572,161]},"unsolvedPenalty":{"normal":57.015088573318955,"hard":12.829788789762883},"average":{"normal":3.7513954486904253,"hard":3.6786956302605716},"percentSolvingInThreeOrFewer":{"normal":0.2973660792410257,"hard":0.11163259151143265},"percentiles":{"normal":{"p5":0.56022,"p10":0.61807,"p20":0.69243,"p25":0.72607,"p75":0.91432,"p80":0.92488,"p90":0.95622,"p95":0.98942},"hard":{"p5":0.62204,"p10":0.68465,"p20":0.75173,"p25":0.78032,"p75":0.93136,"p80":0.94475,"p90":0.97335,"p95":1}}}