{"efficiency":{"normal":0.8847649615330847,"hard":0.8967979233912294},"luck":{"normal":0.6622258495895901,"hard":0.6119173762930975},"steps":{"normal":[2583,120717,165157,113704,39840,7959,683],"hard":[503,23098,60804,44795,14730,2323,99]},"unsolvedPenalty":{"normal":214.01893835253986,"hard":12.557273051093764},"average":{"normal":3.207315260059426,"hard":3.3923022261092965},"percentSolvingInThreeOrFewer":{"normal":0.48318344525386053,"hard":0.14138502280565693},"percentiles":{"normal":{"p5":0.66413,"p10":0.73112,"p20":0.80529,"p25":0.82883,"p75":0.98762,"p80":1,"p90":1,"p95":1},"hard":{"p5":0.72449,"p10":0.78564,"p20":0.83467,"p25":0.85398,"p75":0.9642,"p80":0.97001,"p90":0.99367,"p95":1}}}