{"efficiency": {"normal": 0.8368320676700426, "hard": 0.8817861796954467}, "luck": {"normal": 0.4584093843005829, "hard": 0.45596482026946283}, "steps": {"normal": [2569, 5110, 118398, 183192, 87395, 22952, 4140], "hard": [145, 1282, 36820, 50203, 20609, 4468, 475]}, "unsolvedPenalty": {"normal": 1452.4223751034094, "hard": 98.57369357747278}, "average": {"normal": 4.025595914571365, "hard": 3.9232432211152215}, "percentSolvingInThreeOrFewer": {"normal": 0.29752263094799836, "hard": 0.33549411413834845}, "percentiles": {"normal": {"p5": 0.54335, "p10": 0.61971, "p20": 0.7461, "p25": 0.78067, "p75": 0.93383, "p80": 0.94824, "p90": 0.98073, "p95": 0.99121}, "hard": {"p5": 0.63115, "p10": 0.72404, "p20": 0.82453, "p25": 0.84783, "p75": 0.95786, "p80": 0.96935, "p90": 0.99009, "p95": 1}}}