{"efficiency":{"normal":0.7969929760896313,"hard":0.8776240329855648},"luck":{"normal":0.44375774585963734,"hard":0.42761162636263145},"steps":{"normal":[587,3299,71204,162088,94252,25130,3489],"hard":[74,1404,26531,58165,29914,6908,935]},"unsolvedPenalty":{"normal":1000.737966272945,"hard":210.0310887916663},"average":{"normal":4.199770589329904,"hard":4.129408632083464},"percentSolvingInThreeOrFewer":{"normal":0.1551515026292137,"hard":0.0578736944326787},"percentiles":{"normal":{"p5":0.5,"p10":0.57612,"p20":0.6844,"p25":0.72529,"p75":0.90213,"p80":0.91334,"p90":0.94454,"p95":0.96294},"hard":{"p5":0.68044,"p10":0.75194,"p20":0.82289,"p25":0.84338,"p75":0.93957,"p80":0.94764,"p90":0.96812,"p95":0.98545}}}