{"efficiency":{"normal":0.7679305328283975,"hard":0.8172533080876189},"luck":{"normal":0.4373339310425926,"hard":0.4121387884972847},"steps":{"normal":[649,1939,44030,114847,115473,75410,21818],"hard":[89,879,13054,38793,44112,32122,8134]},"unsolvedPenalty":{"normal":3611.5942606019144,"hard":1043.2757086453119},"average":{"normal":4.695063513401555,"hard":4.798520246382622},"percentSolvingInThreeOrFewer":{"normal":0.09117096046214199,"hard":0.027423057818592843},"percentiles":{"normal":{"p5":0.48264,"p10":0.54969,"p20":0.61945,"p25":0.65106,"p75":0.88974,"p80":0.9046,"p90":0.93336,"p95":0.95323},"hard":{"p5":0.55178,"p10":0.61554,"p20":0.68684,"p25":0.72349,"p75":0.91747,"p80":0.92833,"p90":0.95327,"p95":0.97528}}}