{"efficiency":{"normal":0.7859196362554648,"hard":0.8571882862117179,"normal-ps":0.7078508389585342,"hard-ps":0.7484096891584534},"luck":{"normal":0.5237091616905173,"hard":0.5394643503804684,"normal-ps":0.555504262295082,"hard-ps":0.5811960727824109},"steps":{"normal":[744,11109,82176,148578,113757,47631,6124],"hard":[96,4377,33561,54249,38841,15601,2037],"normal-ps":[5,72,480,754,525,213,25],"hard-ps":[2,102,387,408,286,119,15]},"unsolvedPenalty":{"normal":1044.0495186725916,"hard":279.17022334383626,"normal-ps":4.750715081670704,"hard-ps":3.5},"average":{"normal":4.279528336620965,"hard":4.211811997526283,"normal-ps":4.174541947926712,"hard-ps":3.9673995451099318},"percentSolvingInThreeOrFewer":{"normal":0.16723162837020702,"hard":0.0676460126627303,"normal-ps":0.0009906096606672832,"hard-ps":0.0008732304190083233},"percentiles":{"normal":{"p5":0.52724,"p10":0.60728,"p20":0.69179,"p25":0.72282,"p75":0.87758,"p80":0.89102,"p90":0.92182,"p95":0.94652},"hard":{"p5":0.66249,"p10":0.72556,"p20":0.78372,"p25":0.80555,"p75":0.92736,"p80":0.94029,"p90":0.96656,"p95":0.99282},"normal-ps":{"p5":0.44092,"p10":0.49473,"p20":0.56424,"p25":0.5949,"p75":0.83402,"p80":0.85734,"p90":0.90966,"p95":0.94262},"hard-ps":{"p5":0.47733,"p10":0.5166,"p20":0.60155,"p25":0.63223,"p75":0.87902,"p80":0.90663,"p90":0.95368,"p95":0.99402}}}