{"efficiency":{"normal":0.8449646752266305,"hard":0.8832026604426696},"luck":{"normal":0.504426489432442,"hard":0.5048273427408082},"steps":{"normal":[1424,5653,135642,230471,83391,17690,3104],"hard":[105,2549,55437,76460,24102,4182,490]},"unsolvedPenalty":{"normal":528.7979556825969,"hard":107.05327482416835},"average":{"normal":3.952640582258565,"hard":3.8358674622674065},"percentSolvingInThreeOrFewer":{"normal":0.29896622152395913,"hard":0.3556773304760447},"percentiles":{"normal":{"p5":0.58306,"p10":0.65961,"p20":0.75727,"p25":0.78896,"p75":0.93772,"p80":0.94981,"p90":0.96993,"p95":0.98976},"hard":{"p5":0.65894,"p10":0.74128,"p20":0.8242,"p25":0.84668,"p75":0.95541,"p80":0.96482,"p90":0.98472,"p95":0.99727}}}