{"efficiency": {"normal": 0.8475625227736711, "hard": 0.8845386634243698}, "luck": {"normal": 0.5308804362037999, "hard": 0.507412619113818}, "steps": {"normal": [476, 4227, 82054, 125964, 47047, 7691, 829], "hard": [62, 1194, 19292, 32912, 10322, 931, 55]}, "unsolvedPenalty": {"normal": 65.08474518246996, "hard": 4.600043634043625}, "average": {"normal": 3.899529925845295, "hard": 3.8531311765630254}, "percentSolvingInThreeOrFewer": {"normal": 0.3233726443225191, "hard": 0.3172554347826087}}