{"efficiency":{"normal":0.8393527992806832,"hard":0.8866679406768252,"normal-ps":0.785828355359765,"hard-ps":0.827806498470948},"luck":{"normal":0.5772554828856123,"hard":0.6105192316962941,"normal-ps":0.5946641752325013,"hard-ps":0.6164894266055045},"steps":{"normal":[725,13751,167852,198230,52872,6880,661],"hard":[88,9189,71833,57699,15464,1645,75],"normal-ps":[3,86,812,846,254,40,2],"hard-ps":[4,88,632,460,108,16]},"unsolvedPenalty":{"normal":81.1724894036417,"hard":4.812118754476946,"normal-ps":0.5,"hard-ps":null},"average":{"normal":3.7061572791139614,"hard":3.541190950876001,"normal-ps":3.679393049437102,"hard-ps":3.4801223241590216},"percentSolvingInThreeOrFewer":{"normal":0.30372069469847646,"hard":0.13511172411954997,"normal-ps":0.0015008712049280548,"hard-ps":0.0012060274721064502},"percentiles":{"normal":{"p5":0.61694,"p10":0.68933,"p20":0.75937,"p25":0.78697,"p75":0.917,"p80":0.93038,"p90":0.95834,"p95":0.97871},"hard":{"p5":0.69673,"p10":0.76756,"p20":0.8271,"p25":0.84883,"p75":0.94876,"p80":0.95936,"p90":0.98268,"p95":0.99955},"normal-ps":{"p5":0.50761,"p10":0.56847,"p20":0.64326,"p25":0.6818,"p75":0.90571,"p80":0.92246,"p90":0.95919,"p95":0.98856},"hard-ps":{"p5":0.56256,"p10":0.62702,"p20":0.73034,"p25":0.76375,"p75":0.92573,"p80":0.93851,"p90":0.97441,"p95":0.99998}}}