{"efficiency":{"normal":0.8207713650778975,"hard":0.8875366585332514},"luck":{"normal":0.6305146352919421,"hard":0.6126811619164787},"steps":{"normal":[794,17065,178078,178020,48180,9046,1430],"hard":[68,6070,62344,64566,12204,989,66]},"unsolvedPenalty":{"normal":110.72779362514082,"hard":4.555800177813058},"average":{"normal":3.663751097961259,"hard":3.5873351103820657},"percentSolvingInThreeOrFewer":{"normal":0.33845715371461144,"hard":0.11829409427737378},"percentiles":{"normal":{"p5":0.51686,"p10":0.59676,"p20":0.69666,"p25":0.74517,"p75":0.92564,"p80":0.93939,"p90":0.97319,"p95":0.99973},"hard":{"p5":0.63683,"p10":0.70885,"p20":0.82535,"p25":0.85233,"p75":0.96817,"p80":0.97532,"p90":0.99918,"p95":1}}}