{"efficiency":{"normal":0.8474649693430721,"hard":0.8906428545724105},"luck":{"normal":0.6105401224285686,"hard":0.6207639415728823},"steps":{"normal":[1645,20946,209806,157546,51113,9710,1153],"hard":[195,11645,63961,55409,15236,1844,93]},"unsolvedPenalty":{"normal":151.2940679609344,"hard":5.3096641915172915},"average":{"normal":3.5932795942797338,"hard":3.5367814542758946},"percentSolvingInThreeOrFewer":{"normal":0.3871373434811361,"hard":0.12627784524101032},"percentiles":{"normal":{"p5":0.58475,"p10":0.64594,"p20":0.75152,"p25":0.78553,"p75":0.94423,"p80":0.95738,"p90":0.99284,"p95":1},"hard":{"p5":0.65754,"p10":0.73698,"p20":0.81871,"p25":0.83834,"p75":0.98175,"p80":0.98854,"p90":1,"p95":1}}}