{"efficiency":{"normal":0.8580376565938571,"hard":0.9051405362378148},"luck":{"normal":0.6616350130165959,"hard":0.6807626861132468},"steps":{"normal":[2047,75337,281741,145788,22225,3256,828],"hard":[253,27760,103480,36941,3922,236,18]},"unsolvedPenalty":{"normal":116.03187194602974,"hard":3.2328918740659587},"average":{"normal":3.23342977488121,"hard":3.1002388789286486},"percentSolvingInThreeOrFewer":{"normal":0.6760356310544368,"hard":0.7617924801575807},"percentiles":{"normal":{"p5":0.64048,"p10":0.69989,"p20":0.78591,"p25":0.81076,"p75":0.93449,"p80":0.95062,"p90":0.97854,"p95":1},"hard":{"p5":0.72113,"p10":0.78512,"p20":0.85111,"p25":0.87008,"p75":0.97407,"p80":0.98065,"p90":1,"p95":1}}}