{"efficiency":{"normal":0.8006719968163357,"hard":0.821764821731865},"luck":{"normal":0.4961253260491464,"hard":0.5232477088812185},"steps":{"normal":[1300,3473,98131,206803,93684,25757,4940],"hard":[126,1147,38425,68433,29006,7838,1038]},"unsolvedPenalty":{"normal":1101.5888862156291,"hard":298.69158253512444},"average":{"normal":4.106198930638968,"hard":4.038749178172255},"percentSolvingInThreeOrFewer":{"normal":0.17738968845402658,"hard":0.06843737448436236},"percentiles":{"normal":{"p5":0.52964,"p10":0.6046,"p20":0.67973,"p25":0.7089,"p75":0.92071,"p80":0.93514,"p90":0.96371,"p95":0.98268},"hard":{"p5":0.582,"p10":0.64536,"p20":0.71576,"p25":0.7405,"p75":0.93418,"p80":0.94153,"p90":0.96494,"p95":0.97918}}}