{"efficiency":{"normal":0.8228334537687246,"hard":0.8707587275549394},"luck":{"normal":0.492722535513976,"hard":0.4685113220613305},"steps":{"normal":[1028,5337,76510,200711,105670,24038,2662],"hard":[82,1953,22898,73421,43994,7841,565]},"unsolvedPenalty":{"normal":270.7483657528158,"hard":18.315499706089494},"average":{"normal":4.165394518262442,"hard":4.223903367671153},"percentSolvingInThreeOrFewer":{"normal":0.1462415302089215,"hard":0.04399703557312253},"percentiles":{"normal":{"p5":0.57897,"p10":0.64136,"p20":0.72035,"p25":0.75369,"p75":0.91759,"p80":0.92846,"p90":0.95348,"p95":0.97378},"hard":{"p5":0.66298,"p10":0.72086,"p20":0.80103,"p25":0.8275,"p75":0.94324,"p80":0.95222,"p90":0.97365,"p95":0.98669}}}