{"efficiency":{"normal":0.862008066101498,"hard":0.9047835119022629},"luck":{"normal":0.5240752540703751,"hard":0.5549119248639042},"steps":{"normal":[934,14044,115653,189396,91001,18334,1184],"hard":[140,6205,44533,59070,27536,5186,242]},"unsolvedPenalty":{"normal":230.0264588124293,"hard":15.52754903776929},"average":{"normal":3.961653698757403,"hard":3.8672488349636844},"percentSolvingInThreeOrFewer":{"normal":0.22779633943891858,"hard":0.08872222144720505},"percentiles":{"normal":{"p5":0.68597,"p10":0.74682,"p20":0.80545,"p25":0.82342,"p75":0.9238,"p80":0.93255,"p90":0.95416,"p95":0.97479},"hard":{"p5":0.77813,"p10":0.80593,"p20":0.85331,"p25":0.86982,"p75":0.95501,"p80":0.9645,"p90":0.98526,"p95":0.99793}}}