{"efficiency":{"normal":0.8342988211463954,"hard":0.8769958238676284},"luck":{"normal":0.5772226298698995,"hard":0.5767096615818027},"steps":{"normal":[878,21810,165048,219819,77619,14255,1652],"hard":[120,7881,66609,75535,18429,1791,72]},"unsolvedPenalty":{"normal":102.58250387459944,"hard":7.988376800936896},"average":{"normal":3.800203125849662,"hard":3.6450535293205166},"percentSolvingInThreeOrFewer":{"normal":0.3746619807975158,"hard":0.4377570597933547},"percentiles":{"normal":{"p5":0.58176,"p10":0.63279,"p20":0.73301,"p25":0.77,"p75":0.93136,"p80":0.94386,"p90":0.97397,"p95":0.99235},"hard":{"p5":0.66667,"p10":0.7318,"p20":0.80708,"p25":0.83029,"p75":0.95134,"p80":0.96305,"p90":0.98529,"p95":1}}}