{"efficiency":{"normal":0.8377185827402865,"hard":0.8892236165802203},"luck":{"normal":0.6024729180970249,"hard":0.6078682419652341},"steps":{"normal":[851,26291,178158,186689,62331,10562,1500],"hard":[133,11429,62488,68765,14904,1863,101]},"unsolvedPenalty":{"normal":145.16301265881123,"hard":3.217806596542136},"average":{"normal":3.688682588548998,"hard":3.5816161883644253},"percentSolvingInThreeOrFewer":{"normal":0.4401970916544807,"hard":0.4637312675738808},"percentiles":{"normal":{"p5":0.59483,"p10":0.66376,"p20":0.75078,"p25":0.77864,"p75":0.91728,"p80":0.931,"p90":0.9762,"p95":1},"hard":{"p5":0.66667,"p10":0.73975,"p20":0.82388,"p25":0.84349,"p75":0.96657,"p80":0.98082,"p90":0.99961,"p95":1}}}