{"efficiency":{"normal":0.8223881666110926,"hard":0.8718696693190422},"luck":{"normal":0.5994132720430619,"hard":0.5944359467644482},"steps":{"normal":[441,12048,127793,158686,59286,16318,3300],"hard":[57,4984,48530,51880,20960,6606,1705]},"unsolvedPenalty":{"normal":1090.050430202515,"hard":687.0963061744611},"average":{"normal":3.8552612775687134,"hard":3.8434776799631836},"percentSolvingInThreeOrFewer":{"normal":0.2736736143083442,"hard":0.10450920412956792},"percentiles":{"normal":{"p5":0.53002,"p10":0.60841,"p20":0.70724,"p25":0.74917,"p75":0.93122,"p80":0.93813,"p90":0.96898,"p95":0.9952},"hard":{"p5":0.61827,"p10":0.69673,"p20":0.8051,"p25":0.83266,"p75":0.95619,"p80":0.96751,"p90":0.99022,"p95":1}}}