{"efficiency":{"normal":0.7850816622783391,"hard":0.8334741571981052},"luck":{"normal":0.4892918821802751,"hard":0.47120768220110326},"steps":{"normal":[537,5417,55950,154090,109614,34690,3538],"hard":[81,2348,20854,59898,38516,10776,948]},"unsolvedPenalty":{"normal":564.9483372905893,"hard":120.70692656352708},"average":{"normal":4.323396840404129,"hard":4.271098153255786},"percentSolvingInThreeOrFewer":{"normal":0.12449850884937066,"hard":0.046823939654149584},"percentiles":{"normal":{"p5":0.50006,"p10":0.57454,"p20":0.6545,"p25":0.68851,"p75":0.89786,"p80":0.91036,"p90":0.93911,"p95":0.95509},"hard":{"p5":0.56702,"p10":0.64284,"p20":0.7175,"p25":0.74829,"p75":0.939,"p80":0.94951,"p90":0.96557,"p95":0.97762}}}