{"efficiency":{"normal":0.8558048445902572,"hard":0.890617678605115},"luck":{"normal":0.5935002669720145,"hard":0.5882051696445415},"steps":{"normal":[829,37919,194718,162670,44811,8325,923],"hard":[116,16315,63571,51556,14451,2271,146]},"unsolvedPenalty":{"normal":104.12830147105899,"hard":2},"average":{"normal":3.5341195076821923,"hard":3.479424367370038},"percentSolvingInThreeOrFewer":{"normal":0.39000709960325747,"hard":0.13364627270828983},"percentiles":{"normal":{"p5":0.64546,"p10":0.71559,"p20":0.78411,"p25":0.80773,"p75":0.93247,"p80":0.94276,"p90":0.96593,"p95":0.98214},"hard":{"p5":0.71555,"p10":0.78391,"p20":0.83795,"p25":0.85554,"p75":0.94893,"p80":0.9569,"p90":0.97957,"p95":0.99742}}}