{"efficiency":{"normal":0.7886464764571052,"hard":0.856651934648466},"luck":{"normal":0.5841108738988549,"hard":0.5608068057755883},"steps":{"normal":[804,8625,112202,176666,88386,21976,3155],"hard":[91,2719,41863,66171,22997,3895,489]},"unsolvedPenalty":{"normal":55.975985914984484,"hard":2.8732821111725184},"average":{"normal":4.016406697681647,"hard":3.8855299232477556},"percentSolvingInThreeOrFewer":{"normal":0.22114924892879412,"hard":0.08122803732541208},"percentiles":{"normal":{"p5":0.47413,"p10":0.54546,"p20":0.63768,"p25":0.66667,"p75":0.92214,"p80":0.94096,"p90":0.98725,"p95":1},"hard":{"p5":0.58726,"p10":0.64581,"p20":0.7493,"p25":0.79339,"p75":0.95445,"p80":0.96396,"p90":0.98886,"p95":1}}}