{"efficiency":{"normal":0.8563311568736708,"hard":0.8987086191105131},"luck":{"normal":0.5865071888660425,"hard":0.6137087963660154},"steps":{"normal":[1629,27359,224149,194780,53276,7494,987],"hard":[157,15801,76177,56539,12129,1162,59]},"unsolvedPenalty":{"normal":293.5106075191931,"hard":4.246135986295767},"average":{"normal":3.581067877351457,"hard":3.4218150173428956},"percentSolvingInThreeOrFewer":{"normal":0.3768620386774054,"hard":0.13716782540084263},"percentiles":{"normal":{"p5":0.65015,"p10":0.71457,"p20":0.7801,"p25":0.80306,"p75":0.92884,"p80":0.94047,"p90":0.96542,"p95":0.98273},"hard":{"p5":0.74239,"p10":0.79909,"p20":0.84102,"p25":0.85494,"p75":0.95696,"p80":0.96437,"p90":0.9949,"p95":0.99898}}}