{"efficiency":{"normal":0.8194177072968771,"hard":0.8805831107834158},"luck":{"normal":0.5114679084083414,"hard":0.5009865815752313},"steps":{"normal":[857,2471,90575,228894,126779,31013,4008],"hard":[97,625,28639,85904,39837,10096,933]},"unsolvedPenalty":{"normal":191.09431309443812,"hard":25.899021599440072},"average":{"normal":4.212407617696962,"hard":4.196675509216218},"percentSolvingInThreeOrFewer":{"normal":0.19377544640185557,"hard":0.1767340231504054},"percentiles":{"normal":{"p5":0.56163,"p10":0.61918,"p20":0.70348,"p25":0.74218,"p75":0.92014,"p80":0.9313,"p90":0.95548,"p95":0.97701},"hard":{"p5":0.6621,"p10":0.72274,"p20":0.8116,"p25":0.83713,"p75":0.95586,"p80":0.9668,"p90":0.98215,"p95":1}}}