{"efficiency":{"normal":0.786719324394652,"hard":0.8354545429197893,"normal-ps":0.7029219160104987,"hard-ps":0.7410371528471529},"luck":{"normal":0.6180876446542963,"hard":0.590607612985568,"normal-ps":0.6244339304461942,"hard-ps":0.6058963836163836},"steps":{"normal":[1129,5977,112946,180703,94887,23689,3378],"hard":[97,2103,39044,75097,31924,4228,287],"normal-ps":[3,38,410,633,336,94,10],"hard-ps":[2,23,276,495,168,33,4]},"unsolvedPenalty":{"normal":129.79696798102376,"hard":8.011505985328851,"normal-ps":0.5,"hard-ps":null},"average":{"normal":4.049000312254573,"hard":3.9830284386556274,"normal-ps":4.032152230971128,"hard-ps":3.914085914085914},"percentSolvingInThreeOrFewer":{"normal":0.20771501032796924,"hard":0.07135813660599057,"normal-ps":0.0007802201224132502,"hard-ps":0.0005207234076416592},"percentiles":{"normal":{"p5":0.49137,"p10":0.56178,"p20":0.63839,"p25":0.67279,"p75":0.91143,"p80":0.92792,"p90":0.95411,"p95":0.98177},"hard":{"p5":0.5753,"p10":0.6325,"p20":0.71498,"p25":0.75527,"p75":0.93911,"p80":0.95072,"p90":0.98025,"p95":0.99503},"normal-ps":{"p5":0.4165,"p10":0.47747,"p20":0.55043,"p25":0.57371,"p75":0.83446,"p80":0.86081,"p90":0.92558,"p95":0.96863},"hard-ps":{"p5":0.46066,"p10":0.538,"p20":0.57772,"p25":0.60185,"p75":0.87422,"p80":0.89751,"p90":0.95354,"p95":0.99409}}}