{"efficiency":{"normal":0.8659588490312979,"hard":0.9151205835930765},"luck":{"normal":0.5575551343884789,"hard":0.5576024949930367},"steps":{"normal":[813,24891,125207,167861,102859,24837,2376],"hard":[103,9222,45563,54880,32460,7931,629]},"unsolvedPenalty":{"normal":308.23990563107384,"hard":30.36920397944365},"average":{"normal":3.9551184365308525,"hard":3.9022680549108033},"percentSolvingInThreeOrFewer":{"normal":0.25167184201134685,"hard":0.09153689392600202},"percentiles":{"normal":{"p5":0.65566,"p10":0.73045,"p20":0.79914,"p25":0.81917,"p75":0.94304,"p80":0.95549,"p90":0.97557,"p95":0.98944},"hard":{"p5":0.77541,"p10":0.8245,"p20":0.86776,"p25":0.8811,"p75":0.96789,"p80":0.97617,"p90":0.98944,"p95":0.9956}}}