{"efficiency":{"normal":0.8354478502616678,"hard":0.8877315401683052},"luck":{"normal":0.530966225127485,"hard":0.5205529684905097},"steps":{"normal":[724,7097,99044,180055,102801,29820,5407],"hard":[80,2166,48889,53966,28829,8304,1085]},"unsolvedPenalty":{"normal":444.8734655525312,"hard":54.46439958706108},"average":{"normal":4.149893336280091,"hard":3.9671046016200715},"percentSolvingInThreeOrFewer":{"normal":0.2514778278754106,"hard":0.3567914931027987},"percentiles":{"normal":{"p5":0.57977,"p10":0.65296,"p20":0.75417,"p25":0.7845,"p75":0.92319,"p80":0.93571,"p90":0.96045,"p95":0.99364},"hard":{"p5":0.65627,"p10":0.72874,"p20":0.82273,"p25":0.84695,"p75":0.96522,"p80":0.98148,"p90":1,"p95":1}}}