{"efficiency":{"normal":0.7956896423986897,"hard":0.8541323674531194},"luck":{"normal":0.4590608705783597,"hard":0.43293322458699446},"steps":{"normal":[679,2205,41705,160331,119917,35833,6228],"hard":[87,870,16096,65308,38542,5846,486]},"unsolvedPenalty":{"normal":141.70165536266512,"hard":11.115339965739418},"average":{"normal":4.42483449935544,"hard":4.260205284584794},"percentSolvingInThreeOrFewer":{"normal":0.09024698728131861,"hard":0.034513462375165685},"percentiles":{"normal":{"p5":0.4974,"p10":0.57305,"p20":0.65338,"p25":0.68141,"p75":0.92648,"p80":0.9397,"p90":0.96756,"p95":0.98707},"hard":{"p5":0.60207,"p10":0.65954,"p20":0.72916,"p25":0.78104,"p75":0.9507,"p80":0.96177,"p90":0.98357,"p95":0.99567}}}