{"efficiency":{"normal":0.8539753978959459,"hard":0.9110346037620665,"normal-ps":0.6270836052303861,"hard-ps":0.6867231963927856},"luck":{"normal":0.5987005495049617,"hard":0.6546205253920409,"normal-ps":0.6346017185554171,"hard-ps":0.6668498597194389},"steps":{"normal":[1114,34731,137560,159087,88082,19702,2008],"hard":[144,34449,43883,46550,26139,5721,366],"normal-ps":[3,143,529,523,320,84,4],"hard-ps":[2,181,336,285,156,36,2]},"unsolvedPenalty":{"normal":210.2483327894868,"hard":8.605204706649682,"normal-ps":null,"hard-ps":null},"average":{"normal":3.821682203265286,"hard":3.5237068691416433,"normal-ps":3.795765877957659,"hard-ps":3.527054108216433},"percentSolvingInThreeOrFewer":{"normal":0.28798283475629705,"hard":0.13032697995672154,"normal-ps":0.0011209887286659237,"hard-ps":0.0008619157780409102},"percentiles":{"normal":{"p5":0.61758,"p10":0.67686,"p20":0.75977,"p25":0.78883,"p75":0.939,"p80":0.95314,"p90":0.99673,"p95":1},"hard":{"p5":0.69043,"p10":0.76684,"p20":0.84345,"p25":0.87009,"p75":0.99782,"p80":1,"p90":1,"p95":1},"normal-ps":{"p5":0.25142,"p10":0.33414,"p20":0.37894,"p25":0.44333,"p75":0.85349,"p80":0.89118,"p90":0.97492,"p95":1},"hard-ps":{"p5":0.252,"p10":0.33469,"p20":0.44154,"p25":0.5,"p75":0.95242,"p80":0.99407,"p90":1,"p95":1}}}