{"efficiency":{"normal":0.8505427033949777,"hard":0.910225184339294},"luck":{"normal":0.7066772361614342,"hard":0.7224397134909951},"steps":{"normal":[2407,67198,234445,130138,35976,6390,909],"hard":[524,28453,91343,28766,6831,798,33]},"unsolvedPenalty":{"normal":227.01857955365256,"hard":5.742396376182466},"average":{"normal":3.3182964374725112,"hard":3.098367453699864},"percentSolvingInThreeOrFewer":{"normal":0.47941326261118006,"hard":0.18971522455177156},"percentiles":{"normal":{"p5":0.58415,"p10":0.67416,"p20":0.76032,"p25":0.78337,"p75":0.95609,"p80":0.97944,"p90":1,"p95":1},"hard":{"p5":0.69775,"p10":0.77718,"p20":0.84437,"p25":0.86556,"p75":0.99927,"p80":1,"p90":1,"p95":1}}}