{"efficiency":{"normal":0.8817507304982398,"hard":0.9109538388260835},"luck":{"normal":0.4877241323389275,"hard":0.4788211901079672},"steps":{"normal":[891,6576,70044,186328,122647,16954,1622],"hard":[66,2478,25813,64739,40913,3589,126]},"unsolvedPenalty":{"normal":223.20090015828478,"hard":3.6230679931478833},"average":{"normal":4.182508529474209,"hard":4.126148104583705},"percentSolvingInThreeOrFewer":{"normal":0.14280397868063885,"hard":0.052244594163889366},"percentiles":{"normal":{"p5":0.66073,"p10":0.73931,"p20":0.82937,"p25":0.85149,"p75":0.95147,"p80":0.95763,"p90":0.97878,"p95":0.99485},"hard":{"p5":0.74989,"p10":0.82305,"p20":0.87186,"p25":0.88388,"p75":0.96387,"p80":0.97038,"p90":0.987,"p95":1}}}