{"efficiency":{"normal":0.8319508003452716,"hard":0.8577833973637626,"normal-ps":0.8070638592896174,"hard-ps":0.8215749893162393},"luck":{"normal":0.39110728151688023,"hard":0.38608890358583564,"normal-ps":0.3848843920765027,"hard-ps":0.39111819444444446},"steps":{"normal":[605,2029,31861,164729,155426,52776,7312],"hard":[73,794,12815,60069,57425,18546,2237],"normal-ps":[2,9,131,580,521,191,30],"hard-ps":[1,7,110,375,324,105,14]},"unsolvedPenalty":{"normal":1130.6658588267712,"hard":260.7403798650558,"normal-ps":0.5,"hard-ps":3.4419330853543477},"average":{"normal":4.573512463049674,"hard":4.555208970840819,"normal-ps":4.551912568306011,"hard-ps":4.464743589743589},"percentSolvingInThreeOrFewer":{"normal":0.06061798789327101,"hard":0.024041257764384427,"normal-ps":0.00024951458869628627,"hard-ps":0.00020734310891663225},"percentiles":{"normal":{"p5":0.51583,"p10":0.60189,"p20":0.7204,"p25":0.77626,"p75":0.93509,"p80":0.94743,"p90":0.97115,"p95":0.98176},"hard":{"p5":0.58414,"p10":0.64854,"p20":0.75384,"p25":0.81723,"p75":0.94694,"p80":0.95443,"p90":0.97505,"p95":0.98708},"normal-ps":{"p5":0.54049,"p10":0.61388,"p20":0.69913,"p25":0.72551,"p75":0.91376,"p80":0.92989,"p90":0.96819,"p95":0.98541},"hard-ps":{"p5":0.54249,"p10":0.63026,"p20":0.7238,"p25":0.7573,"p75":0.92123,"p80":0.93533,"p90":0.9658,"p95":0.98402}}}