{"efficiency":{"normal":0.8017303900886675,"hard":0.8720214519123389},"luck":{"normal":0.4565351688084538,"hard":0.4582121245918897},"steps":{"normal":[1198,2461,61689,145633,107592,67441,25622],"hard":[91,943,20666,48277,37142,23376,10089]},"unsolvedPenalty":{"normal":6266.946956710241,"hard":2288.3475732583997},"average":{"normal":4.542961253492044,"hard":4.5779197223071835},"percentSolvingInThreeOrFewer":{"normal":0.11834049511351105,"hard":0.039294723098959324},"percentiles":{"normal":{"p5":0.53115,"p10":0.59867,"p20":0.67617,"p25":0.70962,"p75":0.91061,"p80":0.92386,"p90":0.95046,"p95":0.96905},"hard":{"p5":0.67578,"p10":0.75503,"p20":0.82234,"p25":0.8407,"p75":0.93497,"p80":0.94341,"p90":0.96163,"p95":0.97775}}}