{"efficiency": {"normal": 0.8183101731312393, "hard": 0.8688703165423118}, "luck": {"normal": 0.5766255046613861, "hard": 0.5747882167798284}, "steps": {"normal": [1582, 13138, 122359, 185040, 63614, 8820, 2190], "hard": [79, 3066, 30823, 39427, 9482, 414, 44]}, "unsolvedPenalty": {"normal": 103.88653852675985, "hard": 1}, "average": {"normal": 3.8350238984393594, "hard": 3.6790184196316074}, "percentSolvingInThreeOrFewer": {"normal": 0.34551082186705245, "hard": 0.40760784784304316}, "percentiles": {"normal": {"p5": 0.544, "p10": 0.61259, "p20": 0.69923, "p25": 0.74177, "p75": 0.91974, "p80": 0.93528, "p90": 0.97286, "p95": 0.99661}, "hard": {"p5": 0.63378, "p10": 0.68126, "p20": 0.79796, "p25": 0.82226, "p75": 0.95116, "p80": 0.96238, "p90": 0.99616, "p95": 1}}}