{"efficiency":{"normal":0.8568039643052645,"hard":0.9126530289719044},"luck":{"normal":0.6211633154609876,"hard":0.6169654898435355},"steps":{"normal":[1077,49535,201692,153286,57062,16591,2498],"hard":[222,21654,61632,49459,19968,5991,672]},"unsolvedPenalty":{"normal":732.2966043468758,"hard":180.60099952570096},"average":{"normal":3.5733751053041924,"hard":3.5522537939042205},"percentSolvingInThreeOrFewer":{"normal":0.5237337075316404,"hard":0.5232396395944812},"percentiles":{"normal":{"p5":0.64511,"p10":0.70996,"p20":0.77841,"p25":0.80019,"p75":0.93543,"p80":0.9527,"p90":0.99615,"p95":1},"hard":{"p5":0.7701,"p10":0.82244,"p20":0.86037,"p25":0.87613,"p75":0.96618,"p80":0.97714,"p90":1,"p95":1}}}