{"efficiency":{"normal":0.8249591802796903,"hard":0.8832284445426651},"luck":{"normal":0.6212932929980116,"hard":0.5769340611174699},"steps":{"normal":[718,12731,187562,185540,53780,10181,1406],"hard":[87,6097,61097,70143,14597,1560,115]},"unsolvedPenalty":{"normal":65.64156352468218,"hard":4.971211389826529},"average":{"normal":3.697395637180915,"hard":3.6389949719666737},"percentSolvingInThreeOrFewer":{"normal":0.4447952947216088,"hard":0.4377537476577139},"percentiles":{"normal":{"p5":0.53987,"p10":0.61054,"p20":0.70132,"p25":0.75273,"p75":0.92919,"p80":0.93813,"p90":0.96179,"p95":0.98769},"hard":{"p5":0.65374,"p10":0.73293,"p20":0.81387,"p25":0.84232,"p75":0.95866,"p80":0.96869,"p90":0.98963,"p95":1}}}