{"efficiency":{"normal":0.8712622391706317,"hard":0.8945446587543296},"luck":{"normal":0.47070757915551603,"hard":0.504984647603649},"steps":{"normal":[659,5365,91615,208860,97357,15510,1377],"hard":[74,2231,44031,70700,23958,2405,87]},"unsolvedPenalty":{"normal":229.24916032763758,"hard":8.136430616870609},"average":{"normal":4.0636951758034385,"hard":3.862170619350612},"percentSolvingInThreeOrFewer":{"normal":0.1730548717485197,"hard":0.08212419117295208},"percentiles":{"normal":{"p5":0.65253,"p10":0.71856,"p20":0.80118,"p25":0.82551,"p75":0.94871,"p80":0.95848,"p90":0.9806,"p95":0.99038},"hard":{"p5":0.70873,"p10":0.78044,"p20":0.84264,"p25":0.86083,"p75":0.95491,"p80":0.96419,"p90":0.98367,"p95":0.99633}}}