{"efficiency":{"normal":0.7973176667007369,"hard":0.8483450734666291},"luck":{"normal":0.546152665266369,"hard":0.5268136294447187},"steps":{"normal":[939,13292,138726,228440,104807,20498,2254],"hard":[108,5130,52800,79591,30431,3973,222]},"unsolvedPenalty":{"normal":153.7710566643982,"hard":9.483527336020833},"average":{"normal":3.9697258133446987,"hard":3.858747110547363},"percentSolvingInThreeOrFewer":{"normal":0.3005308906860318,"hard":0.3369307131868451},"percentiles":{"normal":{"p5":0.54565,"p10":0.60921,"p20":0.68819,"p25":0.71161,"p75":0.90085,"p80":0.91559,"p90":0.94697,"p95":0.97028},"hard":{"p5":0.63083,"p10":0.68992,"p20":0.75447,"p25":0.78373,"p75":0.93399,"p80":0.94563,"p90":0.9756,"p95":0.98803}}}