{"efficiency":{"normal":0.785881110300387,"hard":0.8441505692916306},"luck":{"normal":0.5091423241730614,"hard":0.5454078602886636},"steps":{"normal":[1043,9191,60944,107233,105795,66401,15279],"hard":[122,3400,29997,41550,34168,16777,3397]},"unsolvedPenalty":{"normal":592.2469776358894,"hard":99.2193903419165},"average":{"normal":4.51013314094576,"hard":4.288478180244777},"percentSolvingInThreeOrFewer":{"normal":0.14373213391689144,"hard":0.06768520163439332},"percentiles":{"normal":{"p5":0.51635,"p10":0.58827,"p20":0.68034,"p25":0.71418,"p75":0.88154,"p80":0.89514,"p90":0.93032,"p95":0.95834},"hard":{"p5":0.61356,"p10":0.68723,"p20":0.77228,"p25":0.80008,"p75":0.9175,"p80":0.93006,"p90":0.96461,"p95":0.99847}}}