{"efficiency":{"normal":0.8038950310739826,"hard":0.8539064247514704},"luck":{"normal":0.5607826902727675,"hard":0.5117979796882319},"steps":{"normal":[1603,30958,156798,186184,74873,20617,2982],"hard":[134,6310,49655,64581,25785,6598,637]},"unsolvedPenalty":{"normal":487.01147444562366,"hard":57.437951883644914},"average":{"normal":3.7859207223171527,"hard":3.854063654817051},"percentSolvingInThreeOrFewer":{"normal":0.3016755504720152,"hard":0.08937384306091434},"percentiles":{"normal":{"p5":0.52841,"p10":0.60469,"p20":0.69631,"p25":0.70773,"p75":0.91282,"p80":0.92937,"p90":0.96733,"p95":0.99758},"hard":{"p5":0.61274,"p10":0.69842,"p20":0.77408,"p25":0.79567,"p75":0.93696,"p80":0.94885,"p90":0.98596,"p95":0.9989}}}