{"efficiency":{"normal":0.8740288471659573,"hard":0.903303532483564},"luck":{"normal":0.6107389647042714,"hard":0.6165278588171655},"steps":{"normal":[2152,30989,213927,158319,29590,2799,376],"hard":[498,11724,73903,50490,7288,279,13]},"unsolvedPenalty":{"normal":60.329645600863365,"hard":6.108442871633478},"average":{"normal":3.4375803083383736,"hard":3.369087908125052},"percentSolvingInThreeOrFewer":{"normal":0.4242647475491585,"hard":0.14789362429187894},"percentiles":{"normal":{"p5":0.61797,"p10":0.69516,"p20":0.80491,"p25":0.83356,"p75":0.95468,"p80":0.96801,"p90":0.99122,"p95":1},"hard":{"p5":0.69329,"p10":0.78621,"p20":0.85756,"p25":0.87187,"p75":0.96612,"p80":0.97246,"p90":0.99915,"p95":1}}}