{"efficiency":{"normal":0.8326417547643156,"hard":0.8782873284894875},"luck":{"normal":0.5715877879065148,"hard":0.567655553287307},"steps":{"normal":[1318,29951,156880,211112,96669,20481,2547],"hard":[142,11264,58696,70787,25258,3651,177]},"unsolvedPenalty":{"normal":297.2040587191983,"hard":12.897426087290743},"average":{"normal":3.85515822871739,"hard":3.714392689666641},"percentSolvingInThreeOrFewer":{"normal":0.3625514974236836,"hard":0.41242535667009855},"percentiles":{"normal":{"p5":0.56536,"p10":0.63678,"p20":0.7258,"p25":0.75824,"p75":0.93074,"p80":0.9426,"p90":0.99472,"p95":1},"hard":{"p5":0.65974,"p10":0.72389,"p20":0.80318,"p25":0.82809,"p75":0.95258,"p80":0.96608,"p90":0.99707,"p95":1}}}