{"efficiency":{"normal":0.8450171034512811,"hard":0.8847823716244301},"luck":{"normal":0.5871734040875022,"hard":0.6429493684641115},"steps":{"normal":[1582,24511,180686,178057,62399,10647,1073],"hard":[197,24948,64784,45809,13798,1951,78]},"unsolvedPenalty":{"normal":202.27649223782134,"hard":5.746135986295767},"average":{"normal":3.6761896461565278,"hard":3.357247949751595},"percentSolvingInThreeOrFewer":{"normal":0.3386909997428451,"hard":0.14730061078379825},"percentiles":{"normal":{"p5":0.60813,"p10":0.68782,"p20":0.76836,"p25":0.79513,"p75":0.92314,"p80":0.93504,"p90":0.96405,"p95":0.98263},"hard":{"p5":0.70991,"p10":0.74978,"p20":0.81238,"p25":0.82932,"p75":0.95797,"p80":0.97523,"p90":1,"p95":1}}}