{"efficiency":{"normal":0.8457791472138515,"hard":0.8719096328828392},"luck":{"normal":0.6401316725735837,"hard":0.6633976213005514},"steps":{"normal":[1789,42795,252891,147593,25749,3499,550],"hard":[333,21990,85633,38813,7260,649,40]},"unsolvedPenalty":{"normal":106.7115405233968,"hard":2.124672899641176},"average":{"normal":3.3471814213242865,"hard":3.2116352871980816},"percentSolvingInThreeOrFewer":{"normal":0.4724946234509662,"hard":0.17147299971727453},"percentiles":{"normal":{"p5":0.63317,"p10":0.70187,"p20":0.76215,"p25":0.78332,"p75":0.92664,"p80":0.93813,"p90":0.96936,"p95":0.99558},"hard":{"p5":0.70561,"p10":0.71885,"p20":0.75813,"p25":0.79889,"p75":0.95712,"p80":0.97464,"p90":1,"p95":1}}}