{"efficiency":{"normal":0.7991391576102246,"hard":0.9127823110806578},"luck":{"normal":0.6613436049183946,"hard":0.6918794710910989},"steps":{"normal":[2167,57213,173292,140165,63593,21961,3709],"hard":[429,32440,66695,36021,13142,4004,508]},"unsolvedPenalty":{"normal":798.1457392577133,"hard":69.55248068316757},"average":{"normal":3.612020722697586,"hard":3.2776298616549204},"percentSolvingInThreeOrFewer":{"normal":0.37811818468428937,"hard":0.16180270483731},"percentiles":{"normal":{"p5":0.5064,"p10":0.60975,"p20":0.69932,"p25":0.73317,"p75":0.89923,"p80":0.91031,"p90":0.94279,"p95":0.97528},"hard":{"p5":0.7389,"p10":0.80519,"p20":0.86524,"p25":0.88448,"p75":0.98214,"p80":0.98689,"p90":0.99787,"p95":1}}}