{"efficiency":{"normal":0.8422443897176015,"hard":0.9005793639947771,"normal-ps":0.7705655737704918,"hard-ps":0.8301580733944954},"luck":{"normal":0.630562915853028,"hard":0.6525856119823029,"normal-ps":0.6386236338797814,"hard-ps":0.6621628440366972},"steps":{"normal":[1531,23688,229351,149921,48013,13218,2329],"hard":[226,10495,87052,43381,12901,3246,464],"normal-ps":[6,21,163,105,49,15,7],"hard-ps":[12,119,69,14,4]},"unsolvedPenalty":{"normal":491.8222016624959,"hard":72.24613598629577,"normal-ps":2,"hard-ps":null},"average":{"normal":3.567952536202469,"hard":3.4396891598950345,"normal-ps":3.6448087431693987,"hard-ps":3.444954128440367},"percentSolvingInThreeOrFewer":{"normal":0.4064034533182634,"hard":0.15608417463266988,"normal-ps":0.0003033147513138318,"hard-ps":0.00020912753906374718},"percentiles":{"normal":{"p5":0.58218,"p10":0.64963,"p20":0.75887,"p25":0.78887,"p75":0.93042,"p80":0.94305,"p90":0.97893,"p95":1},"hard":{"p5":0.67791,"p10":0.77818,"p20":0.85052,"p25":0.86595,"p75":0.96782,"p80":0.97751,"p90":1,"p95":1},"normal-ps":{"p5":0.45365,"p10":0.52329,"p20":0.603,"p25":0.64603,"p75":0.90599,"p80":0.92314,"p90":0.96294,"p95":0.99681},"hard-ps":{"p5":0.577,"p10":0.61453,"p20":0.70414,"p25":0.75173,"p75":0.92937,"p80":0.94082,"p90":0.97765,"p95":0.99472}}}