{"efficiency":{"normal":0.8293304684699307,"hard":0.8722398848599995},"luck":{"normal":0.529926450893323,"hard":0.58099286953944},"steps":{"normal":[1280,8587,122547,197714,84871,14694,1548],"hard":[123,4563,59760,66795,15996,1127,61]},"unsolvedPenalty":{"normal":125.96667393573493,"hard":7.0302459998700355},"average":{"normal":3.9391914296645836,"hard":3.6571738485999945},"percentSolvingInThreeOrFewer":{"normal":0.22844037172040582,"hard":0.11117800591012675},"percentiles":{"normal":{"p5":0.5671,"p10":0.62597,"p20":0.72142,"p25":0.75868,"p75":0.9278,"p80":0.94012,"p90":0.96818,"p95":0.98061},"hard":{"p5":0.6361,"p10":0.71484,"p20":0.7981,"p25":0.82659,"p75":0.94744,"p80":0.95582,"p90":0.98421,"p95":1}}}