{"efficiency":{"normal":0.8235163258421051,"hard":0.862298211222855},"luck":{"normal":0.40556961095051397,"hard":0.39847442606728867},"steps":{"normal":[1194,2055,32560,135653,153151,89020,23262],"hard":[92,460,12463,49867,52170,26665,6833]},"unsolvedPenalty":{"normal":3879.0787898952894,"hard":904.7126852587887},"average":{"normal":4.772349517407435,"hard":4.710219852713491},"percentSolvingInThreeOrFewer":{"normal":0.061180429231465584,"hard":0.022233609182444724},"percentiles":{"normal":{"p5":0.53684,"p10":0.61516,"p20":0.70917,"p25":0.74427,"p75":0.93197,"p80":0.94244,"p90":0.96707,"p95":0.98206},"hard":{"p5":0.60035,"p10":0.67831,"p20":0.76503,"p25":0.80094,"p75":0.95134,"p80":0.95985,"p90":0.97964,"p95":0.98542}}}