{"efficiency":{"normal":0.8488477393064665,"hard":0.9003697250906579},"luck":{"normal":0.6047415077528403,"hard":0.5814414095665689},"steps":{"normal":[895,35331,170244,167585,55682,7863,562],"hard":[132,9167,55922,59127,18298,2051,78]},"unsolvedPenalty":{"normal":115.8505923540968,"hard":2.6230679931478833},"average":{"normal":3.609598732888749,"hard":3.6401588672077363},"percentSolvingInThreeOrFewer":{"normal":0.3541892177027706,"hard":0.11188344538089022},"percentiles":{"normal":{"p5":0.66352,"p10":0.71164,"p20":0.77638,"p25":0.78949,"p75":0.91985,"p80":0.9304,"p90":0.95839,"p95":0.98307},"hard":{"p5":0.74741,"p10":0.79736,"p20":0.8463,"p25":0.86308,"p75":0.95471,"p80":0.96368,"p90":0.98191,"p95":1}}}