{"efficiency":{"normal":0.8579743890203172,"hard":0.9021633754039894},"luck":{"normal":0.48479144225014753,"hard":0.469173633413009},"steps":{"normal":[829,2376,85569,246869,84406,17725,3330],"hard":[79,565,39028,84709,24034,3409,361]},"unsolvedPenalty":{"normal":117.69328114586416,"hard":3.741140335772557},"average":{"normal":4.084233408178447,"hard":3.9444343472769052},"percentSolvingInThreeOrFewer":{"normal":0.20125412601109943,"hard":0.2606827216874199},"percentiles":{"normal":{"p5":0.6077,"p10":0.68011,"p20":0.77581,"p25":0.80873,"p75":0.94243,"p80":0.95369,"p90":0.97601,"p95":0.99063},"hard":{"p5":0.68632,"p10":0.76647,"p20":0.84878,"p25":0.86771,"p75":0.97138,"p80":0.97969,"p90":0.99548,"p95":1}}}