{"efficiency":{"normal":0.8302492101605087,"hard":0.8908963370729703},"luck":{"normal":0.6481542944254529,"hard":0.67501908719148},"steps":{"normal":[1191,61395,148082,178835,71900,13042,1779],"hard":[125,23792,74430,46624,11796,1387,60]},"unsolvedPenalty":{"normal":170.24003971247302,"hard":0.5},"average":{"normal":3.636923710093315,"hard":3.319268084568467},"percentSolvingInThreeOrFewer":{"normal":0.33205716438306504,"hard":0.1550127590625596},"percentiles":{"normal":{"p5":0.5,"p10":0.60246,"p20":0.71048,"p25":0.74835,"p75":0.94272,"p80":0.97146,"p90":1,"p95":1},"hard":{"p5":0.60956,"p10":0.68483,"p20":0.78638,"p25":0.83549,"p75":1,"p80":1,"p90":1,"p95":1}}}