{"efficiency":{"normal":0.8130637326124734,"hard":0.8620021645267496},"luck":{"normal":0.4944260912917552,"hard":0.4867582209653034},"steps":{"normal":[1074,6855,68253,168551,113359,26842,3476],"hard":[98,1944,24350,70738,29511,3274,379]},"unsolvedPenalty":{"normal":245.6909496058204,"hard":13.23641579025373},"average":{"normal":4.228612988350389,"hard":4.063537501630839},"percentSolvingInThreeOrFewer":{"normal":0.14688294012638656,"hard":0.050888137475275964},"percentiles":{"normal":{"p5":0.53537,"p10":0.61355,"p20":0.69758,"p25":0.72676,"p75":0.9212,"p80":0.93531,"p90":0.96454,"p95":0.99703},"hard":{"p5":0.63027,"p10":0.68685,"p20":0.7748,"p25":0.80544,"p75":0.94757,"p80":0.95672,"p90":0.98791,"p95":1}}}