{"efficiency":{"normal":0.8204002340706654,"hard":0.8600782902655343},"luck":{"normal":0.409688095632959,"hard":0.41819338053644795},"steps":{"normal":[1385,3621,41394,157036,159002,66612,9911],"hard":[99,1227,17167,56387,50973,20330,2535]},"unsolvedPenalty":{"normal":1633.4188237253518,"hard":251.07568301156758},"average":{"normal":4.590584778003053,"hard":4.516309281261977},"percentSolvingInThreeOrFewer":{"normal":0.0789635334334997,"hard":0.03146732370352346},"percentiles":{"normal":{"p5":0.5583,"p10":0.63943,"p20":0.75009,"p25":0.78069,"p75":0.90161,"p80":0.91195,"p90":0.93588,"p95":0.95285},"hard":{"p5":0.63364,"p10":0.70636,"p20":0.80003,"p25":0.8245,"p75":0.93153,"p80":0.94096,"p90":0.96051,"p95":0.97115}}}