{"efficiency":{"normal":0.8280121831164298,"hard":0.8740887190361386},"luck":{"normal":0.6401626985390177,"hard":0.6293190959114586},"steps":{"normal":[1650,13763,223523,214461,42395,4481,1084],"hard":[177,5432,74567,69943,9630,314,39]},"unsolvedPenalty":{"normal":96.74473986599438,"hard":4.000473941240287},"average":{"normal":3.5961166791323858,"hard":3.527594218830025},"percentSolvingInThreeOrFewer":{"normal":0.3612348654005179,"hard":0.12121285418628804},"percentiles":{"normal":{"p5":0.54355,"p10":0.59811,"p20":0.66667,"p25":0.74468,"p75":0.94018,"p80":0.95139,"p90":0.97742,"p95":0.99439},"hard":{"p5":0.6068,"p10":0.65347,"p20":0.80444,"p25":0.84048,"p75":0.95817,"p80":0.96776,"p90":0.98638,"p95":1}}}