{"efficiency":{"normal":0.8439761374102004,"hard":0.8797451124296689},"luck":{"normal":0.5429855933470171,"hard":0.564828543186475},"steps":{"normal":[1114,8964,130147,194993,88883,21612,2493],"hard":[99,4364,55434,62113,22940,4531,335]},"unsolvedPenalty":{"normal":253.09213597720023,"hard":14.534865855992882},"average":{"normal":3.968006782383651,"hard":3.7877418622811643},"percentSolvingInThreeOrFewer":{"normal":0.23448993139335203,"hard":0.10017105678985097},"percentiles":{"normal":{"p5":0.59247,"p10":0.65748,"p20":0.76129,"p25":0.79492,"p75":0.93039,"p80":0.9438,"p90":0.9721,"p95":0.99419},"hard":{"p5":0.6439,"p10":0.71775,"p20":0.817,"p25":0.84563,"p75":0.95108,"p80":0.95932,"p90":0.98325,"p95":0.9998}}}