{"efficiency":{"normal":0.8595850231175769,"hard":0.9022110207930751},"luck":{"normal":0.7226634001427884,"hard":0.691925623990788},"steps":{"normal":[9758,87206,202527,104179,27214,6483,1042],"hard":[2726,24194,67781,42318,11435,2391,262]},"unsolvedPenalty":{"normal":171.46705444301696,"hard":50.91353651973494},"average":{"normal":3.169836067069485,"hard":3.28786695608439},"percentSolvingInThreeOrFewer":{"normal":0.5080294273806273,"hard":0.16064282915393735},"percentiles":{"normal":{"p5":0.60989,"p10":0.66809,"p20":0.76706,"p25":0.79825,"p75":0.95335,"p80":1,"p90":1,"p95":1},"hard":{"p5":0.69118,"p10":0.76957,"p20":0.83271,"p25":0.85076,"p75":0.99862,"p80":1,"p90":1,"p95":1}}}