{"efficiency":{"normal":0.84058785344466,"hard":0.8851174741145861},"luck":{"normal":0.6379045016078575,"hard":0.5910925894042373},"steps":{"normal":[823,15802,208220,190785,37103,4536,478],"hard":[75,4208,64169,70308,11241,624,37]},"unsolvedPenalty":{"normal":36.40300852844417,"hard":2.309664191517291},"average":{"normal":3.5736293888393713,"hard":3.600096904369989},"percentSolvingInThreeOrFewer":{"normal":0.36956621785094407,"hard":0.11251183400831011},"percentiles":{"normal":{"p5":0.57149,"p10":0.62062,"p20":0.72604,"p25":0.78296,"p75":0.93521,"p80":0.95042,"p90":0.97795,"p95":0.99535},"hard":{"p5":0.63712,"p10":0.70036,"p20":0.82862,"p25":0.85042,"p75":0.9601,"p80":0.9699,"p90":0.99124,"p95":1}}}