{"efficiency":{"normal":0.8237091736724487,"hard":0.8828540510858514},"luck":{"normal":0.6121004382989946,"hard":0.5697732509059624},"steps":{"normal":[1050,15125,167348,162810,61541,19815,4566],"hard":[87,7567,51760,60769,24225,7487,1533]},"unsolvedPenalty":{"normal":512.7729501447029,"hard":114.2968753953464},"average":{"normal":3.7907472782710485,"hard":3.837774069922048},"percentSolvingInThreeOrFewer":{"normal":0.3133534805101675,"hard":0.10144274274787003},"percentiles":{"normal":{"p5":0.55002,"p10":0.62885,"p20":0.73759,"p25":0.77167,"p75":0.91459,"p80":0.92662,"p90":0.95363,"p95":0.97815},"hard":{"p5":0.68204,"p10":0.74732,"p20":0.82015,"p25":0.8448,"p75":0.94996,"p80":0.96,"p90":0.98847,"p95":1}}}