{"efficiency":{"normal":0.8380806269769919,"hard":0.8954123533381398,"normal-ps":0.7963149624060151,"hard-ps":0.839525008766803},"luck":{"normal":0.6504440129191223,"hard":0.6380343495313626,"normal-ps":0.6440877551020409,"hard-ps":0.6548847165400351},"steps":{"normal":[1343,26845,247405,180517,44943,8381,1126],"hard":[196,10814,86565,57474,15034,3080,212],"normal-ps":[9,160,1347,944,274,54,5],"hard-ps":[1,128,963,485,110,19,4]},"unsolvedPenalty":{"normal":106.52078401685415,"hard":11.815215196526866,"normal-ps":null,"hard-ps":null},"average":{"normal":3.5276431219775892,"hard":3.4972573900504687,"normal-ps":3.5338345864661656,"hard-ps":3.375803623611923},"percentSolvingInThreeOrFewer":{"normal":0.4003152053919005,"hard":0.14173348439951194,"normal-ps":0.0022020800650746617,"hard-ps":0.0015876474347800826},"percentiles":{"normal":{"p5":0.60237,"p10":0.66916,"p20":0.75,"p25":0.7796,"p75":0.9163,"p80":0.92795,"p90":0.95413,"p95":0.98934},"hard":{"p5":0.72356,"p10":0.76647,"p20":0.83333,"p25":0.85789,"p75":0.95915,"p80":0.96857,"p90":0.9959,"p95":1},"normal-ps":{"p5":0.50663,"p10":0.56818,"p20":0.63428,"p25":0.67708,"p75":0.91099,"p80":0.93524,"p90":0.99959,"p95":1},"hard-ps":{"p5":0.56952,"p10":0.62118,"p20":0.68591,"p25":0.73663,"p75":0.96771,"p80":0.99749,"p90":1,"p95":1}}}