{"efficiency":{"normal":0.8059827735373034,"hard":0.8576083286457379,"normal-ps":0.7399617419354839,"hard-ps":0.7675257957681693},"luck":{"normal":0.49566840772351395,"hard":0.47678331647905753,"normal-ps":0.5239222521994135,"hard-ps":0.5165968905243791},"steps":{"normal":[1260,8689,79874,184080,126218,33850,2823],"hard":[104,3293,25235,67336,50529,11140,582],"normal-ps":[8,39,355,653,495,149,6],"hard-ps":[1,27,207,466,313,72,1]},"unsolvedPenalty":{"normal":243.84700556350424,"hard":6,"normal-ps":0.5,"hard-ps":null},"average":{"normal":4.22557441002207,"hard":4.264443587685423,"normal-ps":4.204105571847507,"hard-ps":4.179392824287029},"percentSolvingInThreeOrFewer":{"normal":0.150255851805014,"hard":0.047895056431256244,"normal-ps":0.0006724578333810075,"hard-ps":0.00039310345981228054},"percentiles":{"normal":{"p5":0.55863,"p10":0.63354,"p20":0.71584,"p25":0.74383,"p75":0.89792,"p80":0.91188,"p90":0.94457,"p95":0.96701},"hard":{"p5":0.64145,"p10":0.71317,"p20":0.78876,"p25":0.80981,"p75":0.93515,"p80":0.94505,"p90":0.96668,"p95":0.98028},"normal-ps":{"p5":0.46861,"p10":0.54406,"p20":0.61115,"p25":0.64409,"p75":0.85315,"p80":0.8744,"p90":0.92176,"p95":0.95146},"hard-ps":{"p5":0.51747,"p10":0.5759,"p20":0.65321,"p25":0.67704,"p75":0.87261,"p80":0.88823,"p90":0.92837,"p95":0.9587}}}