{"efficiency":{"normal":0.8422634087918703,"hard":0.883654783581939,"normal-ps":0.7621958773291926,"hard-ps":0.7974714460784313},"luck":{"normal":0.44747201164772316,"hard":0.42807549847744397,"normal-ps":0.46345500776397514,"hard-ps":0.4545323774509804},"steps":{"normal":[771,2635,60200,187560,124889,31699,4171],"hard":[113,944,22586,66590,46137,11166,1224],"normal-ps":[1,7,234,564,349,119,14],"hard-ps":[2,7,178,341,217,64,7]},"unsolvedPenalty":{"normal":1009.5567351595115,"hard":278.01179851039353,"normal-ps":3.0044336363067097,"hard-ps":2.309664191517291},"average":{"normal":4.312791617911955,"hard":4.309888883660587,"normal-ps":4.282608695652174,"hard-ps":4.197303921568627},"percentSolvingInThreeOrFewer":{"normal":0.11301846327157587,"hard":0.04201367110109756,"normal-ps":0.00042999824091628715,"hard-ps":0.00033227136798076736},"percentiles":{"normal":{"p5":0.53914,"p10":0.62688,"p20":0.74789,"p25":0.78861,"p75":0.94326,"p80":0.95455,"p90":0.97959,"p95":0.99156},"hard":{"p5":0.64135,"p10":0.7245,"p20":0.82708,"p25":0.8537,"p75":0.95635,"p80":0.96457,"p90":0.98571,"p95":0.99602},"normal-ps":{"p5":0.50621,"p10":0.57673,"p20":0.62775,"p25":0.65114,"p75":0.87584,"p80":0.89557,"p90":0.95618,"p95":0.97889},"hard-ps":{"p5":0.5368,"p10":0.60592,"p20":0.67136,"p25":0.69635,"p75":0.9019,"p80":0.91928,"p90":0.96124,"p95":0.98673}}}