{"efficiency":{"normal":0.8188320129072295,"hard":0.8833621366988744},"luck":{"normal":0.7023679705995052,"hard":0.6574019066402838},"steps":{"normal":[1345,74400,247088,126455,26302,3976,624],"hard":[142,16377,80203,51718,6697,497,20]},"unsolvedPenalty":{"normal":65.11347854430723,"hard":0},"average":{"normal":3.2410765604045015,"hard":3.321214729917253},"percentSolvingInThreeOrFewer":{"normal":0.5077250680976076,"hard":0.15211715933896566},"percentiles":{"normal":{"p5":0.57766,"p10":0.62039,"p20":0.66745,"p25":0.70805,"p75":0.92758,"p80":0.94585,"p90":1,"p95":1},"hard":{"p5":0.64635,"p10":0.72308,"p20":0.81404,"p25":0.83659,"p75":0.96627,"p80":0.97698,"p90":1,"p95":1}}}