{"efficiency":{"normal":0.8571200996340378,"hard":0.8873833334239278},"luck":{"normal":0.47885313405426794,"hard":0.47837542235147035},"steps":{"normal":[407,2851,68453,165885,56750,8124,839],"hard":[42,1022,24050,61739,21495,1984,50]},"unsolvedPenalty":{"normal":126.67132448237766,"hard":1.6230679931478835},"average":{"normal":3.99768883320695,"hard":3.994047942599337},"percentSolvingInThreeOrFewer":{"normal":0.1733467733163158,"hard":0.06070714615498041},"percentiles":{"normal":{"p5":0.63754,"p10":0.70333,"p20":0.78032,"p25":0.80624,"p75":0.93579,"p80":0.94746,"p90":0.97439,"p95":0.99119},"hard":{"p5":0.71856,"p10":0.76545,"p20":0.82566,"p25":0.84897,"p75":0.95009,"p80":0.95851,"p90":0.9779,"p95":0.99147}}}