{"efficiency":{"normal":0.8606428386748742,"hard":0.8959913511341592},"luck":{"normal":0.6258547640603245,"hard":0.6202038098078239},"steps":{"normal":[1209,23483,272008,145465,23250,3030,546],"hard":[130,10466,88756,53019,6485,403,17]},"unsolvedPenalty":{"normal":121.96151178936256,"hard":2.624672899641176},"average":{"normal":3.376949106284262,"hard":3.3548257482060007},"percentSolvingInThreeOrFewer":{"normal":0.4722511372354276,"hard":0.15814177800273127},"percentiles":{"normal":{"p5":0.62218,"p10":0.68905,"p20":0.7767,"p25":0.80832,"p75":0.94558,"p80":0.95234,"p90":0.97872,"p95":0.99819},"hard":{"p5":0.71747,"p10":0.77432,"p20":0.83718,"p25":0.84712,"p75":0.96066,"p80":0.97059,"p90":0.99588,"p95":1}}}