{"efficiency":{"normal":0.8006693662600072,"hard":0.8385966984005296},"luck":{"normal":0.5638919444579611,"hard":0.5580252827821723},"steps":{"normal":[1188,11082,122557,190636,84127,19527,2443],"hard":[99,5010,39832,58569,32668,6830,475]},"unsolvedPenalty":{"normal":172.2116578000987,"hard":27.770296985737215},"average":{"normal":3.953135680604312,"hard":3.979977001080252},"percentSolvingInThreeOrFewer":{"normal":0.23446830710373012,"hard":0.07815320406921138},"percentiles":{"normal":{"p5":0.52433,"p10":0.59708,"p20":0.67975,"p25":0.72213,"p75":0.90646,"p80":0.91785,"p90":0.94989,"p95":0.97578},"hard":{"p5":0.61016,"p10":0.67689,"p20":0.75752,"p25":0.78224,"p75":0.92032,"p80":0.93112,"p90":0.96031,"p95":0.98676}}}