{"efficiency":{"normal":0.8456475364190745,"hard":0.8711167732338978,"normal-ps":0.7887206995003568,"hard-ps":0.8193607357859531},"luck":{"normal":0.5134523164503295,"hard":0.5119680867480354,"normal-ps":0.5149619700214133,"hard-ps":0.5118921962095875},"steps":{"normal":[613,3391,103200,189289,88755,18590,1847],"hard":[66,2077,35603,71619,32038,5529,293],"normal-ps":[5,19,361,573,337,90,16],"hard-ps":[1,13,232,403,214,30,4]},"unsolvedPenalty":{"normal":245.2817157467895,"hard":10.178868170960941,"normal-ps":2.1540581055491206,"hard-ps":null},"average":{"normal":4.0438828279442145,"hard":4.025280002173456,"normal-ps":4.0963597430406855,"hard-ps":4.023411371237458},"percentSolvingInThreeOrFewer":{"normal":0.1930899836642214,"hard":0.06799069923256061,"normal-ps":0.0006934150782658499,"hard-ps":0.00044306521883999764},"percentiles":{"normal":{"p5":0.61984,"p10":0.69366,"p20":0.77013,"p25":0.79584,"p75":0.92263,"p80":0.93689,"p90":0.96686,"p95":0.98291},"hard":{"p5":0.66384,"p10":0.7332,"p20":0.80707,"p25":0.83002,"p75":0.94098,"p80":0.9524,"p90":0.97831,"p95":0.99639},"normal-ps":{"p5":0.5152,"p10":0.58677,"p20":0.64298,"p25":0.67597,"p75":0.90909,"p80":0.92582,"p90":0.9552,"p95":0.97856},"hard-ps":{"p5":0.56837,"p10":0.61964,"p20":0.71533,"p25":0.75367,"p75":0.91297,"p80":0.92616,"p90":0.96541,"p95":0.98917}}}