{"efficiency":{"normal":0.8410519598216112,"hard":0.8876400722268378},"luck":{"normal":0.5076570107606072,"hard":0.5120565623911237},"steps":{"normal":[930,3710,94085,206889,90746,17102,2031],"hard":[71,1685,40483,79333,25265,2305,109]},"unsolvedPenalty":{"normal":232.70140753660408,"hard":13.246455845635413},"average":{"normal":4.059485387379452,"hard":3.9063731139281215},"percentSolvingInThreeOrFewer":{"normal":0.1748157145917921,"hard":0.07479428914438095},"percentiles":{"normal":{"p5":0.58961,"p10":0.64902,"p20":0.74961,"p25":0.78659,"p75":0.92774,"p80":0.93926,"p90":0.96505,"p95":0.98443},"hard":{"p5":0.68704,"p10":0.76619,"p20":0.83333,"p25":0.84987,"p75":0.9501,"p80":0.95952,"p90":0.98199,"p95":0.99709}}}