{"efficiency": {"normal": 0.8271985177818004, "hard": 0.8988689712173719}, "luck": {"normal": 0.5902373818072265, "hard": 0.6267867332215643}, "steps": {"normal": [2405, 58149, 144272, 158349, 89274, 35772, 9667], "hard": [223, 23221, 52427, 39150, 22073, 9229, 2372]}, "unsolvedPenalty": {"normal": 2054.532539592489, "hard": 353.22036013550024}, "average": {"normal": 3.847533044659828, "hard": 3.653399376980635}, "percentSolvingInThreeOrFewer": {"normal": 0.4113897101356128, "hard": 0.5102458051716601}, "percentiles": {"normal": {"p5": 0.49075, "p10": 0.58071, "p20": 0.71327, "p25": 0.75426, "p75": 0.9537, "p80": 0.97773, "p90": 1, "p95": 1}, "hard": {"p5": 0.63755, "p10": 0.74084, "p20": 0.82447, "p25": 0.84872, "p75": 0.99885, "p80": 0.99932, "p90": 1, "p95": 1}}}