{"efficiency":{"normal":0.844949881295472,"hard":0.9000793528981103},"luck":{"normal":0.5339783178586889,"hard":0.5469344560863079},"steps":{"normal":[1264,10654,138225,191897,74670,13586,1694],"hard":[81,3881,47318,65569,25125,2724,83]},"unsolvedPenalty":{"normal":320.1757855826115,"hard":8.16635828036803},"average":{"normal":3.865510640120186,"hard":3.8301676980881867},"percentSolvingInThreeOrFewer":{"normal":0.2603189078697114,"hard":0.08891069574067106},"percentiles":{"normal":{"p5":0.62321,"p10":0.69346,"p20":0.76925,"p25":0.79279,"p75":0.92316,"p80":0.93444,"p90":0.96394,"p95":0.99109},"hard":{"p5":0.72495,"p10":0.78388,"p20":0.8442,"p25":0.86458,"p75":0.96214,"p80":0.97136,"p90":0.99042,"p95":0.99964}}}