{"efficiency":{"normal":0.8443773173625063,"hard":0.9033087054606255},"luck":{"normal":0.6846008638171542,"hard":0.6536421901402206},"steps":{"normal":[1268,113158,256947,94089,20312,3512,477],"hard":[290,30587,86156,34393,5909,535,22]},"unsolvedPenalty":{"normal":93.55865668236731,"hard":11.297051953542203},"average":{"normal":3.063266689534637,"hard":3.1058558273271943},"percentSolvingInThreeOrFewer":{"normal":0.5734102047055408,"hard":0.1807022798929071},"percentiles":{"normal":{"p5":0.64579,"p10":0.68569,"p20":0.70791,"p25":0.7489,"p75":0.94047,"p80":0.95738,"p90":1,"p95":1},"hard":{"p5":0.70124,"p10":0.78127,"p20":0.83624,"p25":0.85617,"p75":0.97108,"p80":0.98093,"p90":1,"p95":1}}}