{"efficiency":{"normal":0.8546148191074182,"hard":0.9041441313353639},"luck":{"normal":0.529238801157167,"hard":0.5277081621052787},"steps":{"normal":[475,8575,80748,153089,106547,29347,2492],"hard":[82,3178,27811,56290,37159,9691,724]},"unsolvedPenalty":{"normal":150.09985415295935,"hard":10.5},"average":{"normal":4.185949286081474,"hard":4.17471857237081},"percentSolvingInThreeOrFewer":{"normal":0.1739591990128106,"hard":0.060192207480245556},"percentiles":{"normal":{"p5":0.63115,"p10":0.70358,"p20":0.78042,"p25":0.80322,"p75":0.93551,"p80":0.94577,"p90":0.97532,"p95":1},"hard":{"p5":0.73436,"p10":0.79153,"p20":0.8478,"p25":0.86787,"p75":0.96776,"p80":0.97881,"p90":0.99588,"p95":1}}}