{"efficiency":{"normal":0.8492962509380289,"hard":0.8907065382749111,"normal-ps":0.7618762282608695,"hard-ps":0.79103717112922},"luck":{"normal":0.5127289943040955,"hard":0.5145190741912302,"normal-ps":0.5180169384057971,"hard-ps":0.5463266589057043},"steps":{"normal":[1092,4347,125664,221767,84815,22576,4808],"hard":[92,1565,48681,73751,27478,9215,2027],"normal-ps":[7,27,742,1323,499,127,35],"hard-ps":[4,31,629,714,237,82,21]},"unsolvedPenalty":{"normal":890.6664691737824,"hard":317.69917120944535,"normal-ps":6.270394547334494,"hard-ps":3.6230679931478833},"average":{"normal":4.004190757970289,"hard":3.986947896000835,"normal-ps":4.002173913043478,"hard-ps":3.848661233993015},"percentSolvingInThreeOrFewer":{"normal":0.20732559720917582,"hard":0.07960364224062952,"normal-ps":0.0012271529734738866,"hard-ps":0.0010500381113230164},"percentiles":{"normal":{"p5":0.61802,"p10":0.69582,"p20":0.77775,"p25":0.8014,"p75":0.92679,"p80":0.94155,"p90":0.97139,"p95":0.99352},"hard":{"p5":0.73259,"p10":0.78873,"p20":0.84015,"p25":0.85615,"p75":0.94904,"p80":0.95492,"p90":0.97394,"p95":0.98905},"normal-ps":{"p5":0.4696,"p10":0.53845,"p20":0.61669,"p25":0.63853,"p75":0.89109,"p80":0.9101,"p90":0.9525,"p95":0.98745},"hard-ps":{"p5":0.50756,"p10":0.57654,"p20":0.64814,"p25":0.69588,"p75":0.91284,"p80":0.9301,"p90":0.96572,"p95":0.98686}}}