{"efficiency":{"normal":0.8014501391785962,"hard":0.8717505490843074},"luck":{"normal":0.5419413986198272,"hard":0.5074950875274973},"steps":{"normal":[1381,6829,107123,175032,111179,40144,6069],"hard":[124,2792,32461,56734,42014,15175,1623]},"unsolvedPenalty":{"normal":838.2642428026046,"hard":102.24786857763876},"average":{"normal":4.175688411461241,"hard":4.246428666083592},"percentSolvingInThreeOrFewer":{"normal":0.19265434428940326,"hard":0.059091956826024646},"percentiles":{"normal":{"p5":0.51519,"p10":0.59057,"p20":0.69344,"p25":0.72986,"p75":0.90415,"p80":0.9164,"p90":0.94442,"p95":0.97034},"hard":{"p5":0.65509,"p10":0.72213,"p20":0.80822,"p25":0.83082,"p75":0.94317,"p80":0.95087,"p90":0.97522,"p95":0.98808}}}