{"efficiency":{"normal":0.8149323667591448,"hard":0.8817526087714527},"luck":{"normal":0.5764675745026236,"hard":0.5547508282600054},"steps":{"normal":[723,12751,111992,188551,85713,19182,2444],"hard":[82,5066,44385,61762,28553,3293,255]},"unsolvedPenalty":{"normal":122.73218369389265,"hard":4.3096641915172915},"average":{"normal":3.9746060978590805,"hard":3.866691771794389},"percentSolvingInThreeOrFewer":{"normal":0.22216418359722218,"hard":0.08770836358227772},"percentiles":{"normal":{"p5":0.53792,"p10":0.60819,"p20":0.70458,"p25":0.74044,"p75":0.91675,"p80":0.93003,"p90":0.96174,"p95":0.98524},"hard":{"p5":0.65013,"p10":0.73172,"p20":0.8159,"p25":0.84016,"p75":0.95568,"p80":0.96645,"p90":0.98596,"p95":1}}}