{"efficiency":{"normal":0.8352591108046352,"hard":0.8894016644013851},"luck":{"normal":0.5664996731728638,"hard":0.582394536823916},"steps":{"normal":[1190,28918,159223,160010,71940,18240,2049],"hard":[101,13212,56860,51478,20008,4465,289]},"unsolvedPenalty":{"normal":405.27123968669355,"hard":31.069472028495845},"average":{"normal":3.75515366446321,"hard":3.6306953617506643},"percentSolvingInThreeOrFewer":{"normal":0.3220043810119866,"hard":0.11934346045524429},"percentiles":{"normal":{"p5":0.53903,"p10":0.63746,"p20":0.74787,"p25":0.77863,"p75":0.93228,"p80":0.94315,"p90":0.96809,"p95":0.99727},"hard":{"p5":0.68686,"p10":0.75083,"p20":0.83325,"p25":0.85585,"p75":0.95648,"p80":0.96473,"p90":0.98825,"p95":1}}}