{"efficiency":{"normal":0.7960496939941502,"hard":0.8404685968077179,"normal-ps":0.7371315282940933,"hard-ps":0.7879776269035533},"luck":{"normal":0.4442062940090024,"hard":0.4354168581120828,"normal-ps":0.4540397521685254,"hard-ps":0.44603199873096444},"steps":{"normal":[703,1885,24246,107452,169433,99391,14315],"hard":[62,559,8813,41793,66316,32496,2952],"normal-ps":[3,13,197,641,867,597,102],"hard-ps":[2,11,138,486,615,286,37]},"unsolvedPenalty":{"normal":1268.232377466539,"hard":130.36939223101595,"normal-ps":9.250715081670705,"hard-ps":0.5},"average":{"normal":4.878491195205094,"hard":4.830718851719675,"normal-ps":4.840148698884758,"hard-ps":4.694162436548224},"percentSolvingInThreeOrFewer":{"normal":0.04672251294317537,"hard":0.016424863430785783,"normal-ps":0.0003707997785646393,"hard-ps":0.00026460829268462523},"percentiles":{"normal":{"p5":0.53417,"p10":0.60806,"p20":0.70292,"p25":0.73262,"p75":0.89017,"p80":0.90297,"p90":0.93004,"p95":0.94922},"hard":{"p5":0.61097,"p10":0.68366,"p20":0.7668,"p25":0.79154,"p75":0.92037,"p80":0.93046,"p90":0.95224,"p95":0.96971},"normal-ps":{"p5":0.48178,"p10":0.55898,"p20":0.63256,"p25":0.6575,"p75":0.83746,"p80":0.85257,"p90":0.89104,"p95":0.92527},"hard-ps":{"p5":0.56355,"p10":0.62356,"p20":0.68978,"p25":0.71166,"p75":0.87673,"p80":0.89251,"p90":0.92773,"p95":0.95868}}}