{"efficiency": {"normal": 0.7892481333384433, "hard": 0.8734900981777585}, "luck": {"normal": 0.43111731438892414, "hard": 0.41510486179822803}, "steps": {"normal": [1338, 5494, 42346, 88684, 93987, 103871, 62779], "hard": [134, 1671, 13073, 27430, 31670, 38793, 17389]}, "unsolvedPenalty": {"normal": 4044.9751135413176, "hard": 683.4395257128415}, "average": {"normal": 5.096020253786186, "hard": 5.11623724282201}, "percentSolvingInThreeOrFewer": {"normal": 0.12340808885342247, "hard": 0.11430547019053473}, "percentiles": {"normal": {"p5": 0.4967, "p10": 0.56368, "p20": 0.66118, "p25": 0.69209, "p75": 0.91152, "p80": 0.92268, "p90": 0.95027, "p95": 0.97021}, "hard": {"p5": 0.66193, "p10": 0.7236, "p20": 0.78432, "p25": 0.82407, "p75": 0.94937, "p80": 0.95829, "p90": 0.97563, "p95": 0.98731}}}