{"efficiency": {"normal": 0.8025842035252378, "hard": 0.8489039135553548}, "luck": {"normal": 0.49569358761638715, "hard": 0.5043597572007914}, "steps": {"normal": [812, 4251, 48248, 130224, 85569, 37323, 17576], "hard": [122, 1696, 18791, 43886, 28259, 12807, 7408]}, "unsolvedPenalty": {"normal": 3727.9180157434585, "hard": 1922.2562072606624}, "average": {"normal": 4.486060061220863, "hard": 4.49102192820385}, "percentSolvingInThreeOrFewer": {"normal": 0.16453859995123502, "hard": 0.18243057830024165}, "percentiles": {"normal": {"p5": 0.51976, "p10": 0.5848, "p20": 0.68286, "p25": 0.71727, "p75": 0.91671, "p80": 0.93079, "p90": 0.96024, "p95": 0.98608}, "hard": {"p5": 0.58738, "p10": 0.6609, "p20": 0.74108, "p25": 0.77495, "p75": 0.94926, "p80": 0.96203, "p90": 0.98148, "p95": 1}}}