{"efficiency": {"normal": 0.8255171382340638, "hard": 0.8635836127626084}, "luck": {"normal": 0.5670109403629168, "hard": 0.5666507118675878}, "steps": {"normal": [2065, 16117, 144567, 163064, 57276, 13513, 3866], "hard": [140, 5712, 45547, 43431, 11299, 1577, 108]}, "unsolvedPenalty": {"normal": 500.9707346586281, "hard": 9.878754132902424}, "average": {"normal": 3.783765421293733, "hard": 3.6048368370910353}, "percentSolvingInThreeOrFewer": {"normal": 0.4063970154918745, "hard": 0.47673771495353107}, "percentiles": {"normal": {"p5": 0.57149, "p10": 0.64338, "p20": 0.73357, "p25": 0.76289, "p75": 0.92057, "p80": 0.93478, "p90": 0.96677, "p95": 0.98751}, "hard": {"p5": 0.66068, "p10": 0.72467, "p20": 0.78763, "p25": 0.80914, "p75": 0.9416, "p80": 0.95428, "p90": 0.98452, "p95": 0.99845}}}