{"efficiency":{"normal":0.8250913117018664,"hard":0.8630509923149615},"luck":{"normal":0.44828800631895116,"hard":0.43687701603713275},"steps":{"normal":[1145,3279,57817,199503,126897,31495,3341],"hard":[90,1081,22927,70151,40818,8338,510]},"unsolvedPenalty":{"normal":397.1820187749989,"hard":38.09579810442156},"average":{"normal":4.304020420885598,"hard":4.230377442396954},"percentSolvingInThreeOrFewer":{"normal":0.10971195127281443,"hard":0.042470620580750226},"percentiles":{"normal":{"p5":0.59199,"p10":0.648,"p20":0.7305,"p25":0.76109,"p75":0.91508,"p80":0.92641,"p90":0.95422,"p95":0.96892},"hard":{"p5":0.65641,"p10":0.7117,"p20":0.79594,"p25":0.817,"p75":0.93496,"p80":0.94722,"p90":0.9683,"p95":0.99008}}}