{"efficiency":{"normal":0.8603451580549626,"hard":0.8846959766279184,"normal-ps":0.7807774407079646,"hard-ps":0.8107112470725996},"luck":{"normal":0.534800310046788,"hard":0.5515927631514137,"normal-ps":0.5412785982300885,"hard-ps":0.5622356030444965},"steps":{"normal":[1058,9582,112009,223988,100690,22151,2223],"hard":[95,4548,41796,73422,34901,7322,332],"normal-ps":[9,58,750,1266,586,142,14],"hard-ps":[3,61,513,776,295,55,4]},"unsolvedPenalty":{"normal":327.1135266200562,"hard":13.240012865380594,"normal-ps":3.1696743378124985,"hard-ps":null},"average":{"normal":4.0319819886665975,"hard":3.9940399960595014,"normal-ps":4.001769911504425,"hard-ps":3.863583138173302},"percentSolvingInThreeOrFewer":{"normal":0.19204668583203371,"hard":0.07271409155533844,"normal-ps":0.0012792569349191734,"hard-ps":0.0009050312220113614},"percentiles":{"normal":{"p5":0.64941,"p10":0.73499,"p20":0.79782,"p25":0.81917,"p75":0.93105,"p80":0.94281,"p90":0.9637,"p95":0.98583},"hard":{"p5":0.71933,"p10":0.76327,"p20":0.82207,"p25":0.83829,"p75":0.94926,"p80":0.9579,"p90":0.98477,"p95":1},"normal-ps":{"p5":0.55032,"p10":0.59125,"p20":0.6505,"p25":0.67996,"p75":0.88607,"p80":0.89506,"p90":0.93668,"p95":0.97933},"hard-ps":{"p5":0.57714,"p10":0.61283,"p20":0.68876,"p25":0.72651,"p75":0.90754,"p80":0.92372,"p90":0.96554,"p95":0.99165}}}