{"efficiency":{"normal":0.8438201294304728,"hard":0.8967312585545478,"normal-ps":0.8005505166802278,"hard-ps":0.8563185974025974},"luck":{"normal":0.6330841553165674,"hard":0.6714033773591608,"normal-ps":0.6433084703010578,"hard-ps":0.6478529675324676},"steps":{"normal":[1239,36477,223624,172668,41354,6853,739],"hard":[150,22049,96501,42654,6936,592,29],"normal-ps":[5,194,1202,806,214,34,3],"hard-ps":[4,170,845,456,62,3]},"unsolvedPenalty":{"normal":55.17982899676031,"hard":4.289355611750128,"normal-ps":null,"hard-ps":null},"average":{"normal":3.495264637797591,"hard":3.2133486466646146,"normal-ps":3.4641985353946296,"hard-ps":3.266883116883117},"percentSolvingInThreeOrFewer":{"normal":0.3984692205069564,"hard":0.1809857061177816,"normal-ps":0.002136077758719268,"hard-ps":0.001553649704593101},"percentiles":{"normal":{"p5":0.56541,"p10":0.64361,"p20":0.75,"p25":0.77612,"p75":0.94755,"p80":0.96094,"p90":1,"p95":1},"hard":{"p5":0.66976,"p10":0.75,"p20":0.82168,"p25":0.84453,"p75":0.97749,"p80":0.9871,"p90":1,"p95":1},"normal-ps":{"p5":0.50081,"p10":0.5614,"p20":0.68215,"p25":0.72562,"p75":0.90817,"p80":0.9273,"p90":0.97834,"p95":1},"hard-ps":{"p5":0.59549,"p10":0.69932,"p20":0.77029,"p25":0.79979,"p75":0.94659,"p80":0.95862,"p90":0.99542,"p95":1}}}