{"efficiency": {"normal": 0.8249124748083981, "hard": 0.8780603821071218}, "luck": {"normal": 0.5209464298567531, "hard": 0.5205481131662067}, "steps": {"normal": [440, 4650, 74445, 140101, 65697, 16541, 2092], "hard": [34, 1413, 22074, 33977, 12570, 2690, 229]}, "unsolvedPenalty": {"normal": 65.04050015177286, "hard": 2.627363530655776}, "average": {"normal": 4.065977907069053, "hard": 3.912828686800809}, "percentSolvingInThreeOrFewer": {"normal": 0.2616575538053598, "hard": 0.32226286873004784}, "percentiles": {"normal": {"p5": 0.57351, "p10": 0.63076, "p20": 0.71176, "p25": 0.74903, "p75": 0.92226, "p80": 0.93464, "p90": 0.96327, "p95": 0.98418}, "hard": {"p5": 0.6489, "p10": 0.70825, "p20": 0.80814, "p25": 0.8375, "p75": 0.95347, "p80": 0.9636, "p90": 0.98298, "p95": 0.99703}}}