{"efficiency": {"normal": 0.844820179248241, "hard": 0.8828921828938125}, "luck": {"normal": 0.599562004935942, "hard": 0.5945670387845848}, "steps": {"normal": [1452, 22397, 101460, 108061, 44838, 10305, 1192], "hard": [217, 6537, 27241, 24217, 8606, 1524, 107]}, "unsolvedPenalty": {"normal": 164.60850459276782, "hard": 8.616538599581126}, "average": {"normal": 3.7189506860585517, "hard": 3.576584267682502}, "percentSolvingInThreeOrFewer": {"normal": 0.432539997583749, "hard": 0.49664713874563543}}