{"efficiency":{"normal":0.8544025035299585,"hard":0.8788594576060637},"luck":{"normal":0.5741151543271101,"hard":0.5948382130219789},"steps":{"normal":[1682,28236,236676,182637,45818,7133,1384],"hard":[246,16474,82556,53735,13584,1993,124]},"unsolvedPenalty":{"normal":274.40968928160294,"hard":15.962180689005205},"average":{"normal":3.5359424776281196,"hard":3.4174448894014},"percentSolvingInThreeOrFewer":{"normal":0.5294122319616495,"hard":0.5884347290056428},"percentiles":{"normal":{"p5":0.64253,"p10":0.71226,"p20":0.78732,"p25":0.80925,"p75":0.92679,"p80":0.93497,"p90":0.95872,"p95":0.97779},"hard":{"p5":0.71466,"p10":0.74911,"p20":0.81881,"p25":0.84278,"p75":0.9381,"p80":0.94853,"p90":0.97376,"p95":1}}}