{"efficiency": {"normal": 0.819255703491931, "hard": 0.8452833863756539}, "luck": {"normal": 0.4077910282480739, "hard": 0.3995491960317513}, "steps": {"normal": [746, 1759, 35607, 122830, 104696, 40111, 7784], "hard": [56, 382, 9962, 30705, 24710, 8461, 1322]}, "unsolvedPenalty": {"normal": 609.9717852839499, "hard": 75.74972144787546}, "average": {"normal": 4.534288166748904, "hard": 4.460061770436359}, "percentSolvingInThreeOrFewer": {"normal": 0.1215565825606874, "hard": 0.13756977697822695}}