{"efficiency":{"normal":0.8808015554397851,"hard":0.9471210423151685},"luck":{"normal":0.6234471012837633,"hard":0.7030695988690582},"steps":{"normal":[1319,28693,150077,145357,85220,25314,3582],"hard":[434,43202,35882,40884,21035,5191,506]},"unsolvedPenalty":{"normal":300.6916752306428,"hard":9.123067993147883},"average":{"normal":3.844360472919942,"hard":3.38043552136148},"percentSolvingInThreeOrFewer":{"normal":0.30695703603709557,"hard":0.13553411362857742},"percentiles":{"normal":{"p5":0.65066,"p10":0.72691,"p20":0.80887,"p25":0.83469,"p75":0.96833,"p80":0.99622,"p90":1,"p95":1},"hard":{"p5":0.76936,"p10":0.84833,"p20":0.90344,"p25":0.92076,"p75":1,"p80":1,"p90":1,"p95":1}}}