{"efficiency":{"normal":0.799350589186381,"hard":0.8349067085980204},"luck":{"normal":0.5534290877735399,"hard":0.5675246398286306},"steps":{"normal":[608,6716,85254,153864,100546,39977,7624],"hard":[86,2590,36281,48884,31851,13168,2515]},"unsolvedPenalty":{"normal":622.6950256307252,"hard":181.65910975515192},"average":{"normal":4.241353793129664,"hard":4.158730979465209},"percentSolvingInThreeOrFewer":{"normal":0.17468937214019528,"hard":0.07351478843341668},"percentiles":{"normal":{"p5":0.53257,"p10":0.6034,"p20":0.6915,"p25":0.72758,"p75":0.89454,"p80":0.90728,"p90":0.93782,"p95":0.95975},"hard":{"p5":0.58275,"p10":0.64729,"p20":0.73299,"p25":0.76882,"p75":0.92334,"p80":0.93295,"p90":0.9625,"p95":0.99007}}}