{"efficiency":{"normal":0.8673395714381705,"hard":0.88861751890968,"normal-ps":0.7443525753198514,"hard-ps":0.7836838007863696},"luck":{"normal":0.5315068900710014,"hard":0.5374153851452187,"normal-ps":0.5645408790755262,"hard-ps":0.5617005307994758},"steps":{"normal":[723,13361,123152,212085,83880,12215,1046],"hard":[93,6044,51961,69708,25707,3158,124],"normal-ps":[7,75,762,1048,428,94,9],"hard-ps":[3,103,521,611,247,40,1]},"unsolvedPenalty":{"normal":167.89979192879778,"hard":12.114341033698997,"normal-ps":2.774828183641203,"hard-ps":null},"average":{"normal":3.9067126570654245,"hard":3.7955267286572534,"normal-ps":3.8765992571192736,"hard-ps":3.7332896461336826},"percentSolvingInThreeOrFewer":{"normal":0.22601969312453374,"hard":0.09568407999117284,"normal-ps":0.0013899479098905335,"hard-ps":0.0010325797861390573},"percentiles":{"normal":{"p5":0.66667,"p10":0.73544,"p20":0.80072,"p25":0.82008,"p75":0.93935,"p80":0.95033,"p90":0.98125,"p95":1},"hard":{"p5":0.7289,"p10":0.78161,"p20":0.82801,"p25":0.84515,"p75":0.94931,"p80":0.96054,"p90":0.98927,"p95":1},"normal-ps":{"p5":0.47317,"p10":0.51816,"p20":0.5921,"p25":0.61598,"p75":0.87687,"p80":0.89329,"p90":0.94355,"p95":0.97919},"hard-ps":{"p5":0.50095,"p10":0.56862,"p20":0.62622,"p25":0.6472,"p75":0.91146,"p80":0.93279,"p90":0.97487,"p95":0.99365}}}