{"efficiency":{"normal":0.8281214958004595,"hard":0.8721384077475195},"luck":{"normal":0.4420095013305475,"hard":0.4671799549895956},"steps":{"normal":[666,3029,36759,138552,151973,48316,5498],"hard":[63,1251,13633,45924,54245,16275,1245]},"unsolvedPenalty":{"normal":414.23678236911684,"hard":46.49227197259153},"average":{"normal":4.558151682414944,"hard":4.550084441629724},"percentSolvingInThreeOrFewer":{"normal":0.07819264069264069,"hard":0.02888644094001237},"percentiles":{"normal":{"p5":0.58612,"p10":0.65814,"p20":0.74244,"p25":0.77079,"p75":0.91452,"p80":0.92687,"p90":0.95829,"p95":0.99185},"hard":{"p5":0.67924,"p10":0.74191,"p20":0.81117,"p25":0.83323,"p75":0.93603,"p80":0.94551,"p90":0.96979,"p95":0.9859}}}