{"efficiency":{"normal":0.8483898966071708,"hard":0.9218030605784999},"luck":{"normal":0.5782754249589459,"hard":0.5631672124866618},"steps":{"normal":[1699,28630,97504,110086,109459,53466,8368],"hard":[426,11063,29778,36688,42093,17616,1971]},"unsolvedPenalty":{"normal":582.2765551259835,"hard":53.115339965739416},"average":{"normal":4.179030145448858,"hard":4.201135802115485},"percentSolvingInThreeOrFewer":{"normal":0.2329148241878973,"hard":0.07518770964174379},"percentiles":{"normal":{"p5":0.54339,"p10":0.6415,"p20":0.75,"p25":0.78463,"p75":0.94577,"p80":0.9603,"p90":0.99805,"p95":1},"hard":{"p5":0.73699,"p10":0.79161,"p20":0.86467,"p25":0.88304,"p75":0.9967,"p80":0.99829,"p90":1,"p95":1}}}