{"efficiency":{"normal":0.8293270756827882,"hard":0.8558556325611285,"normal-ps":0.7447041333333333,"hard-ps":0.7802287818306951},"luck":{"normal":0.4782566836765364,"hard":0.5115525685531923,"normal-ps":0.5187505022222222,"hard-ps":0.523528313833448},"steps":{"normal":[663,6925,95063,193269,112988,35956,4279],"hard":[73,3121,40656,64747,37273,12977,1429],"normal-ps":[1,40,558,953,514,161,23],"hard-ps":[45,455,540,302,99,12]},"unsolvedPenalty":{"normal":660.9448996217832,"hard":195.84774157768084,"normal-ps":3,"hard-ps":1.6230679931478835},"average":{"normal":4.183817914242649,"hard":4.118326397424459,"normal-ps":4.107111111111111,"hard-ps":3.9855471438403303},"percentSolvingInThreeOrFewer":{"normal":0.16742099159885898,"hard":0.07151978940878866,"normal-ps":0.0009769527229906822,"hard-ps":0.00081548641318087},"percentiles":{"normal":{"p5":0.58856,"p10":0.66397,"p20":0.75292,"p25":0.77593,"p75":0.91339,"p80":0.92508,"p90":0.95285,"p95":0.97284},"hard":{"p5":0.641,"p10":0.73462,"p20":0.7936,"p25":0.81389,"p75":0.92448,"p80":0.93349,"p90":0.95744,"p95":0.9807},"normal-ps":{"p5":0.42036,"p10":0.50007,"p20":0.59771,"p25":0.62817,"p75":0.87709,"p80":0.89458,"p90":0.94345,"p95":0.98002},"hard-ps":{"p5":0.45904,"p10":0.53769,"p20":0.62743,"p25":0.66332,"p75":0.90998,"p80":0.92922,"p90":0.97477,"p95":1}}}