{"efficiency":{"normal":0.8120555476446611,"hard":0.8916627495781212},"luck":{"normal":0.6909007417533896,"hard":0.681921558674631},"steps":{"normal":[2424,105767,185613,94061,35006,11670,1425],"hard":[1571,39683,66071,27121,10496,3899,490]},"unsolvedPenalty":{"normal":223.80497540091858,"hard":60.74434916931813},"average":{"normal":3.2127248163278415,"hard":3.1235769962231807},"percentSolvingInThreeOrFewer":{"normal":0.5019742046372879,"hard":0.18336952566124323},"percentiles":{"normal":{"p5":0.4802,"p10":0.55884,"p20":0.69252,"p25":0.72847,"p75":0.935,"p80":0.95961,"p90":1,"p95":1},"hard":{"p5":0.61699,"p10":0.69993,"p20":0.80356,"p25":0.83773,"p75":1,"p80":1,"p90":1,"p95":1}}}