{"efficiency":{"normal":0.8264398037087057,"hard":0.8921304023228773},"luck":{"normal":0.5948021771683478,"hard":0.6226777044275766},"steps":{"normal":[1310,45578,169919,158888,71163,16244,1157],"hard":[172,26274,58093,43454,19902,4961,230]},"unsolvedPenalty":{"normal":176.88899408138525,"hard":11.86920397944365},"average":{"normal":3.65743259689096,"hard":3.471715245025672},"percentSolvingInThreeOrFewer":{"normal":0.3511926070511626,"hard":0.13693963666993333},"percentiles":{"normal":{"p5":0.60701,"p10":0.62338,"p20":0.73679,"p25":0.76516,"p75":0.91592,"p80":0.92458,"p90":0.95359,"p95":0.98397},"hard":{"p5":0.67999,"p10":0.75561,"p20":0.82553,"p25":0.84814,"p75":0.97774,"p80":0.99018,"p90":0.99883,"p95":1}}}