{"efficiency":{"normal":0.8599311339099339,"hard":0.9052142489321466},"luck":{"normal":0.6142817789925743,"hard":0.6079202101984951},"steps":{"normal":[1644,33521,192118,151210,69524,17381,2164],"hard":[159,11654,56527,49341,26414,6521,620]},"unsolvedPenalty":{"normal":293.38957898612216,"hard":33.997733263167405},"average":{"normal":3.667462272867262,"hard":3.73802880228514},"percentSolvingInThreeOrFewer":{"normal":0.3672998763746253,"hard":0.11044190011392926},"percentiles":{"normal":{"p5":0.60274,"p10":0.68121,"p20":0.7745,"p25":0.80031,"p75":0.9482,"p80":0.96203,"p90":0.98988,"p95":1},"hard":{"p5":0.70095,"p10":0.7681,"p20":0.83344,"p25":0.86098,"p75":0.98071,"p80":0.98586,"p90":1,"p95":1}}}