{"efficiency":{"normal":0.8428108202286291,"hard":0.8888133697104836},"luck":{"normal":0.5028032094472233,"hard":0.4604740838889961},"steps":{"normal":[1356,15616,110523,187350,86097,18721,2759],"hard":[108,4232,34748,68419,29319,2925,165]},"unsolvedPenalty":{"normal":145.94905894832647,"hard":5.123067993147884},"average":{"normal":3.9602964744538163,"hard":3.9425183851118115},"percentSolvingInThreeOrFewer":{"normal":0.22672373629422038,"hard":0.06951493187565128},"percentiles":{"normal":{"p5":0.54947,"p10":0.62874,"p20":0.71826,"p25":0.75541,"p75":0.9581,"p80":0.97299,"p90":0.99628,"p95":0.99971},"hard":{"p5":0.65606,"p10":0.72411,"p20":0.82536,"p25":0.85205,"p75":0.96629,"p80":0.97215,"p90":0.9919,"p95":0.99879}}}