{"efficiency":{"normal":0.8040204778687805,"hard":0.8681843035248312},"luck":{"normal":0.5359517795030666,"hard":0.5309834683621202},"steps":{"normal":[899,7974,84703,179077,99343,23881,2762],"hard":[75,3268,38848,71466,27406,3557,235]},"unsolvedPenalty":{"normal":162.013898984365,"hard":5.975951810119535},"average":{"normal":4.123611233051964,"hard":3.9266799210261083},"percentSolvingInThreeOrFewer":{"normal":0.17217936239542375,"hard":0.07763158621019571},"percentiles":{"normal":{"p5":0.51535,"p10":0.59182,"p20":0.67506,"p25":0.71738,"p75":0.91241,"p80":0.9255,"p90":0.95176,"p95":0.97443},"hard":{"p5":0.62526,"p10":0.69654,"p20":0.79287,"p25":0.82459,"p75":0.94671,"p80":0.95905,"p90":0.99225,"p95":0.99859}}}