{"efficiency":{"normal":0.8120287881660627,"hard":0.8638091523880879},"luck":{"normal":0.6047167352040673,"hard":0.6104710956285492},"steps":{"normal":[1281,30751,139347,149671,76416,25242,4501],"hard":[158,11526,46242,53962,22935,6899,1090]},"unsolvedPenalty":{"normal":838.5250123091034,"hard":188.53370478106825},"average":{"normal":3.838976901397901,"hard":3.783934235678825},"percentSolvingInThreeOrFewer":{"normal":0.30065348011052145,"hard":0.10162185869040831},"percentiles":{"normal":{"p5":0.56056,"p10":0.64205,"p20":0.73739,"p25":0.74741,"p75":0.89834,"p80":0.90742,"p90":0.94448,"p95":0.97848},"hard":{"p5":0.66071,"p10":0.73197,"p20":0.80108,"p25":0.82523,"p75":0.92838,"p80":0.9448,"p90":0.98666,"p95":1}}}