{"efficiency": {"normal": 0.8369240281993445, "hard": 0.8853031025223144}, "luck": {"normal": 0.5675519571347252, "hard": 0.5777120822242459}, "steps": {"normal": [1895, 20611, 119467, 156585, 76621, 19355, 2984], "hard": [169, 5212, 30383, 33888, 13116, 2340, 157]}, "unsolvedPenalty": {"normal": 503.47685696852756, "hard": 5.5}, "average": {"normal": 3.895382037686265, "hard": 3.7297660235735646}, "percentSolvingInThreeOrFewer": {"normal": 0.35714860710709956, "hard": 0.4194452588987275}, "percentiles": {"normal": {"p5": 0.59148, "p10": 0.65578, "p20": 0.74856, "p25": 0.77766, "p75": 0.92477, "p80": 0.93908, "p90": 0.9631, "p95": 0.99875}, "hard": {"p5": 0.66667, "p10": 0.74864, "p20": 0.82007, "p25": 0.83966, "p75": 0.96236, "p80": 0.97196, "p90": 1, "p95": 1}}}