{"efficiency":{"normal":0.8070768978286277,"hard":0.8587209360081532},"luck":{"normal":0.5129675385064895,"hard":0.49868279756476963},"steps":{"normal":[912,3418,56585,158885,85480,17415,2440],"hard":[66,1285,25190,61310,22071,1823,113]},"unsolvedPenalty":{"normal":196.9675040215964,"hard":5.36920397944365},"average":{"normal":4.181552561973303,"hard":3.9819860895063384},"percentSolvingInThreeOrFewer":{"normal":0.13940109565718836,"hard":0.06073483173836036},"percentiles":{"normal":{"p5":0.53412,"p10":0.60145,"p20":0.6809,"p25":0.72092,"p75":0.91885,"p80":0.93179,"p90":0.9594,"p95":0.9799},"hard":{"p5":0.62918,"p10":0.68634,"p20":0.7781,"p25":0.80496,"p75":0.94151,"p80":0.95363,"p90":0.98882,"p95":1}}}