{"efficiency":{"normal":0.856129890751752,"hard":0.9038988183342982},"luck":{"normal":0.6028272919788233,"hard":0.6100886988466848},"steps":{"normal":[474,19199,135256,139525,54624,26192,5146],"hard":[96,8864,56093,39042,17895,11178,1573]},"unsolvedPenalty":{"normal":258.536594961136,"hard":96.11164637037295},"average":{"normal":3.8481118138468737,"hard":3.7720755221089193},"percentSolvingInThreeOrFewer":{"normal":0.30074345834303906,"hard":0.12627727308020809},"percentiles":{"normal":{"p5":0.55959,"p10":0.64815,"p20":0.75929,"p25":0.79668,"p75":0.97113,"p80":0.97646,"p90":1,"p95":1},"hard":{"p5":0.65208,"p10":0.73004,"p20":0.83855,"p25":0.85548,"p75":0.99392,"p80":1,"p90":1,"p95":1}}}