{"efficiency": {"normal": 0.8386105020048957, "hard": 0.903779700156809}, "luck": {"normal": 0.5677562591905483, "hard": 0.5808085308019187}, "steps": {"normal": [2137, 10817, 137249, 201552, 60202, 11792, 3454], "hard": [45, 7040, 36198, 37179, 7984, 766, 64]}, "unsolvedPenalty": {"normal": 315.67113297763024, "hard": 3.774554830211192}, "average": {"normal": 3.8341998327094555, "hard": 3.5440966727320915}, "percentSolvingInThreeOrFewer": {"normal": 0.35159631369629896, "hard": 0.48482234867153545}, "percentiles": {"normal": {"p5": 0.57127, "p10": 0.63627, "p20": 0.74216, "p25": 0.77572, "p75": 0.93767, "p80": 0.95261, "p90": 0.97764, "p95": 0.99423}, "hard": {"p5": 0.68968, "p10": 0.76064, "p20": 0.84664, "p25": 0.86985, "p75": 0.97679, "p80": 0.98453, "p90": 1, "p95": 1}}}