{"efficiency":{"normal":0.8578642679368316,"hard":0.8896611678874583,"normal-ps":0.8417088851351351,"hard-ps":0.8915142744383728},"luck":{"normal":0.7445111485174709,"hard":0.732822135347882,"normal-ps":0.7206772897897898,"hard-ps":0.7553040315725562},"steps":{"normal":[2009,157584,220646,104177,24242,4747,648],"hard":[384,50082,81976,31563,7042,801,34],"normal-ps":[14,751,1167,544,145,36,7],"hard-ps":[9,679,635,258,55,11]},"unsolvedPenalty":{"normal":115.93691800115981,"hard":2.809664191517291,"normal-ps":null,"hard-ps":null},"average":{"normal":3.014088014099686,"hard":2.9843090939767167,"normal-ps":3.069069069069069,"hard-ps":2.8202792956891316},"percentSolvingInThreeOrFewer":{"normal":0.5508744683070432,"hard":0.19187596342184257,"normal-ps":0.0027989939847706913,"hard-ps":0.0019167024026147123},"percentiles":{"normal":{"p5":0.59475,"p10":0.66667,"p20":0.75858,"p25":0.77521,"p75":0.97954,"p80":1,"p90":1,"p95":1},"hard":{"p5":0.69033,"p10":0.73499,"p20":0.78834,"p25":0.82389,"p75":0.99169,"p80":1,"p90":1,"p95":1},"normal-ps":{"p5":0.50649,"p10":0.59797,"p20":0.72581,"p25":0.75726,"p75":0.99302,"p80":1,"p90":1,"p95":1},"hard-ps":{"p5":0.56946,"p10":0.66643,"p20":0.79288,"p25":0.82963,"p75":1,"p80":1,"p90":1,"p95":1}}}