{"efficiency":{"normal":0.7997923126492551,"hard":0.8697214477542947},"luck":{"normal":0.43302312289147493,"hard":0.455987107977236},"steps":{"normal":[537,3024,55774,147541,102778,50659,9017],"hard":[89,1547,24197,48181,34935,18963,4050]},"unsolvedPenalty":{"normal":2284.228590420439,"hard":1097.4266227184905},"average":{"normal":4.429676119718195,"hard":4.404681615301259},"percentSolvingInThreeOrFewer":{"normal":0.11836695611583552,"hard":0.05153232514856462},"percentiles":{"normal":{"p5":0.54064,"p10":0.5928,"p20":0.66709,"p25":0.70431,"p75":0.9055,"p80":0.91668,"p90":0.944,"p95":0.96695},"hard":{"p5":0.6859,"p10":0.76062,"p20":0.81921,"p25":0.83359,"p75":0.92924,"p80":0.93846,"p90":0.95958,"p95":0.97533}}}