{"efficiency":{"normal":0.8742890179366022,"hard":0.9229397977723971},"luck":{"normal":0.737399448336954,"hard":0.7245410498143664},"steps":{"normal":[3073,164144,205964,88796,20362,3512,692],"hard":[597,39452,83096,27291,4021,391,26]},"unsolvedPenalty":{"normal":208.2021124450667,"hard":5.561261468388929},"average":{"normal":2.9421248101416717,"hard":2.973765940274415},"percentSolvingInThreeOrFewer":{"normal":0.5818057378761564,"hard":0.19198904933101765},"percentiles":{"normal":{"p5":0.65999,"p10":0.70247,"p20":0.78611,"p25":0.81323,"p75":1,"p80":1,"p90":1,"p95":1},"hard":{"p5":0.75666,"p10":0.80701,"p20":0.86964,"p25":0.88648,"p75":0.99727,"p80":1,"p90":1,"p95":1}}}