{"efficiency":{"normal":0.7382120971641827,"hard":0.8286317897358491},"luck":{"normal":0.4755473357521526,"hard":0.4610963491320755},"steps":{"normal":[642,6816,58002,109222,97736,72987,30527],"hard":[88,2604,19738,36617,34006,27123,12324]},"unsolvedPenalty":{"normal":17649.966111649966,"hard":7080.056626277653},"average":{"normal":4.6150034180895405,"hard":4.661811320754717},"percentSolvingInThreeOrFewer":{"normal":0.12874846835719386,"hard":0.044115246410104614},"percentiles":{"normal":{"p5":0.4341,"p10":0.48581,"p20":0.56143,"p25":0.60544,"p75":0.88406,"p80":0.89682,"p90":0.92653,"p95":0.94694},"hard":{"p5":0.53329,"p10":0.59275,"p20":0.71278,"p25":0.74549,"p75":0.93831,"p80":0.94887,"p90":0.96599,"p95":0.97822}}}