{"efficiency":{"normal":0.7624405231880445,"hard":0.8284124468501554},"luck":{"normal":0.5178998643989587,"hard":0.5054771134483373},"steps":{"normal":[967,8818,79873,176678,130226,44982,8045],"hard":[112,3170,25782,60227,48677,15284,2566]},"unsolvedPenalty":{"normal":1012.8688310639623,"hard":351.5799128209555},"average":{"normal":4.32235634953494,"hard":4.3519271195421645},"percentSolvingInThreeOrFewer":{"normal":0.19942213888684998,"hard":0.18652530516371665},"percentiles":{"normal":{"p5":0.47665,"p10":0.55819,"p20":0.65153,"p25":0.6846,"p75":0.86822,"p80":0.882,"p90":0.91949,"p95":0.94641},"hard":{"p5":0.58352,"p10":0.65982,"p20":0.7412,"p25":0.76784,"p75":0.91647,"p80":0.92865,"p90":0.95581,"p95":0.97322}}}