{"efficiency": {"normal": 0.8131089484294474, "hard": 0.8793028595658802}, "luck": {"normal": 0.5032249358666172, "hard": 0.48618409192372614}, "steps": {"normal": [1410, 8551, 72891, 131287, 95074, 43364, 7528], "hard": [126, 2412, 22970, 41659, 30615, 13779, 2226]}, "unsolvedPenalty": {"normal": 1332.114967243483, "hard": 281.46185640576834}, "average": {"normal": 4.309618347335482, "hard": 4.324821480981182}, "percentSolvingInThreeOrFewer": {"normal": 0.23007733855403284, "hard": 0.2241732359584135}, "percentiles": {"normal": {"p5": 0.53463, "p10": 0.62071, "p20": 0.72257, "p25": 0.75389, "p75": 0.90686, "p80": 0.91918, "p90": 0.94424, "p95": 0.96284}, "hard": {"p5": 0.69844, "p10": 0.75698, "p20": 0.81569, "p25": 0.83406, "p75": 0.94557, "p80": 0.95498, "p90": 0.9781, "p95": 0.99877}}}