{"efficiency":{"normal":0.8583434751691409,"hard":0.892339604436989},"luck":{"normal":0.5244590360435694,"hard":0.5420000678278512},"steps":{"normal":[883,11058,158038,220466,61520,7505,929],"hard":[94,4747,58911,69869,15631,1465,103]},"unsolvedPenalty":{"normal":306.4942874724517,"hard":39.72814326939409},"average":{"normal":3.7731676856748804,"hard":3.6689762171552083},"percentSolvingInThreeOrFewer":{"normal":0.278112617343817,"hard":0.10430470618646093},"percentiles":{"normal":{"p5":0.64069,"p10":0.70964,"p20":0.78163,"p25":0.8048,"p75":0.93662,"p80":0.94894,"p90":0.98609,"p95":0.99658},"hard":{"p5":0.74049,"p10":0.79182,"p20":0.8407,"p25":0.85659,"p75":0.9468,"p80":0.95461,"p90":0.97674,"p95":0.99579}}}