{"efficiency":{"normal":0.8369679271347807,"hard":0.8847780226819214,"normal-ps":0.801190825944937,"hard-ps":0.8320154160363086},"luck":{"normal":0.6293789233910518,"hard":0.5753151889430325,"normal-ps":0.6289609426038264,"hard-ps":0.5898038124054463},"steps":{"normal":[1594,28021,207114,177881,41283,5393,549],"hard":[350,10258,62735,70714,14950,824,32],"normal-ps":[6,137,991,792,189,28],"hard-ps":[5,117,577,502,116,5]},"unsolvedPenalty":{"normal":38.51239010055856,"hard":1,"normal-ps":null,"hard-ps":null},"average":{"normal":3.5349548219184608,"hard":3.5768939654579235,"normal-ps":3.515632291180588,"hard-ps":3.470499243570348},"percentSolvingInThreeOrFewer":{"normal":0.37867161894341833,"hard":0.11731745277661809,"normal-ps":0.001813915321826008,"hard-ps":0.0011181012433477775},"percentiles":{"normal":{"p5":0.59287,"p10":0.64784,"p20":0.72813,"p25":0.76039,"p75":0.93876,"p80":0.95365,"p90":0.97789,"p95":0.98965},"hard":{"p5":0.68545,"p10":0.73135,"p20":0.80682,"p25":0.82954,"p75":0.9674,"p80":0.97693,"p90":1,"p95":1},"normal-ps":{"p5":0.53168,"p10":0.59394,"p20":0.66725,"p25":0.70617,"p75":0.91948,"p80":0.93277,"p90":0.96893,"p95":0.98467},"hard-ps":{"p5":0.5901,"p10":0.65677,"p20":0.71822,"p25":0.73772,"p75":0.93963,"p80":0.95062,"p90":0.98028,"p95":1}}}