{"efficiency":{"normal":0.8294289154766326,"hard":0.8675643769271163},"luck":{"normal":0.5970589743537805,"hard":0.5929250863752037},"steps":{"normal":[635,11712,147366,205498,67678,10292,1124],"hard":[86,4678,54219,69302,18439,1748,65]},"unsolvedPenalty":{"normal":115.02519246609336,"hard":2.9419330853543477},"average":{"normal":3.8150051202412705,"hard":3.718805962110706},"percentSolvingInThreeOrFewer":{"normal":0.26940911153355046,"hard":0.09949009282233538},"percentiles":{"normal":{"p5":0.58645,"p10":0.64212,"p20":0.73521,"p25":0.76872,"p75":0.91975,"p80":0.93395,"p90":0.9647,"p95":0.97962},"hard":{"p5":0.6373,"p10":0.71507,"p20":0.79692,"p25":0.82111,"p75":0.942,"p80":0.95215,"p90":0.97636,"p95":0.99524}}}