{"efficiency":{"normal":0.8400241779550051,"hard":0.8639241838819375},"luck":{"normal":0.5998912540931943,"hard":0.6073706672018903},"steps":{"normal":[1241,36149,183281,175333,62369,11596,1235],"hard":[102,11104,63480,58681,17318,2406,116]},"unsolvedPenalty":{"normal":115.97542890839522,"hard":1},"average":{"normal":3.6365222226230824,"hard":3.5846664969616273},"percentSolvingInThreeOrFewer":{"normal":0.35340862501921794,"hard":0.11960936298877671},"percentiles":{"normal":{"p5":0.55878,"p10":0.65651,"p20":0.74041,"p25":0.77028,"p75":0.94546,"p80":0.96125,"p90":0.98672,"p95":1},"hard":{"p5":0.62145,"p10":0.72685,"p20":0.79036,"p25":0.80797,"p75":0.94901,"p80":0.95897,"p90":0.98285,"p95":1}}}