{"efficiency":{"normal":0.8544188256354399,"hard":0.8935280288926793},"luck":{"normal":0.4451550867891501,"hard":0.47783822779963103},"steps":{"normal":[1072,3422,51802,172723,142762,39873,4236],"hard":[96,1292,25739,55356,45524,14494,1129]},"unsolvedPenalty":{"normal":858.1490430841934,"hard":58.54445997826365},"average":{"normal":4.406631032501148,"hard":4.335238625683155},"percentSolvingInThreeOrFewer":{"normal":0.10061516135028095,"hard":0.048489083656224535},"percentiles":{"normal":{"p5":0.6277,"p10":0.70004,"p20":0.78526,"p25":0.81046,"p75":0.93145,"p80":0.94135,"p90":0.96441,"p95":0.98706},"hard":{"p5":0.71559,"p10":0.78106,"p20":0.84189,"p25":0.85896,"p75":0.95514,"p80":0.9637,"p90":0.97731,"p95":0.99007}}}