{"efficiency":{"normal":0.8698620823978707,"hard":0.9285887032331919},"luck":{"normal":0.6634730540215252,"hard":0.6826818246733304},"steps":{"normal":[1046,64733,152534,154358,50863,7712,802],"hard":[133,22937,68332,39829,10620,1345,67]},"unsolvedPenalty":{"normal":126.04548212128682,"hard":2},"average":{"normal":3.497164680013887,"hard":3.29387703819522},"percentSolvingInThreeOrFewer":{"normal":0.3794710366860532,"hard":0.15887497957637048},"percentiles":{"normal":{"p5":0.65444,"p10":0.72113,"p20":0.79238,"p25":0.8136,"p75":0.95551,"p80":0.98531,"p90":1,"p95":1},"hard":{"p5":0.76233,"p10":0.78997,"p20":0.86485,"p25":0.88574,"p75":0.99979,"p80":1,"p90":1,"p95":1}}}