{"efficiency":{"normal":0.8405201129066403,"hard":0.8927057674540465},"luck":{"normal":0.5943151604661292,"hard":0.6087006782360485},"steps":{"normal":[740,21953,137998,160360,72491,15883,1533],"hard":[161,9342,54480,55172,21989,3669,222]},"unsolvedPenalty":{"normal":247.01225595999892,"hard":22.794546658315927},"average":{"normal":3.8131176102725575,"hard":3.6974517023124975},"percentSolvingInThreeOrFewer":{"normal":0.289014149356921,"hard":0.1150833547663027},"percentiles":{"normal":{"p5":0.64328,"p10":0.70742,"p20":0.76893,"p25":0.79085,"p75":0.90994,"p80":0.92207,"p90":0.95103,"p95":0.97874},"hard":{"p5":0.73868,"p10":0.79017,"p20":0.84281,"p25":0.85903,"p75":0.94563,"p80":0.95618,"p90":0.98183,"p95":1}}}