{"efficiency":{"normal":0.7871738980881066,"hard":0.8299429481389904},"luck":{"normal":0.6027271764420316,"hard":0.5847212254719198},"steps":{"normal":[1163,27743,191215,190753,93306,29942,3821],"hard":[141,7878,61484,61676,29745,9766,1153]},"unsolvedPenalty":{"normal":425.99135650079353,"hard":85.58713017175764},"average":{"normal":3.841784336549599,"hard":3.8554412290880147},"percentSolvingInThreeOrFewer":{"normal":0.4091901930130144,"hard":0.40445639333577743},"percentiles":{"normal":{"p5":0.51702,"p10":0.5833,"p20":0.66148,"p25":0.6919,"p75":0.89846,"p80":0.914,"p90":0.95698,"p95":0.99222},"hard":{"p5":0.5973,"p10":0.65414,"p20":0.72603,"p25":0.75236,"p75":0.9214,"p80":0.9382,"p90":0.97191,"p95":0.99909}}}