{"efficiency":{"normal":0.8212077052730249,"hard":0.9193689764719502},"luck":{"normal":0.618530771592484,"hard":0.6421518149589779},"steps":{"normal":[602,30442,150745,127738,58018,24902,6543],"hard":[202,19492,56574,34656,16143,8721,2429]},"unsolvedPenalty":{"normal":958.5937230588137,"hard":281.92568907935987},"average":{"normal":3.7680986884481684,"hard":3.582384349361154},"percentSolvingInThreeOrFewer":{"normal":0.338395900307328,"hard":0.14197214874602343},"percentiles":{"normal":{"p5":0.54501,"p10":0.61949,"p20":0.71855,"p25":0.75324,"p75":0.91767,"p80":0.92997,"p90":0.9616,"p95":0.98936},"hard":{"p5":0.77721,"p10":0.83189,"p20":0.87262,"p25":0.88211,"p75":0.97555,"p80":0.98487,"p90":1,"p95":1}}}