{"efficiency":{"normal":0.8457859936258305,"hard":0.8853462937406222},"luck":{"normal":0.5748922074650691,"hard":0.5964545401923008},"steps":{"normal":[538,11387,92894,124808,38477,5307,505],"hard":[106,4972,37615,39746,8563,702,28]},"unsolvedPenalty":{"normal":93.34073880156181,"hard":4.100043634043625},"average":{"normal":3.7569230740037147,"hard":3.5876913186634334},"percentSolvingInThreeOrFewer":{"normal":0.38266840929336,"hard":0.46541010770505387},"percentiles":{"normal":{"p5":0.59071,"p10":0.66891,"p20":0.75711,"p25":0.7814,"p75":0.91372,"p80":0.92648,"p90":0.95592,"p95":0.97762},"hard":{"p5":0.69088,"p10":0.7576,"p20":0.8142,"p25":0.83048,"p75":0.93882,"p80":0.9493,"p90":0.97298,"p95":0.99558}}}