{"efficiency":{"normal":0.7821015380928227,"hard":0.8324404122409567},"luck":{"normal":0.5647689221151407,"hard":0.5851050918814529},"steps":{"normal":[671,11999,99384,151750,92332,33330,4827],"hard":[67,5979,37227,53103,28995,8283,974]},"unsolvedPenalty":{"normal":238.88271470117792,"hard":28.684329461536812},"average":{"normal":4.109662693380675,"hard":3.98603580182723},"percentSolvingInThreeOrFewer":{"normal":0.21186168302043748,"hard":0.08181422872591837},"percentiles":{"normal":{"p5":0.54052,"p10":0.5994,"p20":0.67031,"p25":0.69876,"p75":0.88272,"p80":0.89414,"p90":0.93018,"p95":0.95434},"hard":{"p5":0.60772,"p10":0.66086,"p20":0.72588,"p25":0.75542,"p75":0.91789,"p80":0.93192,"p90":0.96039,"p95":0.98624}}}