{"efficiency":{"normal":0.8109215807682809,"hard":0.8671077022470703},"luck":{"normal":0.5189641870114501,"hard":0.493551792931643},"steps":{"normal":[750,7825,87038,195655,95454,19680,2578],"hard":[95,3129,28612,71414,33342,2877,221]},"unsolvedPenalty":{"normal":74.50943940519164,"hard":8.034911437809441},"average":{"normal":4.0856424713502255,"hard":4.031347311604733},"percentSolvingInThreeOrFewer":{"normal":0.17426970715384446,"hard":0.058027935933980215},"percentiles":{"normal":{"p5":0.52695,"p10":0.59139,"p20":0.67888,"p25":0.71957,"p75":0.92272,"p80":0.93619,"p90":0.96526,"p95":0.99346},"hard":{"p5":0.62903,"p10":0.69261,"p20":0.7825,"p25":0.81686,"p75":0.94875,"p80":0.95912,"p90":0.97805,"p95":0.99713}}}