{"efficiency": {"normal": 0.7949095808896856, "hard": 0.8632378398294125}, "luck": {"normal": 0.6410436524055564, "hard": 0.6273750419472838}, "steps": {"normal": [1890, 29582, 163956, 154145, 64942, 19177, 4807], "hard": [138, 6691, 35741, 31857, 11218, 2268, 292]}, "unsolvedPenalty": {"normal": 641.8544621325843, "hard": 11.330504089246862}, "average": {"normal": 3.7481610094028324, "hard": 3.6270543677125926}, "percentSolvingInThreeOrFewer": {"normal": 0.44567490461779846, "hard": 0.4826257014908452}, "percentiles": {"normal": {"p5": 0.51307, "p10": 0.60157, "p20": 0.69198, "p25": 0.71747, "p75": 0.9043, "p80": 0.91718, "p90": 0.95753, "p95": 0.98547}, "hard": {"p5": 0.64007, "p10": 0.70888, "p20": 0.78363, "p25": 0.80484, "p75": 0.95609, "p80": 0.96619, "p90": 0.99924, "p95": 1}}}