{"efficiency":{"normal":0.8405914045453736,"hard":0.8856605025262769},"luck":{"normal":0.5556941326339929,"hard":0.5810616140143832},"steps":{"normal":[624,12878,180501,142072,39781,14820,2645],"hard":[136,5847,66619,46838,10231,4951,953]},"unsolvedPenalty":{"normal":114.65053162596493,"hard":20},"average":{"normal":3.6607927835392284,"hard":3.5819140697031164},"percentSolvingInThreeOrFewer":{"normal":0.3668079667535139,"hard":0.13727032433474887},"percentiles":{"normal":{"p5":0.57608,"p10":0.64741,"p20":0.7401,"p25":0.77587,"p75":0.93963,"p80":0.95212,"p90":0.98387,"p95":0.99484},"hard":{"p5":0.66845,"p10":0.73735,"p20":0.82152,"p25":0.84339,"p75":0.95579,"p80":0.96406,"p90":0.98284,"p95":0.99861}}}