{"efficiency":{"normal":0.8034049689527413,"hard":0.857483903057611},"luck":{"normal":0.6169533900195462,"hard":0.5830226325268292},"steps":{"normal":[1523,16450,174155,171040,65780,14975,1683],"hard":[110,6278,51702,58984,26610,4409,158]},"unsolvedPenalty":{"normal":159.13214817306854,"hard":5.043219625454361},"average":{"normal":3.7474635949292097,"hard":3.805427208892906},"percentSolvingInThreeOrFewer":{"normal":0.32353030323441057,"hard":0.0978203763824714},"percentiles":{"normal":{"p5":0.54606,"p10":0.61041,"p20":0.695,"p25":0.72798,"p75":0.90442,"p80":0.91793,"p90":0.95418,"p95":0.98732},"hard":{"p5":0.64339,"p10":0.70846,"p20":0.78179,"p25":0.8078,"p75":0.93315,"p80":0.94386,"p90":0.97305,"p95":0.99695}}}