{"efficiency": {"normal": 0.806506264201048, "hard": 0.8977748089376897}, "luck": {"normal": 0.7771822844924148, "hard": 0.7930741285206765}, "steps": {"normal": [2129, 97471, 184594, 100641, 34701, 9531, 2312], "hard": [199, 31942, 39388, 14310, 3558, 704, 74]}, "unsolvedPenalty": {"normal": 220.07276787055304, "hard": 6.728270472233735}, "average": {"normal": 3.2465930719109424, "hard": 2.9057469173326558}, "percentSolvingInThreeOrFewer": {"normal": 0.6588035115293048, "hard": 0.793224286110341}, "percentiles": {"normal": {"p5": 0.48097, "p10": 0.5, "p20": 0.60924, "p25": 0.67264, "p75": 0.9875, "p80": 1, "p90": 1, "p95": 1}, "hard": {"p5": 0.5, "p10": 0.62265, "p20": 0.833, "p25": 0.87127, "p75": 1, "p80": 1, "p90": 1, "p95": 1}}}