{"efficiency":{"normal":0.8026528524435554,"hard":0.8647790504705424,"normal-ps":0.7527236466002598,"hard-ps":0.797633097165992},"luck":{"normal":0.5555731282704325,"hard":0.5395391502088811,"normal-ps":0.5636315201385881,"hard-ps":0.5557527597840756},"steps":{"normal":[1532,12245,132741,186866,75288,16945,13348],"hard":[186,5066,49529,69103,22467,4251,5703],"normal-ps":[12,70,689,970,395,92,81],"hard-ps":[5,60,520,595,197,57,48]},"unsolvedPenalty":{"normal":6950.108462537664,"hard":4413.174935731212,"normal-ps":40.85507283689334,"hard-ps":41.188548991505066},"average":{"normal":3.940863975068968,"hard":3.885828711078697,"normal-ps":3.946297098310957,"hard-ps":3.832658569500675},"percentSolvingInThreeOrFewer":{"normal":0.24458202783977193,"hard":0.09144658980321198,"normal-ps":0.0012869926936873927,"hard-ps":0.0009765119660273991},"percentiles":{"normal":{"p5":0.51145,"p10":0.58848,"p20":0.67332,"p25":0.72046,"p75":0.91391,"p80":0.92684,"p90":0.95715,"p95":0.98302},"hard":{"p5":0.6345,"p10":0.6961,"p20":0.78576,"p25":0.8119,"p75":0.94375,"p80":0.95367,"p90":0.98069,"p95":1},"normal-ps":{"p5":0.42563,"p10":0.51931,"p20":0.60958,"p25":0.64209,"p75":0.88578,"p80":0.90195,"p90":0.93812,"p95":0.9715},"hard-ps":{"p5":0.52597,"p10":0.58405,"p20":0.66873,"p25":0.70781,"p75":0.91679,"p80":0.92641,"p90":0.9678,"p95":0.9936}}}