{"efficiency":{"normal":0.8393336525733974,"hard":0.8935752717947973},"luck":{"normal":0.6092241266001484,"hard":0.5763309499560508},"steps":{"normal":[908,10478,135734,205181,56673,7990,960],"hard":[96,3399,38853,70409,22472,2316,113]},"unsolvedPenalty":{"normal":106.13500302773814,"hard":3.2321324200813413},"average":{"normal":3.7969994975235086,"hard":3.864796344590619},"percentSolvingInThreeOrFewer":{"normal":0.26480365881973905,"hard":0.07622361133859741},"percentiles":{"normal":{"p5":0.59041,"p10":0.6555,"p20":0.74856,"p25":0.78042,"p75":0.92496,"p80":0.9342,"p90":0.97382,"p95":0.99711},"hard":{"p5":0.67787,"p10":0.75,"p20":0.83343,"p25":0.8528,"p75":0.96887,"p80":0.97449,"p90":0.999,"p95":1}}}