{"efficiency":{"normal":0.8454323135116553,"hard":0.8844353037016615},"luck":{"normal":0.6068899567576369,"hard":0.600372271673986},"steps":{"normal":[919,23351,185054,154572,61174,15232,1856],"hard":[93,11876,61375,51581,21348,5557,506]},"unsolvedPenalty":{"normal":196.37101062599774,"hard":8.69243171294161},"average":{"normal":3.6852602796731495,"hard":3.6590847922697702},"percentSolvingInThreeOrFewer":{"normal":0.3521049763160728,"hard":0.12337341210033373},"percentiles":{"normal":{"p5":0.61982,"p10":0.68294,"p20":0.76454,"p25":0.79452,"p75":0.92392,"p80":0.93699,"p90":0.96976,"p95":0.99204},"hard":{"p5":0.70255,"p10":0.76502,"p20":0.81753,"p25":0.84116,"p75":0.95018,"p80":0.96051,"p90":0.99266,"p95":1}}}