{"efficiency":{"normal":0.8026694435127844,"hard":0.8782312155805099},"luck":{"normal":0.5576487586760026,"hard":0.5341300571129014},"steps":{"normal":[944,9879,75901,150883,131017,48394,8143],"hard":[124,3148,17037,52387,53375,16938,1965]},"unsolvedPenalty":{"normal":224.7351470964755,"hard":24.966427001048253},"average":{"normal":4.342453671145691,"hard":4.465408067542214},"percentSolvingInThreeOrFewer":{"normal":0.15211096163594046,"hard":0.03562264203892707},"percentiles":{"normal":{"p5":0.54744,"p10":0.61936,"p20":0.70663,"p25":0.73519,"p75":0.89379,"p80":0.90974,"p90":0.95193,"p95":0.98078},"hard":{"p5":0.65597,"p10":0.72553,"p20":0.8,"p25":0.82816,"p75":0.95602,"p80":0.96855,"p90":0.99287,"p95":1}}}