{"efficiency":{"normal":0.8597888576870242,"hard":0.8914854299806821},"luck":{"normal":0.5214997795497955,"hard":0.4807858940843019},"steps":{"normal":[416,10072,103567,163218,71924,14918,1314],"hard":[74,3370,30253,58614,29110,4603,282]},"unsolvedPenalty":{"normal":71.49118951415879,"hard":12.837005382096807},"average":{"normal":3.9436888740511282,"hard":4.013182062893878},"percentSolvingInThreeOrFewer":{"normal":0.23194886749555663,"hard":0.06852780523119847},"percentiles":{"normal":{"p5":0.6033,"p10":0.66667,"p20":0.76632,"p25":0.79623,"p75":0.95744,"p80":0.96468,"p90":0.98706,"p95":1},"hard":{"p5":0.67975,"p10":0.73937,"p20":0.8235,"p25":0.85083,"p75":0.96755,"p80":0.97405,"p90":0.98963,"p95":1}}}