{"efficiency": {"normal": 0.7987100729236483, "hard": 0.8653053350314311}, "luck": {"normal": 0.600581729048741, "hard": 0.600918332114567}, "steps": {"normal": [1715, 8158, 124628, 163199, 59605, 19487, 7710], "hard": [158, 3035, 43279, 56821, 14659, 2893, 854]}, "unsolvedPenalty": {"normal": 290.51179321585386, "hard": 14.642580462298524}, "average": {"normal": 3.9373488611066154, "hard": 3.779773396498429}, "percentSolvingInThreeOrFewer": {"normal": 0.34980572272705995, "hard": 0.38186016318950855}, "percentiles": {"normal": {"p5": 0.49406, "p10": 0.57298, "p20": 0.67962, "p25": 0.72208, "p75": 0.90863, "p80": 0.92039, "p90": 0.95236, "p95": 0.97847}, "hard": {"p5": 0.6117, "p10": 0.70519, "p20": 0.80434, "p25": 0.83063, "p75": 0.94064, "p80": 0.95077, "p90": 0.9732, "p95": 0.99663}}}