{"efficiency":{"normal":0.8510440301032818,"hard":0.9020833459269654,"normal-ps":0.8153563609898108,"hard-ps":0.8581385524798154},"luck":{"normal":0.5981810829602735,"hard":0.5881602659902088,"normal-ps":0.5931156222707423,"hard-ps":0.6030565859284891},"steps":{"normal":[593,11433,175668,196395,60162,8729,920],"hard":[63,4173,71642,61191,18165,2125,122],"normal-ps":[3,90,1070,1137,375,66,7],"hard-ps":[2,65,741,688,212,25,1]},"unsolvedPenalty":{"normal":100.05601836419339,"hard":3.809664191517291,"normal-ps":1.5835716938902349,"hard-ps":1.309664191517291},"average":{"normal":3.733736649159294,"hard":3.6347254059065195,"normal-ps":3.7314410480349345,"hard-ps":3.646482122260669},"percentSolvingInThreeOrFewer":{"normal":0.3047657552774679,"hard":0.12321209080443533,"normal-ps":0.001888376337329287,"hard-ps":0.001311958796699969},"percentiles":{"normal":{"p5":0.61236,"p10":0.68978,"p20":0.78441,"p25":0.80633,"p75":0.92763,"p80":0.93975,"p90":0.96958,"p95":0.99102},"hard":{"p5":0.68758,"p10":0.78737,"p20":0.85279,"p25":0.8673,"p75":0.96421,"p80":0.97498,"p90":1,"p95":1},"normal-ps":{"p5":0.54697,"p10":0.60541,"p20":0.69587,"p25":0.73755,"p75":0.91461,"p80":0.93082,"p90":0.96435,"p95":0.99755},"hard-ps":{"p5":0.59089,"p10":0.6667,"p20":0.77191,"p25":0.80079,"p75":0.94703,"p80":0.96124,"p90":0.99491,"p95":1}}}