{"efficiency":{"normal":0.850857701981935,"hard":0.905475702833282},"luck":{"normal":0.5286595005674365,"hard":0.5081624320453968},"steps":{"normal":[1130,11543,123222,200778,93275,19836,2240],"hard":[97,4337,43519,69208,27617,4428,231]},"unsolvedPenalty":{"normal":305.60492315165203,"hard":20.154888926737975},"average":{"normal":3.9728426906885117,"hard":3.8959501599325472},"percentSolvingInThreeOrFewer":{"normal":0.22594439299650357,"hard":0.0797262045884174},"percentiles":{"normal":{"p5":0.60851,"p10":0.68649,"p20":0.77515,"p25":0.80062,"p75":0.93611,"p80":0.94644,"p90":0.97048,"p95":0.9853},"hard":{"p5":0.72364,"p10":0.79128,"p20":0.84991,"p25":0.86696,"p75":0.97193,"p80":0.98185,"p90":0.99909,"p95":1}}}