{"efficiency":{"normal":0.7767519544254248,"hard":0.8339610731586989},"luck":{"normal":0.6087333097195637,"hard":0.6479712593957915},"steps":{"normal":[1142,48649,192558,123790,46390,21010,6874],"hard":[223,27336,62790,33298,12556,7101,2639]},"unsolvedPenalty":{"normal":1665.2928584183528,"hard":535.7386002313541},"average":{"normal":3.5660175150594546,"hard":3.4100779071281253},"percentSolvingInThreeOrFewer":{"normal":0.4133166429044075,"hard":0.15408347033583236},"percentiles":{"normal":{"p5":0.47527,"p10":0.53924,"p20":0.63821,"p25":0.68744,"p75":0.89606,"p80":0.91084,"p90":0.95042,"p95":0.98561},"hard":{"p5":0.56471,"p10":0.64856,"p20":0.74769,"p25":0.78034,"p75":0.92135,"p80":0.93906,"p90":0.98554,"p95":1}}}