{"efficiency": {"normal": 0.8768546438384304, "hard": 0.9139272406199666}, "luck": {"normal": 0.6245000815798939, "hard": 0.6355587916055266}, "steps": {"normal": [1408, 22456, 208875, 121231, 19516, 2324, 501], "hard": [123, 6200, 52975, 21271, 2424, 104, 3]}, "unsolvedPenalty": {"normal": 75.97716966484626, "hard": 0.5}, "average": {"normal": 3.382776419423468, "hard": 3.240643802647413}, "percentSolvingInThreeOrFewer": {"normal": 0.6184751442291083, "hard": 0.7135740072202166}, "percentiles": {"normal": {"p5": 0.61857, "p10": 0.71027, "p20": 0.81006, "p25": 0.83616, "p75": 0.95722, "p80": 0.96518, "p90": 0.98317, "p95": 1}, "hard": {"p5": 0.7468, "p10": 0.81579, "p20": 0.8721, "p25": 0.88976, "p75": 0.96843, "p80": 0.97038, "p90": 0.98864, "p95": 1}}}