{"efficiency":{"normal":0.8145840146602431,"hard":0.8751267809319389},"luck":{"normal":0.6022231486792595,"hard":0.5848421701282942},"steps":{"normal":[791,5241,144009,214535,52514,6657,930],"hard":[88,2263,59913,68972,10766,496,63]},"unsolvedPenalty":{"normal":48.93466553697441,"hard":5.355925978864031},"average":{"normal":3.789988367876502,"hard":3.629490120157404},"percentSolvingInThreeOrFewer":{"normal":0.26452228210186357,"hard":0.10976661043034011},"percentiles":{"normal":{"p5":0.5141,"p10":0.59374,"p20":0.64431,"p25":0.66667,"p75":0.93649,"p80":0.9509,"p90":0.97281,"p95":0.99014},"hard":{"p5":0.61868,"p10":0.66354,"p20":0.81098,"p25":0.84416,"p75":0.95708,"p80":0.96434,"p90":0.98247,"p95":1}}}