{"efficiency":{"normal":0.8546483029699015,"hard":0.9084229828943435},"luck":{"normal":0.5729063103326404,"hard":0.5733779103862889},"steps":{"normal":[1164,16136,164942,184374,70544,15724,2646],"hard":[104,6185,48891,66686,23915,4434,318]},"unsolvedPenalty":{"normal":259.4693273493477,"hard":4.623067993147884},"average":{"normal":3.7949014020814995,"hard":3.8129471551466434},"percentSolvingInThreeOrFewer":{"normal":0.3007035467733207,"hard":0.09104858828654021},"percentiles":{"normal":{"p5":0.65085,"p10":0.71811,"p20":0.78466,"p25":0.80422,"p75":0.92409,"p80":0.93855,"p90":0.97057,"p95":0.98921},"hard":{"p5":0.75826,"p10":0.81127,"p20":0.86125,"p25":0.87636,"p75":0.96641,"p80":0.97243,"p90":0.98681,"p95":0.99923}}}