{"efficiency":{"normal":0.8460522457099197,"hard":0.9149318681164788},"luck":{"normal":0.6179524787541044,"hard":0.6258030841293004},"steps":{"normal":[2273,45742,232974,162037,51369,11350,1743],"hard":[382,23957,77240,45583,14293,2411,200]},"unsolvedPenalty":{"normal":385.1331553830139,"hard":18.55843627261367},"average":{"normal":3.5042368157579746,"hard":3.3504660224316596},"percentSolvingInThreeOrFewer":{"normal":0.5536859984866638,"hard":0.6191349822632355},"percentiles":{"normal":{"p5":0.65517,"p10":0.71016,"p20":0.77451,"p25":0.7985,"p75":0.91757,"p80":0.92931,"p90":0.96411,"p95":0.98816},"hard":{"p5":0.78763,"p10":0.82414,"p20":0.86007,"p25":0.87633,"p75":0.96907,"p80":0.98033,"p90":1,"p95":1}}}