{"efficiency": {"normal": 0.8641419541670963, "hard": 0.9279093838809297}, "luck": {"normal": 0.7315237912061542, "hard": 0.7566582645850052}, "steps": {"normal": [2928, 127376, 183202, 98123, 26747, 6670, 2835], "hard": [220, 34736, 36736, 14294, 3319, 522, 39]}, "unsolvedPenalty": {"normal": 421.4784356528408, "hard": 3.6494057868678285}, "average": {"normal": 3.111986171406362, "hard": 2.8606998131193873}, "percentSolvingInThreeOrFewer": {"normal": 0.6999761097255744, "hard": 0.7977655620590657}, "percentiles": {"normal": {"p5": 0.51975, "p10": 0.67916, "p20": 0.77529, "p25": 0.80541, "p75": 0.99269, "p80": 1, "p90": 1, "p95": 1}, "hard": {"p5": 0.7829, "p10": 0.79173, "p20": 0.8667, "p25": 0.89108, "p75": 1, "p80": 1, "p90": 1, "p95": 1}}}