{"efficiency":{"normal":0.8535118509359428,"hard":0.89882187880581},"luck":{"normal":0.5564038196886797,"hard":0.5289603299916745},"steps":{"normal":[825,12524,102718,184876,102643,27415,2886],"hard":[84,3315,34023,63133,35353,8708,721]},"unsolvedPenalty":{"normal":291.0481299478817,"hard":32.924459100886686},"average":{"normal":4.076053137402223,"hard":4.091552736054824},"percentSolvingInThreeOrFewer":{"normal":0.20038637434805803,"hard":0.06460634876241085},"percentiles":{"normal":{"p5":0.61898,"p10":0.6938,"p20":0.77912,"p25":0.80386,"p75":0.93474,"p80":0.94779,"p90":0.97428,"p95":0.9949},"hard":{"p5":0.71827,"p10":0.78576,"p20":0.84241,"p25":0.86107,"p75":0.96331,"p80":0.97041,"p90":0.98891,"p95":1}}}