{"efficiency":{"normal":0.8612119806482911,"hard":0.8912354464330888,"normal-ps":0.8213132697862507,"hard-ps":0.8463904208600183},"luck":{"normal":0.6438651482058245,"hard":0.637518713192512,"normal-ps":0.6146471634893126,"hard-ps":0.6380063677950595},"steps":{"normal":[947,79970,194037,130821,38207,6809,640],"hard":[181,29202,61095,48379,16474,2704,84],"normal-ps":[1,285,726,521,159,36,3],"hard-ps":[2,259,429,273,105,25]},"unsolvedPenalty":{"normal":124.18621283629048,"hard":3.5,"normal-ps":1.5835716938902349,"hard-ps":null},"average":{"normal":3.327222422818004,"hard":3.3802618264609157,"normal-ps":3.386481802426343,"hard-ps":3.2698993595608417},"percentSolvingInThreeOrFewer":{"normal":0.4489962882342087,"hard":0.14775048703658042,"normal-ps":0.0016525767623539094,"hard-ps":0.00112675688342312},"percentiles":{"normal":{"p5":0.63551,"p10":0.70688,"p20":0.78489,"p25":0.80831,"p75":0.94371,"p80":0.96426,"p90":1,"p95":1},"hard":{"p5":0.70748,"p10":0.7792,"p20":0.82979,"p25":0.84765,"p75":0.96337,"p80":0.97723,"p90":1,"p95":1},"normal-ps":{"p5":0.52873,"p10":0.59497,"p20":0.69827,"p25":0.73539,"p75":0.93941,"p80":0.9625,"p90":1,"p95":1},"hard-ps":{"p5":0.54729,"p10":0.63639,"p20":0.74052,"p25":0.76369,"p75":0.97163,"p80":0.99992,"p90":1,"p95":1}}}