{"efficiency":{"normal":0.8401809796244853,"hard":0.8809027501844111},"luck":{"normal":0.5790621033978466,"hard":0.590600411345261},"steps":{"normal":[1144,15317,148819,183880,56413,8629,844],"hard":[136,5436,53219,61716,16148,1556,64]},"unsolvedPenalty":{"normal":102.95243118548255,"hard":2.9419330853543477},"average":{"normal":3.740905465996237,"hard":3.673729732856998},"percentSolvingInThreeOrFewer":{"normal":0.29871235327604434,"hard":0.10625389682561197},"percentiles":{"normal":{"p5":0.58767,"p10":0.64772,"p20":0.75757,"p25":0.78972,"p75":0.92589,"p80":0.93721,"p90":0.96974,"p95":0.99884},"hard":{"p5":0.6769,"p10":0.75408,"p20":0.82067,"p25":0.83661,"p75":0.9497,"p80":0.95966,"p90":0.9893,"p95":1}}}