{"efficiency":{"normal":0.8560211082290808,"hard":0.9047684562417871},"luck":{"normal":0.5265442399945689,"hard":0.5205245783837057},"steps":{"normal":[1002,10811,158313,185522,60545,9747,1223],"hard":[74,4726,68914,60190,16293,1920,81]},"unsolvedPenalty":{"normal":154.7502081934625,"hard":7.742396376182466},"average":{"normal":3.7648208667315903,"hard":3.6169842312746385},"percentSolvingInThreeOrFewer":{"normal":0.29364583477168227,"hard":0.1272351942116237},"percentiles":{"normal":{"p5":0.59909,"p10":0.65262,"p20":0.77513,"p25":0.81005,"p75":0.9465,"p80":0.95635,"p90":0.97511,"p95":0.99112},"hard":{"p5":0.69827,"p10":0.78914,"p20":0.85949,"p25":0.87504,"p75":0.96586,"p80":0.9731,"p90":0.9932,"p95":1}}}