{"efficiency":{"normal":0.8510593695863475,"hard":0.8970821262732678},"luck":{"normal":0.6472179364253335,"hard":0.6177218126367211},"steps":{"normal":[1568,55906,219011,136908,39671,10447,1511],"hard":[245,19423,67618,43388,13727,4111,512]},"unsolvedPenalty":{"normal":348.0753357775127,"hard":83.20343030169958},"average":{"normal":3.4152029555209578,"hard":3.4347966126716143},"percentSolvingInThreeOrFewer":{"normal":0.4502682174531882,"hard":0.14215036462591238},"percentiles":{"normal":{"p5":0.63152,"p10":0.69936,"p20":0.74984,"p25":0.78051,"p75":0.93909,"p80":0.95815,"p90":0.99703,"p95":1},"hard":{"p5":0.70965,"p10":0.76879,"p20":0.82569,"p25":0.84687,"p75":0.97088,"p80":0.97948,"p90":1,"p95":1}}}