{"efficiency":{"normal":0.8758546591814845,"hard":0.9006409832828058},"luck":{"normal":0.6216662130836206,"hard":0.6082739802732273},"steps":{"normal":[1563,56808,174823,179323,80785,24776,4183],"hard":[231,12410,53875,64305,30625,7810,868]},"unsolvedPenalty":{"normal":442.35403244853353,"hard":49.22355067387597},"average":{"normal":3.713170912690108,"hard":3.8207790996606823},"percentSolvingInThreeOrFewer":{"normal":0.446508546493037,"hard":0.3909853988855188},"percentiles":{"normal":{"p5":0.62696,"p10":0.71986,"p20":0.7943,"p25":0.81905,"p75":0.99045,"p80":1,"p90":1,"p95":1},"hard":{"p5":0.70085,"p10":0.78083,"p20":0.84033,"p25":0.86164,"p75":0.97083,"p80":0.98136,"p90":1,"p95":1}}}