{"efficiency":{"normal":0.8332525684286245,"hard":0.8877303941288585},"luck":{"normal":0.6106863938648599,"hard":0.585405137530154},"steps":{"normal":[1253,20512,179561,161623,52556,13341,2109],"hard":[129,7301,54238,53686,20662,5701,469]},"unsolvedPenalty":{"normal":233.4761473828944,"hard":18.845155789563186},"average":{"normal":3.6730694263968813,"hard":3.7452158073522894},"percentSolvingInThreeOrFewer":{"normal":0.35127113986464203,"hard":0.1075971783853008},"percentiles":{"normal":{"p5":0.58206,"p10":0.63947,"p20":0.74144,"p25":0.7755,"p75":0.91957,"p80":0.93305,"p90":0.95967,"p95":0.98393},"hard":{"p5":0.68416,"p10":0.75314,"p20":0.81426,"p25":0.83989,"p75":0.96377,"p80":0.97004,"p90":0.99226,"p95":1}}}