{"efficiency":{"normal":0.8181160104966261,"hard":0.8900039514899897},"luck":{"normal":0.4809609590964809,"hard":0.4723488366287129},"steps":{"normal":[673,5193,66178,153859,136476,51061,6693],"hard":[75,2033,24354,50684,47349,18153,2353]},"unsolvedPenalty":{"normal":1143.682818920807,"hard":352.4183171777859},"average":{"normal":4.41273162197865,"hard":4.411831642540396},"percentSolvingInThreeOrFewer":{"normal":0.12748081877636533,"hard":0.046824127289714336},"percentiles":{"normal":{"p5":0.5491,"p10":0.62475,"p20":0.72794,"p25":0.76088,"p75":0.90868,"p80":0.92021,"p90":0.94845,"p95":0.96923},"hard":{"p5":0.72106,"p10":0.78033,"p20":0.83783,"p25":0.85626,"p75":0.94779,"p80":0.95581,"p90":0.9725,"p95":0.98415}}}