{"efficiency":{"normal":0.8293867669337058,"hard":0.8822934534457848},"luck":{"normal":0.5514768329877103,"hard":0.5715402212291254},"steps":{"normal":[1030,13573,107626,189141,113562,29798,3367],"hard":[144,4997,42186,65769,29685,5659,357]},"unsolvedPenalty":{"normal":478.79918406901896,"hard":20.080316129993548},"average":{"normal":4.091720329178582,"hard":3.9267564933973995},"percentSolvingInThreeOrFewer":{"normal":0.20140711631777103,"hard":0.0779862089419441},"percentiles":{"normal":{"p5":0.60279,"p10":0.67433,"p20":0.74685,"p25":0.7713,"p75":0.91094,"p80":0.92304,"p90":0.95128,"p95":0.97283},"hard":{"p5":0.70824,"p10":0.76141,"p20":0.81853,"p25":0.84103,"p75":0.94358,"p80":0.95069,"p90":0.97786,"p95":1}}}