{"efficiency":{"normal":0.7759791881701668,"hard":0.8220768900255755},"luck":{"normal":0.4868589449542331,"hard":0.42804981316098706},"steps":{"normal":[900,5006,52650,149034,148283,72977,9546],"hard":[74,1290,12599,39611,53343,34146,3601]},"unsolvedPenalty":{"normal":307.092623230683,"hard":35.71459065171179},"average":{"normal":4.565582538998259,"hard":4.7840671873919955},"percentSolvingInThreeOrFewer":{"normal":0.10043784203729461,"hard":0.023953543810786383},"percentiles":{"normal":{"p5":0.4996,"p10":0.57402,"p20":0.65374,"p25":0.68268,"p75":0.89054,"p80":0.90393,"p90":0.93572,"p95":0.95755},"hard":{"p5":0.57139,"p10":0.64107,"p20":0.71216,"p25":0.73741,"p75":0.9231,"p80":0.93549,"p90":0.96081,"p95":0.97569}}}