{"efficiency":{"normal":0.8308868737381763,"hard":0.8480043393118722},"luck":{"normal":0.5836149372125846,"hard":0.6147408701472556},"steps":{"normal":[755,16262,195379,165350,42909,6523,769],"hard":[105,9335,68547,50962,12017,1575,135]},"unsolvedPenalty":{"normal":60.496270106320985,"hard":4.666287618602245},"average":{"normal":3.5965061502224547,"hard":3.494683796267093},"percentSolvingInThreeOrFewer":{"normal":0.3722173250921352,"hard":0.1366702358274816},"percentiles":{"normal":{"p5":0.56685,"p10":0.64563,"p20":0.73123,"p25":0.76886,"p75":0.92374,"p80":0.93611,"p90":0.96506,"p95":1},"hard":{"p5":0.57405,"p10":0.62598,"p20":0.75568,"p25":0.79628,"p75":0.94295,"p80":0.95407,"p90":0.97715,"p95":0.99523}}}