{"efficiency":{"normal":0.7989952725608621,"hard":0.8744713071569199},"luck":{"normal":0.5968386808612469,"hard":0.5493047747444754},"steps":{"normal":[1834,12088,113236,209801,134259,33970,5513],"hard":[197,3607,24991,74793,53996,7586,905]},"unsolvedPenalty":{"normal":160.23980801572577,"hard":11.272284194434167},"average":{"normal":4.148784200164118,"hard":4.235425393853347},"percentSolvingInThreeOrFewer":{"normal":0.24898717644962512,"hard":0.17338551859099804},"percentiles":{"normal":{"p5":0.48528,"p10":0.56508,"p20":0.66514,"p25":0.70855,"p75":0.91763,"p80":0.93135,"p90":0.96067,"p95":0.9725},"hard":{"p5":0.61832,"p10":0.70604,"p20":0.80505,"p25":0.83869,"p75":0.95711,"p80":0.96295,"p90":0.98978,"p95":1}}}