{"efficiency":{"normal":0.845264535556138,"hard":0.8947936382660687},"luck":{"normal":0.6175567090304727,"hard":0.5820541722807383},"steps":{"normal":[768,15805,230151,141161,35409,6552,1253],"hard":[78,5951,78882,44541,12405,1818,159]},"unsolvedPenalty":{"normal":196.6048940538083,"hard":25.597043759738614},"average":{"normal":3.505800184177014,"hard":3.480919108700942},"percentSolvingInThreeOrFewer":{"normal":0.42913893923213126,"hard":0.1476879406966268},"percentiles":{"normal":{"p5":0.5879,"p10":0.63686,"p20":0.75199,"p25":0.7852,"p75":0.93918,"p80":0.95107,"p90":0.97129,"p95":0.98776},"hard":{"p5":0.65704,"p10":0.73656,"p20":0.8274,"p25":0.85435,"p75":0.97371,"p80":0.98172,"p90":1,"p95":1}}}