{"efficiency":{"normal":0.8272918746204958,"hard":0.8883544948131212},"luck":{"normal":0.659288599629604,"hard":0.6681373583380965},"steps":{"normal":[1290,37945,204776,165092,44364,6692,961],"hard":[205,17020,79979,45856,8645,476,30]},"unsolvedPenalty":{"normal":103.14999380256451,"hard":1},"average":{"normal":3.512350150066793,"hard":3.3103192279138827},"percentSolvingInThreeOrFewer":{"normal":0.397845237299438,"hard":0.15848331836064558},"percentiles":{"normal":{"p5":0.5,"p10":0.59773,"p20":0.7113,"p25":0.75573,"p75":0.94013,"p80":0.94972,"p90":0.99344,"p95":1},"hard":{"p5":0.63572,"p10":0.67305,"p20":0.82086,"p25":0.84851,"p75":0.99481,"p80":0.99553,"p90":1,"p95":1}}}