{"efficiency":{"normal":0.8789660347160737,"hard":0.92481179136251},"luck":{"normal":0.6404713969940428,"hard":0.6333340963272871},"steps":{"normal":[1312,25114,213739,150940,52681,11720,1912],"hard":[141,9712,56947,63996,15350,2548,214]},"unsolvedPenalty":{"normal":162.57451822845786,"hard":3.1230679931478833},"average":{"normal":3.5890801770782095,"hard":3.6244552041851064},"percentSolvingInThreeOrFewer":{"normal":0.3961001692136677,"hard":0.1101719514327087},"percentiles":{"normal":{"p5":0.63418,"p10":0.72518,"p20":0.80161,"p25":0.82899,"p75":0.99322,"p80":1,"p90":1,"p95":1},"hard":{"p5":0.75463,"p10":0.81974,"p20":0.87777,"p25":0.88785,"p75":0.99546,"p80":1,"p90":1,"p95":1}}}