{"efficiency":{"normal":0.8390177160202261,"hard":0.8849145042883688},"luck":{"normal":0.6264614449107017,"hard":0.638340254861128},"steps":{"normal":[1115,41603,259313,183500,39383,6055,780],"hard":[194,18687,90917,55074,10216,1128,75]},"unsolvedPenalty":{"normal":62.34862585218328,"hard":3.1639511562404006},"average":{"normal":3.4509276907447917,"hard":3.3410166369874594},"percentSolvingInThreeOrFewer":{"normal":0.5679954264135899,"hard":0.622822492356388},"percentiles":{"normal":{"p5":0.58492,"p10":0.65428,"p20":0.75563,"p25":0.78952,"p75":0.92511,"p80":0.9325,"p90":0.95758,"p95":0.98017},"hard":{"p5":0.67572,"p10":0.73033,"p20":0.82397,"p25":0.84633,"p75":0.95555,"p80":0.96722,"p90":0.98733,"p95":1}}}