{"efficiency":{"normal":0.8350793711286176,"hard":0.8750225896033241},"luck":{"normal":0.5614239326682179,"hard":0.5521204465239871},"steps":{"normal":[703,12697,166697,176372,73562,24689,4251],"hard":[100,6235,55472,63200,26021,8472,1315]},"unsolvedPenalty":{"normal":424.4069317792837,"hard":108.9663888571731},"average":{"normal":3.8734504073934506,"hard":3.8680282709253317},"percentSolvingInThreeOrFewer":{"normal":0.39239298343468326,"hard":0.3843360383048845},"percentiles":{"normal":{"p5":0.57159,"p10":0.64952,"p20":0.74457,"p25":0.77652,"p75":0.92947,"p80":0.94103,"p90":0.97622,"p95":0.99764},"hard":{"p5":0.66667,"p10":0.73916,"p20":0.80816,"p25":0.83366,"p75":0.94568,"p80":0.95478,"p90":0.98008,"p95":1}}}