{"efficiency":{"normal":0.8579756238226975,"hard":0.9021564097071841},"luck":{"normal":0.48479371013769856,"hard":0.4691776529405162},"steps":{"normal":[829,2377,85575,246894,84403,17725,3332],"hard":[79,565,39031,84714,24037,3410,361]},"unsolvedPenalty":{"normal":117.69328114586416,"hard":3.741140335772557},"average":{"normal":4.084216154422446,"hard":3.944451869224333},"percentSolvingInThreeOrFewer":{"normal":0.20125585138336338,"hard":0.2606818794062958},"percentiles":{"normal":{"p5":0.6077,"p10":0.68011,"p20":0.77581,"p25":0.80873,"p75":0.94243,"p80":0.95369,"p90":0.97601,"p95":0.99063},"hard":{"p5":0.68622,"p10":0.76646,"p20":0.84877,"p25":0.86767,"p75":0.97138,"p80":0.97969,"p90":0.99548,"p95":1}}}
