{"efficiency":{"normal":0.8321839480928129,"hard":0.8706017778222385},"luck":{"normal":0.5282690627650158,"hard":0.5207223563785384},"steps":{"normal":[1245,6994,87345,225262,96935,12551,1242],"hard":[120,2334,33547,78666,28348,1869,63]},"unsolvedPenalty":{"normal":147.20809535720247,"hard":4.119328383034582},"average":{"normal":4.045067172098671,"hard":3.95610119560943},"percentSolvingInThreeOrFewer":{"normal":0.16579679979185638,"hard":0.06244482025931226},"percentiles":{"normal":{"p5":0.57759,"p10":0.63861,"p20":0.72555,"p25":0.75831,"p75":0.93308,"p80":0.94665,"p90":0.968,"p95":0.98476},"hard":{"p5":0.64909,"p10":0.7177,"p20":0.794,"p25":0.82081,"p75":0.94689,"p80":0.95655,"p90":0.9791,"p95":0.996}}}