{"efficiency":{"normal":0.8154049860123311,"hard":0.8736620959394122},"luck":{"normal":0.7207095472390201,"hard":0.6871794342824198},"steps":{"normal":[1337,53690,240789,140042,32023,4647,741],"hard":[160,18115,77293,49096,7485,459,27]},"unsolvedPenalty":{"normal":60.82806910767899,"hard":5.168456730934241},"average":{"normal":3.346281435278507,"hard":3.3084749538122877},"percentSolvingInThreeOrFewer":{"normal":0.4726223494676568,"hard":0.15269079359398766},"percentiles":{"normal":{"p5":0.5,"p10":0.58044,"p20":0.67698,"p25":0.72544,"p75":0.93608,"p80":0.95444,"p90":1,"p95":1},"hard":{"p5":0.60285,"p10":0.66667,"p20":0.79078,"p25":0.82707,"p75":0.97057,"p80":0.98849,"p90":1,"p95":1}}}