{"efficiency":{"normal":0.8144437090985454,"hard":0.8665116133508979},"luck":{"normal":0.5371276904518728,"hard":0.5057856710319613},"steps":{"normal":[1038,6199,96038,193893,96879,21993,3011],"hard":[83,2189,27133,67397,38047,6619,482]},"unsolvedPenalty":{"normal":178.79799410159237,"hard":11.80966419151729},"average":{"normal":4.084315700049635,"hard":4.144301282818962},"percentSolvingInThreeOrFewer":{"normal":0.18409330331598958,"hard":0.05241983640191156},"percentiles":{"normal":{"p5":0.55229,"p10":0.61211,"p20":0.70058,"p25":0.73685,"p75":0.92036,"p80":0.93055,"p90":0.96066,"p95":0.98822},"hard":{"p5":0.63484,"p10":0.69713,"p20":0.78634,"p25":0.81808,"p75":0.94766,"p80":0.95973,"p90":0.97993,"p95":0.99275}}}