{"efficiency":{"normal":0.8270844213815757,"hard":0.8714124402794343,"normal-ps":0.7774965306122449,"hard-ps":0.8129343072702332},"luck":{"normal":0.4675358567206797,"hard":0.4873030964729937,"normal-ps":0.4848472,"hard-ps":0.5010081207133059},"steps":{"normal":[1054,3475,54625,165688,129134,42097,4568],"hard":[93,1530,26497,59146,43640,14488,1330],"normal-ps":[9,19,195,469,379,137,17],"hard-ps":[1,11,157,291,203,63,3]},"unsolvedPenalty":{"normal":740.0578088227514,"hard":78.34038777426869,"normal-ps":3.7376297994393552,"hard-ps":null},"average":{"normal":4.393681173310969,"hard":4.309681376725166,"normal-ps":4.348571428571429,"hard-ps":4.209876543209877},"percentSolvingInThreeOrFewer":{"normal":0.10768891890563476,"hard":0.05119210373496103,"normal-ps":0.0004059542382168597,"hard-ps":0.000307651418200221},"percentiles":{"normal":{"p5":0.59526,"p10":0.67373,"p20":0.76393,"p25":0.78464,"p75":0.90231,"p80":0.91175,"p90":0.9382,"p95":0.95704},"hard":{"p5":0.65627,"p10":0.74889,"p20":0.81997,"p25":0.83791,"p75":0.93517,"p80":0.94428,"p90":0.96392,"p95":0.97809},"normal-ps":{"p5":0.51024,"p10":0.59383,"p20":0.66953,"p25":0.70664,"p75":0.87678,"p80":0.88983,"p90":0.92962,"p95":0.95639},"hard-ps":{"p5":0.57082,"p10":0.62216,"p20":0.72032,"p25":0.75022,"p75":0.89545,"p80":0.90863,"p90":0.93605,"p95":0.96004}}}