{"efficiency":{"normal":0.8670455651191774,"hard":0.891506948754683},"luck":{"normal":0.5459479702720783,"hard":0.599682613181595},"steps":{"normal":[606,18388,120275,182067,89347,23005,2799],"hard":[57,10121,53922,54476,23670,5898,533]},"unsolvedPenalty":{"normal":257.77952669620004,"hard":21.666287618602244},"average":{"normal":3.958949992210625,"hard":3.745737403902419},"percentSolvingInThreeOrFewer":{"normal":0.23800474734649307,"hard":0.10954100439360254},"percentiles":{"normal":{"p5":0.64004,"p10":0.71272,"p20":0.78535,"p25":0.80795,"p75":0.96236,"p80":0.97826,"p90":0.99475,"p95":1},"hard":{"p5":0.71641,"p10":0.76204,"p20":0.82222,"p25":0.84559,"p75":0.96463,"p80":0.96921,"p90":0.99503,"p95":1}}}