{"efficiency":{"normal":0.8028777790053442,"hard":0.8503808198964136,"normal-ps":0.756330643298969,"hard-ps":0.8080557115507339},"luck":{"normal":0.5762235713851932,"hard":0.5641024869213981,"normal-ps":0.5705697360824742,"hard-ps":0.5642202233567326},"steps":{"normal":[771,11173,134492,187200,74393,17998,2091],"hard":[133,4946,58804,62632,21827,4716,434],"normal-ps":[4,55,762,1067,416,104,17],"hard-ps":[4,60,649,618,192,42,2]},"unsolvedPenalty":{"normal":86.24346494147142,"hard":17.03491143780944,"normal-ps":0.5,"hard-ps":null},"average":{"normal":3.8958442335002617,"hard":3.7591322192905308,"normal-ps":3.90680412371134,"hard-ps":3.6802807913209956},"percentSolvingInThreeOrFewer":{"normal":0.2500687311629654,"hard":0.10909044338003637,"normal-ps":0.0014019449638414316,"hard-ps":0.0012175234582447513},"percentiles":{"normal":{"p5":0.53638,"p10":0.59786,"p20":0.67128,"p25":0.71493,"p75":0.90817,"p80":0.92114,"p90":0.94997,"p95":0.97401},"hard":{"p5":0.60576,"p10":0.6555,"p20":0.74639,"p25":0.78543,"p75":0.9444,"p80":0.9538,"p90":0.98379,"p95":1},"normal-ps":{"p5":0.46619,"p10":0.53759,"p20":0.61017,"p25":0.63675,"p75":0.88034,"p80":0.89396,"p90":0.93527,"p95":0.98149},"hard-ps":{"p5":0.52204,"p10":0.58396,"p20":0.64983,"p25":0.69771,"p75":0.92704,"p80":0.94352,"p90":0.9773,"p95":0.99094}}}