{"efficiency":{"normal":0.819509790190582,"hard":0.8578149762677485,"normal-ps":0.7824380729483282,"hard-ps":0.8215743824336688},"luck":{"normal":0.5727901295153169,"hard":0.5484528005409061,"normal-ps":0.5551737021276596,"hard-ps":0.5512108783165599},"steps":{"normal":[631,19883,125247,143653,82674,29177,6484],"hard":[81,8297,45973,50129,28780,11521,3117],"normal-ps":[6,56,484,572,342,158,27],"hard-ps":[83,356,326,228,77,23]},"unsolvedPenalty":{"normal":2486.631957894976,"hard":1166.000843379924,"normal-ps":5.750715081670704,"hard-ps":9.678868170960941},"average":{"normal":3.968336067845327,"hard":3.967836375929682,"normal-ps":4.059574468085106,"hard-ps":3.9139981701738336},"percentSolvingInThreeOrFewer":{"normal":0.26104024255492136,"hard":0.0973389518776337,"normal-ps":0.0009778129583498242,"hard-ps":0.000786190272372844},"percentiles":{"normal":{"p5":0.49668,"p10":0.59655,"p20":0.72441,"p25":0.76041,"p75":0.92368,"p80":0.93819,"p90":0.96566,"p95":0.98666},"hard":{"p5":0.59439,"p10":0.68247,"p20":0.78095,"p25":0.8103,"p75":0.94127,"p80":0.95171,"p90":0.97569,"p95":0.98768},"normal-ps":{"p5":0.48196,"p10":0.56639,"p20":0.6574,"p25":0.69417,"p75":0.90122,"p80":0.91728,"p90":0.94729,"p95":0.97568},"hard-ps":{"p5":0.54129,"p10":0.61169,"p20":0.71065,"p25":0.75094,"p75":0.92482,"p80":0.9417,"p90":0.9713,"p95":0.98681}}}