{"efficiency":{"normal":0.8336187901856987,"hard":0.8672695528605665},"luck":{"normal":0.5078428409377364,"hard":0.5687991901629325},"steps":{"normal":[955,8991,87051,159167,81954,16963,1945],"hard":[84,4580,47349,49280,19463,3345,244]},"unsolvedPenalty":{"normal":233.9741501641209,"hard":15.400573905314674},"average":{"normal":4.033243705010784,"hard":3.757764624515465},"percentSolvingInThreeOrFewer":{"normal":0.20150610231108804,"hard":0.10805297325370034},"percentiles":{"normal":{"p5":0.58525,"p10":0.65537,"p20":0.74753,"p25":0.77752,"p75":0.92175,"p80":0.9329,"p90":0.95661,"p95":0.97733},"hard":{"p5":0.63974,"p10":0.72486,"p20":0.80086,"p25":0.82188,"p75":0.93791,"p80":0.9521,"p90":0.97582,"p95":1}}}