{"efficiency":{"normal":0.8575677522757595,"hard":0.8888863225247576},"luck":{"normal":0.6356065773981862,"hard":0.6001320574545401},"steps":{"normal":[1596,50098,248705,168287,40608,5656,858],"hard":[162,15144,79607,59921,10548,874,30]},"unsolvedPenalty":{"normal":117.33896227967051,"hard":0.5},"average":{"normal":3.420176381448678,"hard":3.4106870091288504},"percentSolvingInThreeOrFewer":{"normal":0.5823853061604318,"hard":0.5707816653235991},"percentiles":{"normal":{"p5":0.61556,"p10":0.68828,"p20":0.77933,"p25":0.80097,"p75":0.94563,"p80":0.95785,"p90":0.98726,"p95":1},"hard":{"p5":0.72091,"p10":0.77116,"p20":0.82735,"p25":0.84356,"p75":0.95414,"p80":0.96404,"p90":0.99354,"p95":1}}}