{"efficiency":{"normal":0.8118650739245137,"hard":0.9068147249526328},"luck":{"normal":0.6540730398067524,"hard":0.6255223501735736},"steps":{"normal":[2124,71102,213364,131574,49590,21130,5399],"hard":[367,24444,62706,42818,18212,7552,1182]},"unsolvedPenalty":{"normal":1392.8416429391816,"hard":174.2447091277619},"average":{"normal":3.475417165700968,"hard":3.510344476799634},"percentSolvingInThreeOrFewer":{"normal":0.4398499010083337,"hard":0.13431711097809906},"percentiles":{"normal":{"p5":0.51829,"p10":0.59384,"p20":0.68289,"p25":0.71545,"p75":0.91955,"p80":0.93548,"p90":0.99225,"p95":1},"hard":{"p5":0.75714,"p10":0.79755,"p20":0.85162,"p25":0.86842,"p75":0.96453,"p80":0.97262,"p90":1,"p95":1}}}