{"efficiency":{"normal":0.8296967662267007,"hard":0.8737294820833944},"luck":{"normal":0.6139121074368435,"hard":0.6676244669696398},"steps":{"normal":[576,17697,156899,186874,53038,7006,667],"hard":[79,15019,67293,49282,10644,896,33]},"unsolvedPenalty":{"normal":84.85353673581967,"hard":2.246135986295767},"average":{"normal":3.702800643391049,"hard":3.406144631301179},"percentSolvingInThreeOrFewer":{"normal":0.30949263878361927,"hard":0.14556710429376316},"percentiles":{"normal":{"p5":0.56656,"p10":0.61879,"p20":0.69958,"p25":0.74545,"p75":0.93608,"p80":0.94874,"p90":0.97503,"p95":0.99568},"hard":{"p5":0.62288,"p10":0.66667,"p20":0.7576,"p25":0.82033,"p75":0.97395,"p80":0.97561,"p90":1,"p95":1}}}