{"efficiency":{"normal":0.8211151614176239,"hard":0.8543571515133881},"luck":{"normal":0.5481793323779903,"hard":0.548907495653692},"steps":{"normal":[594,9306,90356,173594,97620,29815,4151],"hard":[64,3108,32994,55546,32843,11201,1717]},"unsolvedPenalty":{"normal":410.98627180129836,"hard":104.34535806687894},"average":{"normal":4.135159666435642,"hard":4.14022389851098},"percentSolvingInThreeOrFewer":{"normal":0.18466528645526348,"hard":0.0666148473417423},"percentiles":{"normal":{"p5":0.58353,"p10":0.65206,"p20":0.73803,"p25":0.7625,"p75":0.90774,"p80":0.922,"p90":0.95946,"p95":0.97358},"hard":{"p5":0.64532,"p10":0.70869,"p20":0.77981,"p25":0.80185,"p75":0.9308,"p80":0.94464,"p90":0.97022,"p95":0.99151}}}