{"efficiency":{"normal":0.6650725024380405,"hard":0.7497395213688361},"luck":{"normal":0.477635798123124,"hard":0.4677157151148155},"steps":{"normal":[1479,7180,46648,98795,118131,104300,44878],"hard":[117,2423,17280,35261,40096,33755,14075]},"unsolvedPenalty":{"normal":19871.990210667926,"hard":5670.3341258175415},"average":{"normal":4.832915327029625,"hard":4.792059407602159},"percentSolvingInThreeOrFewer":{"normal":0.09800746558196638,"hard":0.03511870700513945},"percentiles":{"normal":{"p5":0.35834,"p10":0.4195,"p20":0.48194,"p25":0.51326,"p75":0.82389,"p80":0.84602,"p90":0.89092,"p95":0.92009},"hard":{"p5":0.46309,"p10":0.51253,"p20":0.58588,"p25":0.62987,"p75":0.89559,"p80":0.9104,"p90":0.94102,"p95":0.96334}}}