{"efficiency":{"normal":0.8018128980795345,"hard":0.8609520008520307},"luck":{"normal":0.509847369156159,"hard":0.5062194296364669},"steps":{"normal":[594,8706,76136,154447,104302,36571,5865],"hard":[76,3149,26952,57702,39564,11961,1433]},"unsolvedPenalty":{"normal":1091.9539354385245,"hard":156.57628680553964},"average":{"normal":4.242713223407695,"hard":4.233406702641295},"percentSolvingInThreeOrFewer":{"normal":0.16198041576218328,"hard":0.057215170674831506},"percentiles":{"normal":{"p5":0.56355,"p10":0.63587,"p20":0.72111,"p25":0.74427,"p75":0.88424,"p80":0.8979,"p90":0.93128,"p95":0.95869},"hard":{"p5":0.6492,"p10":0.72774,"p20":0.7995,"p25":0.81615,"p75":0.93105,"p80":0.94284,"p90":0.96772,"p95":0.98431}}}