{"efficiency":{"normal":0.8316828314658752,"hard":0.8724327545536787},"luck":{"normal":0.5431649014573809,"hard":0.5367336912815112},"steps":{"normal":[970,13661,128652,182453,72206,18499,2664],"hard":[89,5419,49653,63218,23985,5273,482]},"unsolvedPenalty":{"normal":229.886234532212,"hard":21.364595379858187},"average":{"normal":3.894165704305334,"hard":3.829424393405436},"percentSolvingInThreeOrFewer":{"normal":0.25260476349981487,"hard":0.09724979285298732},"percentiles":{"normal":{"p5":0.58733,"p10":0.66,"p20":0.74873,"p25":0.77655,"p75":0.91548,"p80":0.92556,"p90":0.94995,"p95":0.97105},"hard":{"p5":0.65989,"p10":0.72939,"p20":0.81054,"p25":0.83363,"p75":0.93974,"p80":0.94857,"p90":0.97248,"p95":0.99738}}}