{"efficiency":{"normal":0.8427536048736491,"hard":0.8883309678140064},"luck":{"normal":0.4879205587264003,"hard":0.47810493189080866},"steps":{"normal":[890,6904,58232,101388,135038,104243,22384],"hard":[118,2850,21532,33633,45604,35902,8060]},"unsolvedPenalty":{"normal":2324.1815453354484,"hard":539.4152695098492},"average":{"normal":4.730823640181503,"hard":4.717245301413638},"percentSolvingInThreeOrFewer":{"normal":0.11447380055375728,"hard":0.042478419243152155},"percentiles":{"normal":{"p5":0.54898,"p10":0.63259,"p20":0.76439,"p25":0.8047,"p75":0.93089,"p80":0.93738,"p90":0.96417,"p95":0.97897},"hard":{"p5":0.70165,"p10":0.77188,"p20":0.84133,"p25":0.85892,"p75":0.94481,"p80":0.95332,"p90":0.97622,"p95":0.99226}}}