{"efficiency":{"normal":0.8700295966556233,"hard":0.9009754361656509},"luck":{"normal":0.5015296901893709,"hard":0.5349924198072421},"steps":{"normal":[612,11602,121975,189013,71994,12011,877],"hard":[154,5108,49793,62177,21636,3203,179]},"unsolvedPenalty":{"normal":107.32031711010093,"hard":11.619328383034583},"average":{"normal":3.8793201466350395,"hard":3.7745393705492405},"percentSolvingInThreeOrFewer":{"normal":0.24383516341745723,"hard":0.10004015706682608},"percentiles":{"normal":{"p5":0.69717,"p10":0.75318,"p20":0.81168,"p25":0.82922,"p75":0.93336,"p80":0.94269,"p90":0.96274,"p95":0.98176},"hard":{"p5":0.76592,"p10":0.8125,"p20":0.85328,"p25":0.86649,"p75":0.94968,"p80":0.95726,"p90":0.97917,"p95":0.99096}}}