{"efficiency":{"normal":0.8382917776052501,"hard":0.8907142372722757},"luck":{"normal":0.4578532759353119,"hard":0.44491963110653643},"steps":{"normal":[1049,3494,71669,197728,108399,23267,3982],"hard":[80,1215,28348,75469,29683,3800,332]},"unsolvedPenalty":{"normal":211.41504326604056,"hard":7.546034130327613},"average":{"normal":4.197970683307454,"hard":4.049845604589395},"percentSolvingInThreeOrFewer":{"normal":0.13894899958980902,"hard":0.05404493869923887},"percentiles":{"normal":{"p5":0.55772,"p10":0.62791,"p20":0.71154,"p25":0.76358,"p75":0.94005,"p80":0.95052,"p90":0.97351,"p95":0.99109},"hard":{"p5":0.65675,"p10":0.71608,"p20":0.83319,"p25":0.85717,"p75":0.96713,"p80":0.97474,"p90":0.99162,"p95":1}}}