{"efficiency":{"normal":0.8528322241674448,"hard":0.8906418873525342},"luck":{"normal":0.6564411884165431,"hard":0.6398160755524968},"steps":{"normal":[756,26928,223399,155788,26614,3092,384],"hard":[128,12081,76413,48631,6169,416,8]},"unsolvedPenalty":{"normal":52.87718058931036,"hard":2.124672899641176},"average":{"normal":3.4371258307244466,"hard":3.346917210647424},"percentSolvingInThreeOrFewer":{"normal":0.43229771958368846,"hard":0.15258386921825365},"percentiles":{"normal":{"p5":0.61257,"p10":0.68703,"p20":0.77848,"p25":0.80314,"p75":0.92889,"p80":0.94266,"p90":0.97092,"p95":1},"hard":{"p5":0.69016,"p10":0.76544,"p20":0.82803,"p25":0.8505,"p75":0.95789,"p80":0.96578,"p90":0.99763,"p95":1}}}