{"efficiency": {"normal": 0.8291854271957665, "hard": 0.8697709215427584}, "luck": {"normal": 0.4804432179908929, "hard": 0.48950593971504297}, "steps": {"normal": [1104, 8209, 82510, 146196, 86514, 30304, 5274], "hard": [74, 2230, 28168, 44040, 25747, 9006, 1336]}, "unsolvedPenalty": {"normal": 767.1826823123649, "hard": 122.75966657301115}, "average": {"normal": 4.170700652527449, "hard": 4.135982130962406}, "percentSolvingInThreeOrFewer": {"normal": 0.2549852684311226, "hard": 0.27551287963038307}, "percentiles": {"normal": {"p5": 0.58358, "p10": 0.66667, "p20": 0.75688, "p25": 0.77963, "p75": 0.91034, "p80": 0.9233, "p90": 0.94963, "p95": 0.96904}, "hard": {"p5": 0.66667, "p10": 0.7392, "p20": 0.80857, "p25": 0.82981, "p75": 0.93603, "p80": 0.94662, "p90": 0.97217, "p95": 0.99999}}}