{"efficiency":{"normal":0.6462557101497288,"hard":0.8683916459711963},"luck":{"normal":0.5609960536114252,"hard":0.5563639251748691},"steps":{"normal":[2113,23900,105113,135671,87638,45834,16283],"hard":[381,8608,40437,46242,27198,14151,6088]},"unsolvedPenalty":{"normal":13940.65579026095,"hard":5263.603111949131},"average":{"normal":4.126324861422196,"hard":4.0620444841971395},"percentSolvingInThreeOrFewer":{"normal":0.23429582246363864,"hard":0.0883161205017332},"percentiles":{"normal":{"p5":0.3811,"p10":0.44279,"p20":0.51503,"p25":0.54837,"p75":0.7543,"p80":0.77962,"p90":0.84264,"p95":0.8854},"hard":{"p5":0.64772,"p10":0.7207,"p20":0.79453,"p25":0.82164,"p75":0.94653,"p80":0.95872,"p90":0.97896,"p95":0.99661}}}