{"efficiency":{"normal":0.8089290684048234,"hard":0.8737064388837474},"luck":{"normal":0.6318426765659173,"hard":0.6000280280486937},"steps":{"normal":[706,17544,150080,166533,57784,11795,1578],"hard":[104,5944,57012,59624,15661,1924,199]},"unsolvedPenalty":{"normal":72.91700905666967,"hard":9.817023345260324},"average":{"normal":3.7469016609855577,"hard":3.648978429557913},"percentSolvingInThreeOrFewer":{"normal":0.30802533971095747,"hard":0.11539376461589697},"percentiles":{"normal":{"p5":0.49963,"p10":0.57199,"p20":0.6618,"p25":0.70793,"p75":0.93151,"p80":0.93894,"p90":0.97625,"p95":1},"hard":{"p5":0.61587,"p10":0.67713,"p20":0.80056,"p25":0.83465,"p75":0.95592,"p80":0.96815,"p90":0.99656,"p95":1}}}