{"efficiency":{"normal":0.8624880750451811,"hard":0.9032494166134495},"luck":{"normal":0.6477703661208284,"hard":0.616744829467808},"steps":{"normal":[1211,76532,219403,158220,45842,7819,744],"hard":[221,14161,76957,57848,14564,1677,54]},"unsolvedPenalty":{"normal":83.43440604459366,"hard":0.5},"average":{"normal":3.3873630206623067,"hard":3.4690570575651734},"percentSolvingInThreeOrFewer":{"normal":0.5829009496420942,"hard":0.551957312577803},"percentiles":{"normal":{"p5":0.64796,"p10":0.72257,"p20":0.78451,"p25":0.80858,"p75":0.94604,"p80":0.94604,"p90":0.97453,"p95":1},"hard":{"p5":0.75703,"p10":0.80041,"p20":0.84742,"p25":0.86268,"p75":0.96082,"p80":0.96817,"p90":0.98222,"p95":0.99938}}}