{"efficiency":{"normal":0.8240461239246651,"hard":0.8845582596745688,"normal-ps":0.7786839533898305,"hard-ps":0.7900725016589251},"luck":{"normal":0.5453639186430508,"hard":0.5703734481077457,"normal-ps":0.5570283220338983,"hard-ps":0.5694267750497678},"steps":{"normal":[618,12248,139396,179114,92611,31069,4914],"hard":[69,5317,52515,65812,28767,10274,1335],"normal-ps":[2,108,805,896,395,131,23],"hard-ps":[2,60,530,553,258,87,17]},"unsolvedPenalty":{"normal":419.01817617567093,"hard":75.17807430740905,"normal-ps":1.5835716938902349,"hard-ps":1.6230679931478835},"average":{"normal":3.997454198398602,"hard":3.9306904747394724,"normal-ps":3.8627118644067795,"hard-ps":3.873921698739217},"percentSolvingInThreeOrFewer":{"normal":0.24248562737884796,"hard":0.09221091522940456,"normal-ps":0.0014571687926998233,"hard-ps":0.0009427802462057873},"percentiles":{"normal":{"p5":0.57671,"p10":0.63315,"p20":0.71915,"p25":0.75236,"p75":0.91996,"p80":0.93198,"p90":0.9625,"p95":0.98359},"hard":{"p5":0.66225,"p10":0.7242,"p20":0.80334,"p25":0.82973,"p75":0.96603,"p80":0.97233,"p90":0.98879,"p95":1},"normal-ps":{"p5":0.50698,"p10":0.57767,"p20":0.64131,"p25":0.66748,"p75":0.90119,"p80":0.91746,"p90":0.96664,"p95":0.9996},"hard-ps":{"p5":0.51393,"p10":0.57619,"p20":0.65694,"p25":0.66774,"p75":0.9218,"p80":0.94105,"p90":0.98309,"p95":1}}}