{"efficiency":{"normal":0.8204186493879068,"hard":0.8652644383913031},"luck":{"normal":0.6370473122101171,"hard":0.6347550667236693},"steps":{"normal":[1532,40961,261212,165278,39611,6913,1067],"hard":[166,22219,80197,50195,9708,1168,77]},"unsolvedPenalty":{"normal":171.176473791263,"hard":8.568956948803336},"average":{"normal":3.434410013395588,"hard":3.3102024612941645},"percentSolvingInThreeOrFewer":{"normal":0.44642765274729795,"hard":0.15079160927970978},"percentiles":{"normal":{"p5":0.58191,"p10":0.62986,"p20":0.71588,"p25":0.75433,"p75":0.91393,"p80":0.9265,"p90":0.9572,"p95":0.98537},"hard":{"p5":0.65604,"p10":0.70123,"p20":0.77296,"p25":0.80595,"p75":0.95288,"p80":0.95821,"p90":0.9872,"p95":1}}}