{"efficiency": {"normal": 0.8187696548702836, "hard": 0.8981021399000149}, "luck": {"normal": 0.6283877971762805, "hard": 0.6146570025489958}, "steps": {"normal": [2173, 43526, 137471, 129181, 58292, 21878, 5663], "hard": [257, 10345, 47678, 39885, 18339, 5750, 930]}, "unsolvedPenalty": {"normal": 804.6751103123149, "hard": 101.82534488793941}, "average": {"normal": 3.7207313079137094, "hard": 3.7044407175029868}, "percentSolvingInThreeOrFewer": {"normal": 0.4600134611134551, "hard": 0.4731133913495259}, "percentiles": {"normal": {"p5": 0.4362, "p10": 0.55036, "p20": 0.71219, "p25": 0.76074, "p75": 0.9308, "p80": 0.95098, "p90": 0.99584, "p95": 1}, "hard": {"p5": 0.68472, "p10": 0.76847, "p20": 0.84357, "p25": 0.8638, "p75": 0.97149, "p80": 0.98099, "p90": 1, "p95": 1}}}