{"efficiency":{"normal":0.8079901678117132,"hard":0.8695841531527583},"luck":{"normal":0.5948102188487885,"hard":0.5951697246084618},"steps":{"normal":[619,18700,116110,160371,78245,20918,2981],"hard":[58,6727,44359,53944,24734,6129,943]},"unsolvedPenalty":{"normal":350.93098952387396,"hard":129.88955857395766},"average":{"normal":3.926306584310434,"hard":3.8603903693314634},"percentSolvingInThreeOrFewer":{"normal":0.2532149681588207,"hard":0.09562824161154135},"percentiles":{"normal":{"p5":0.53567,"p10":0.60568,"p20":0.69633,"p25":0.73817,"p75":0.90657,"p80":0.92233,"p90":0.96134,"p95":0.99919},"hard":{"p5":0.63702,"p10":0.69838,"p20":0.78308,"p25":0.81831,"p75":0.94803,"p80":0.96202,"p90":1,"p95":1}}}