{"efficiency":{"normal":0.8221710762999348,"hard":0.8612825620034429},"luck":{"normal":0.5257815397819227,"hard":0.517175754377491},"steps":{"normal":[1444,10630,135638,239023,107966,22514,2404],"hard":[159,3633,56916,76487,28304,4072,216]},"unsolvedPenalty":{"normal":304.2142451013521,"hard":6.8003918753292965},"average":{"normal":3.9986147816863924,"hard":3.837701357535473},"percentSolvingInThreeOrFewer":{"normal":0.28426982077252755,"hard":0.35755387632739843},"percentiles":{"normal":{"p5":0.5854,"p10":0.64966,"p20":0.72891,"p25":0.75882,"p75":0.912,"p80":0.92519,"p90":0.95649,"p95":0.98455},"hard":{"p5":0.65653,"p10":0.70955,"p20":0.78451,"p25":0.80737,"p75":0.93682,"p80":0.9499,"p90":0.985,"p95":1}}}