{"efficiency":{"normal":0.7785590899479627,"hard":0.7985038057887286},"luck":{"normal":0.3819032423056351,"hard":0.4391527968367916},"steps":{"normal":[1124,1931,35202,137551,126714,75428,22143],"hard":[106,709,19793,50111,40270,22637,6230]},"unsolvedPenalty":{"normal":3640.4341083671675,"hard":1036.1065967801646},"average":{"normal":4.698373898394894,"hard":4.5468189163294195},"percentSolvingInThreeOrFewer":{"normal":0.07085577343339088,"hard":0.038166072791116314},"percentiles":{"normal":{"p5":0.46951,"p10":0.54089,"p20":0.63044,"p25":0.66055,"p75":0.91704,"p80":0.93168,"p90":0.95697,"p95":0.97665},"hard":{"p5":0.47964,"p10":0.55995,"p20":0.64573,"p25":0.68546,"p75":0.92979,"p80":0.93967,"p90":0.95927,"p95":0.97824}}}