{"efficiency":{"normal":0.8144228886361862,"hard":0.8526954194244809},"luck":{"normal":0.47500139446353273,"hard":0.4522052700764139},"steps":{"normal":[632,3469,49026,162763,128523,53891,11483],"hard":[69,1012,17811,57610,41897,18144,4267]},"unsolvedPenalty":{"normal":678.9641242874318,"hard":182.21014228556592},"average":{"normal":4.491485924566609,"hard":4.473532085333637},"percentSolvingInThreeOrFewer":{"normal":0.09649403200848523,"hard":0.03431141074165825},"percentiles":{"normal":{"p5":0.56427,"p10":0.625,"p20":0.70761,"p25":0.73965,"p75":0.91097,"p80":0.9235,"p90":0.95016,"p95":0.96694},"hard":{"p5":0.62301,"p10":0.68622,"p20":0.7638,"p25":0.79877,"p75":0.93263,"p80":0.94441,"p90":0.97203,"p95":0.99351}}}