{"efficiency":{"normal":0.8283583892920815,"hard":0.8826400315893663},"luck":{"normal":0.6166382658715499,"hard":0.5425918833580199},"steps":{"normal":[1141,18487,152697,180983,66729,14263,1522],"hard":[128,4677,49452,61011,23756,3252,173]},"unsolvedPenalty":{"normal":102.7329659024992,"hard":8.251597276871639},"average":{"normal":3.782484793278067,"hard":3.7993232855748915},"percentSolvingInThreeOrFewer":{"normal":0.2980009683890157,"hard":0.09382997855710036},"percentiles":{"normal":{"p5":0.53567,"p10":0.60276,"p20":0.70194,"p25":0.74892,"p75":0.94217,"p80":0.94852,"p90":0.97291,"p95":0.99497},"hard":{"p5":0.63892,"p10":0.70921,"p20":0.79857,"p25":0.82781,"p75":0.97138,"p80":0.98512,"p90":1,"p95":1}}}