{"efficiency":{"normal":0.6480200802134735,"hard":0.7109984052294421},"luck":{"normal":0.4243375909407852,"hard":0.40542466717994335},"steps":{"normal":[1386,3188,32202,79966,91815,99479,64825],"hard":[131,857,10099,25740,31045,37184,28725]},"unsolvedPenalty":{"normal":56175.32173493667,"hard":27317.779387111397},"average":{"normal":5.012856683115212,"hard":5.126146463249639},"percentSolvingInThreeOrFewer":{"normal":0.07260475939533534,"hard":0.021882481580386096},"percentiles":{"normal":{"p5":0.38997,"p10":0.44662,"p20":0.50082,"p25":0.5218,"p75":0.77892,"p80":0.81848,"p90":0.87567,"p95":0.90737},"hard":{"p5":0.45668,"p10":0.50743,"p20":0.55945,"p25":0.58247,"p75":0.8484,"p80":0.87643,"p90":0.92081,"p95":0.95015}}}