{"efficiency":{"normal":0.8203256190350273,"hard":0.86333893841318,"normal-ps":0.7729623956442832,"hard-ps":0.8161646466809421},"luck":{"normal":0.6525699819384159,"hard":0.6130285362765076,"normal-ps":0.6411613929219601,"hard-ps":0.6208783940042827},"steps":{"normal":[1022,30001,206516,157901,42429,7656,723],"hard":[237,11713,67711,56996,16319,2455,136],"normal-ps":[7,167,1035,722,220,48,5],"hard-ps":[10,161,601,489,113,27]},"unsolvedPenalty":{"normal":93.08670621087717,"hard":11.776113229052129,"normal-ps":null,"hard-ps":null},"average":{"normal":3.528509740034196,"hard":3.547789083943459,"normal-ps":3.5172413793103448,"hard-ps":3.4389721627408996},"percentSolvingInThreeOrFewer":{"normal":0.39235578312755504,"hard":0.13158194656646158,"normal-ps":0.001996944295329727,"hard-ps":0.0012751373002436305},"percentiles":{"normal":{"p5":0.54847,"p10":0.61514,"p20":0.72091,"p25":0.7606,"p75":0.91586,"p80":0.93002,"p90":0.96454,"p95":0.99971},"hard":{"p5":0.60639,"p10":0.67137,"p20":0.77766,"p25":0.80483,"p75":0.95387,"p80":0.96861,"p90":0.9966,"p95":1},"normal-ps":{"p5":0.48553,"p10":0.55124,"p20":0.63198,"p25":0.6727,"p75":0.89328,"p80":0.91128,"p90":0.95852,"p95":0.99853},"hard-ps":{"p5":0.52765,"p10":0.60991,"p20":0.70302,"p25":0.72092,"p75":0.92712,"p80":0.94321,"p90":0.99584,"p95":1}}}