{"efficiency":{"normal":0.7756896625441217,"hard":0.8079485586353349},"luck":{"normal":0.4142721898423318,"hard":0.4000395942887479},"steps":{"normal":[859,953,14487,118474,162793,89620,18779],"hard":[71,243,5190,46183,59938,26627,4901]},"unsolvedPenalty":{"normal":671.6179614042773,"hard":116.5300839552105},"average":{"normal":4.8882528406641725,"hard":4.818044650590964},"percentSolvingInThreeOrFewer":{"normal":0.029697615340490043,"hard":0.01002303622970672},"percentiles":{"normal":{"p5":0.4997,"p10":0.56373,"p20":0.65043,"p25":0.67852,"p75":0.8993,"p80":0.9157,"p90":0.95131,"p95":0.97524},"hard":{"p5":0.53672,"p10":0.60787,"p20":0.68935,"p25":0.71607,"p75":0.91964,"p80":0.93097,"p90":0.95737,"p95":0.97303}}}