{"efficiency":{"normal":0.8494634106331939,"hard":0.9061786418119283},"luck":{"normal":0.5594024455230125,"hard":0.5360312922947554},"steps":{"normal":[747,11736,129765,182362,103007,19097,1403],"hard":[86,2971,38206,64563,33694,5337,224]},"unsolvedPenalty":{"normal":195.58931529993487,"hard":9.475951810119536},"average":{"normal":3.9743754532775455,"hard":4.002805290764597},"percentSolvingInThreeOrFewer":{"normal":0.23980458793542905,"hard":0.0695624468988955},"percentiles":{"normal":{"p5":0.66659,"p10":0.72283,"p20":0.78067,"p25":0.80538,"p75":0.91862,"p80":0.92959,"p90":0.95516,"p95":0.97411},"hard":{"p5":0.76232,"p10":0.81164,"p20":0.85922,"p25":0.86998,"p75":0.96147,"p80":0.96949,"p90":0.98303,"p95":0.99455}}}