{"efficiency":{"normal":0.792556967673134,"hard":0.8503451731413076},"luck":{"normal":0.5445121178077883,"hard":0.5141280737943056},"steps":{"normal":[566,21684,114738,152663,87182,26114,4020],"hard":[76,4405,39083,60475,32195,7595,732]},"unsolvedPenalty":{"normal":230.65262924457727,"hard":20.850775716520122},"average":{"normal":3.9696388905270195,"hard":4.0050150798262365},"percentSolvingInThreeOrFewer":{"normal":0.24837906050782185,"hard":0.07899088357520506},"percentiles":{"normal":{"p5":0.5,"p10":0.50316,"p20":0.67708,"p25":0.72202,"p75":0.90839,"p80":0.92183,"p90":0.95386,"p95":1},"hard":{"p5":0.63153,"p10":0.70104,"p20":0.77117,"p25":0.7945,"p75":0.92845,"p80":0.94158,"p90":0.97312,"p95":0.99502}}}