{"efficiency":{"normal":0.8160136610577761,"hard":0.8571847640176905},"luck":{"normal":0.48117520566761723,"hard":0.4961732468900008},"steps":{"normal":[568,3554,54329,164873,133134,40920,4478],"hard":[67,1771,22021,57181,42326,13061,1274]},"unsolvedPenalty":{"normal":446.26217685635004,"hard":54.66887340671988},"average":{"normal":4.4000975459237255,"hard":4.328479822223513},"percentSolvingInThreeOrFewer":{"normal":0.1083358199135226,"hard":0.04421911806406296},"percentiles":{"normal":{"p5":0.57904,"p10":0.64988,"p20":0.73121,"p25":0.75978,"p75":0.90098,"p80":0.91239,"p90":0.93718,"p95":0.95626},"hard":{"p5":0.64657,"p10":0.72043,"p20":0.79368,"p25":0.81589,"p75":0.92663,"p80":0.93794,"p90":0.95991,"p95":0.97808}}}