{"efficiency": {"normal": 0.8453445406597495, "hard": 0.8835826417411787}, "luck": {"normal": 0.4948955896047776, "hard": 0.5051122526969961}, "steps": {"normal": [923, 2907, 63986, 171663, 89542, 21242, 4070], "hard": [50, 734, 18032, 40159, 17468, 2952, 403]}, "unsolvedPenalty": {"normal": 609.8296844530836, "hard": 58.37069843939064}, "average": {"normal": 4.203979955816854, "hard": 4.062525009379175}, "percentSolvingInThreeOrFewer": {"normal": 0.1913905845631087, "hard": 0.23579538334294092}, "percentiles": {"normal": {"p5": 0.59269, "p10": 0.65871, "p20": 0.75327, "p25": 0.79143, "p75": 0.93598, "p80": 0.94598, "p90": 0.96202, "p95": 0.97682}, "hard": {"p5": 0.67859, "p10": 0.75907, "p20": 0.83562, "p25": 0.85453, "p75": 0.94509, "p80": 0.95355, "p90": 0.97316, "p95": 0.98788}}}