{"efficiency": {"normal": 0.7802494262720527, "hard": 0.8147785304944548}, "luck": {"normal": 0.44321902775782446, "hard": 0.4845042906766008}, "steps": {"normal": [1290, 3131, 48622, 169137, 155093, 62690, 12323], "hard": [94, 1195, 24735, 59655, 42943, 13788, 2105]}, "unsolvedPenalty": {"normal": 2237.934896609716, "hard": 221.41355181688985}, "average": {"normal": 4.576904734828426, "hard": 4.343551974202103}, "percentSolvingInThreeOrFewer": {"normal": 0.11727756331170985, "hard": 0.18007819257516522}, "percentiles": {"normal": {"p5": 0.50914, "p10": 0.58537, "p20": 0.69206, "p25": 0.72331, "p75": 0.8713, "p80": 0.88507, "p90": 0.92006, "p95": 0.94513}, "hard": {"p5": 0.58763, "p10": 0.66499, "p20": 0.74091, "p25": 0.76264, "p75": 0.89227, "p80": 0.90708, "p90": 0.94163, "p95": 0.96492}}}