{"efficiency": {"normal": 0.7233209022181318, "hard": 0.8400132718786181}, "luck": {"normal": 0.47543110563766827, "hard": 0.4625812533642038}, "steps": {"normal": [865, 3549, 35178, 90582, 92599, 65754, 36063], "hard": [53, 819, 8700, 22720, 22500, 14424, 7695]}, "unsolvedPenalty": {"normal": 19704.52891877492, "hard": 4454.180381348571}, "average": {"normal": 4.946207612430374, "hard": 4.889211951233875}, "percentSolvingInThreeOrFewer": {"normal": 0.12197541513909856, "hard": 0.12445553951970459}, "percentiles": {"normal": {"p5": 0.45063, "p10": 0.50693, "p20": 0.57169, "p25": 0.59692, "p75": 0.86452, "p80": 0.88123, "p90": 0.91849, "p95": 0.94369}, "hard": {"p5": 0.60873, "p10": 0.65544, "p20": 0.72105, "p25": 0.75282, "p75": 0.93705, "p80": 0.94558, "p90": 0.96839, "p95": 0.98276}}}