{"efficiency":{"normal":0.8323637380035455,"hard":0.8603973869482243},"luck":{"normal":0.4878012400513479,"hard":0.5018129269000996},"steps":{"normal":[913,4729,84455,187566,99478,26901,4931],"hard":[51,1729,31425,63894,36077,9760,1686]},"unsolvedPenalty":{"normal":585.000751296774,"hard":126.02680162824065},"average":{"normal":4.1625747295066935,"hard":4.165463546852528},"percentSolvingInThreeOrFewer":{"normal":0.16274957144069985,"hard":0.059982044765254275},"percentiles":{"normal":{"p5":0.59507,"p10":0.67136,"p20":0.75015,"p25":0.77512,"p75":0.91989,"p80":0.93042,"p90":0.954,"p95":0.97213},"hard":{"p5":0.64039,"p10":0.71713,"p20":0.78888,"p25":0.81232,"p75":0.93752,"p80":0.94763,"p90":0.97157,"p95":0.9872}}}