{"efficiency":{"normal":0.8242742924253049,"hard":0.8792518130283242},"luck":{"normal":0.43237169443777,"hard":0.4178574600376587},"steps":{"normal":[649,2113,36190,181010,144256,38424,5204],"hard":[79,788,12009,69060,58641,8669,514]},"unsolvedPenalty":{"normal":229.1833933340574,"hard":17.480418484976962},"average":{"normal":4.463761897523158,"hard":4.421864775716785},"percentSolvingInThreeOrFewer":{"normal":0.06985710801543693,"hard":0.023098001520737987},"percentiles":{"normal":{"p5":0.56349,"p10":0.63439,"p20":0.70848,"p25":0.74949,"p75":0.92223,"p80":0.93202,"p90":0.96044,"p95":0.98135},"hard":{"p5":0.6723,"p10":0.72112,"p20":0.81823,"p25":0.84287,"p75":0.95077,"p80":0.95949,"p90":0.97833,"p95":0.98748}}}