{"efficiency": {"normal": 0.8321545724733771, "hard": 0.9328644373869722}, "luck": {"normal": 0.5626097170972811, "hard": 0.5690763690834114}, "steps": {"normal": [1554, 29231, 74075, 104407, 76712, 51794, 21529], "hard": [144, 8820, 21494, 32698, 25013, 17364, 5609]}, "unsolvedPenalty": {"normal": 4117.73128102653, "hard": 826.8877516212578}, "average": {"normal": 4.311174809160613, "hard": 4.340365368192233}, "percentSolvingInThreeOrFewer": {"normal": 0.29184363014956777, "hard": 0.2740458152633568}, "percentiles": {"normal": {"p5": 0.53121, "p10": 0.59474, "p20": 0.66667, "p25": 0.72041, "p75": 0.9664, "p80": 1, "p90": 1, "p95": 1}, "hard": {"p5": 0.74591, "p10": 0.80933, "p20": 0.88303, "p25": 0.90082, "p75": 1, "p80": 1, "p90": 1, "p95": 1}}}