{"efficiency":{"normal":0.8290833956605224,"hard":0.8838205883421345},"luck":{"normal":0.5157430548408231,"hard":0.5089032712656822},"steps":{"normal":[949,16493,93330,230747,85763,12179,1644],"hard":[95,4815,35385,86316,20678,1281,77]},"unsolvedPenalty":{"normal":108.96519706681582,"hard":2.250214118024635},"average":{"normal":3.964276727278498,"hard":3.8525579361609097},"percentSolvingInThreeOrFewer":{"normal":0.18782979069735897,"hard":0.06833534542396331},"percentiles":{"normal":{"p5":0.5,"p10":0.59516,"p20":0.68069,"p25":0.7372,"p75":0.94396,"p80":0.95725,"p90":0.98473,"p95":0.99741},"hard":{"p5":0.6293,"p10":0.71506,"p20":0.82417,"p25":0.84786,"p75":0.96045,"p80":0.96911,"p90":0.98894,"p95":1}}}