{"efficiency":{"normal":0.7745062945121117,"hard":0.8804384694505079,"normal-ps":0.6697503609515997,"hard-ps":0.7089458475689882},"luck":{"normal":0.5381090532366224,"hard":0.5437055562163368,"normal-ps":0.5808778671041838,"hard-ps":0.5898637187910644},"steps":{"normal":[1329,11168,56416,119025,119101,76625,18219],"hard":[146,4063,22243,45563,43794,26186,5976],"normal-ps":[8,50,225,321,320,240,55],"hard-ps":[2,49,162,206,200,121,21]},"unsolvedPenalty":{"normal":4775.533988811829,"hard":1264.1192846165723,"normal-ps":14.624360788559223,"hard-ps":5.623067993147884},"average":{"normal":4.562471851400276,"hard":4.522460178546086,"normal-ps":4.460213289581624,"hard-ps":4.28646517739816},"percentSolvingInThreeOrFewer":{"normal":0.12488085271402115,"hard":0.04793616967298374,"normal-ps":0.0005128316643652666,"hard-ps":0.00038598284279081906},"percentiles":{"normal":{"p5":0.49549,"p10":0.56027,"p20":0.63324,"p25":0.67223,"p75":0.88751,"p80":0.90002,"p90":0.93197,"p95":0.9568},"hard":{"p5":0.6521,"p10":0.7412,"p20":0.81769,"p25":0.83817,"p75":0.95657,"p80":0.96653,"p90":0.98775,"p95":1},"normal-ps":{"p5":0.33999,"p10":0.43337,"p20":0.50858,"p25":0.5447,"p75":0.80563,"p80":0.8326,"p90":0.91844,"p95":0.98193},"hard-ps":{"p5":0.40548,"p10":0.45729,"p20":0.53171,"p25":0.56105,"p75":0.85864,"p80":0.90282,"p90":0.95886,"p95":1}}}