{"efficiency":{"normal":0.8231537168905307,"hard":0.8693488694727445,"normal-ps":0.7649317883211679,"hard-ps":0.791289536423841},"luck":{"normal":0.6228239319246931,"hard":0.6009973205283059,"normal-ps":0.623998826903024,"hard-ps":0.6477217218543047},"steps":{"normal":[1080,22647,201671,154728,44470,7815,957],"hard":[182,8689,67108,58803,15222,2169,163],"normal-ps":[4,107,877,678,221,27,4],"hard-ps":[5,140,564,396,88,14,1]},"unsolvedPenalty":{"normal":73.81324606712732,"hard":1,"normal-ps":1.0835716938902349,"hard-ps":null},"average":{"normal":3.56572744494927,"hard":3.572353219199664,"normal-ps":3.5724713242961417,"hard-ps":3.38658940397351},"percentSolvingInThreeOrFewer":{"normal":0.3827948406599472,"hard":0.1290327511102431,"normal-ps":0.0016778893917650955,"hard-ps":0.0012040724481391222},"percentiles":{"normal":{"p5":0.57303,"p10":0.64055,"p20":0.73637,"p25":0.75542,"p75":0.91014,"p80":0.92685,"p90":0.9595,"p95":1},"hard":{"p5":0.64881,"p10":0.72437,"p20":0.786,"p25":0.81517,"p75":0.94529,"p80":0.95703,"p90":0.98607,"p95":1},"normal-ps":{"p5":0.50093,"p10":0.53387,"p20":0.60473,"p25":0.64527,"p75":0.88527,"p80":0.89365,"p90":0.94965,"p95":0.99978},"hard-ps":{"p5":0.50097,"p10":0.56433,"p20":0.65509,"p25":0.70111,"p75":0.89204,"p80":0.90946,"p90":0.95882,"p95":0.99962}}}