{"efficiency":{"normal":0.8387839632343728,"hard":0.8898548595635147},"luck":{"normal":0.5846294188599036,"hard":0.5570315544711866},"steps":{"normal":[1073,25738,142651,161618,79102,18862,1900],"hard":[153,7520,40874,57626,31475,7191,453]},"unsolvedPenalty":{"normal":222.42767343645644,"hard":23.73874648050287},"average":{"normal":3.821970734152307,"hard":3.9338458467827966},"percentSolvingInThreeOrFewer":{"normal":0.2940825311543915,"hard":0.08425091497857674},"percentiles":{"normal":{"p5":0.56061,"p10":0.64375,"p20":0.74104,"p25":0.77971,"p75":0.93526,"p80":0.9476,"p90":0.98046,"p95":0.99731},"hard":{"p5":0.68047,"p10":0.74285,"p20":0.82372,"p25":0.84865,"p75":0.95734,"p80":0.96746,"p90":0.99225,"p95":0.99837}}}