{"efficiency":{"normal":0.856636823209726,"hard":0.9028709434680768},"luck":{"normal":0.5240691568597823,"hard":0.5249129394013422},"steps":{"normal":[476,8125,99521,130828,98733,44841,7933],"hard":[56,3905,41321,43908,31713,15345,2930]},"unsolvedPenalty":{"normal":1274.3009581962265,"hard":423.9785199037284},"average":{"normal":4.223025838952816,"hard":4.136257167081004},"percentSolvingInThreeOrFewer":{"normal":0.2041443635711386,"hard":0.08549661559375797},"percentiles":{"normal":{"p5":0.6041,"p10":0.69459,"p20":0.77978,"p25":0.80872,"p75":0.94001,"p80":0.94885,"p90":0.96698,"p95":0.98065},"hard":{"p5":0.72303,"p10":0.78186,"p20":0.84997,"p25":0.87147,"p75":0.96259,"p80":0.9693,"p90":0.98834,"p95":0.99778}}}