{"efficiency": {"normal": 0.7723054111575006, "hard": 0.8516746837441576}, "luck": {"normal": 0.5789072234739654, "hard": 0.5604590374753219}, "steps": {"normal": [2046, 5735, 80849, 176602, 95329, 29180, 6075], "hard": [145, 1814, 31391, 60144, 26484, 4971, 433]}, "unsolvedPenalty": {"normal": 209.32268261718974, "hard": 8.687731651677225}, "average": {"normal": 4.186112543915903, "hard": 4.018181937851141}, "percentSolvingInThreeOrFewer": {"normal": 0.223917173636235, "hard": 0.2659871432901054}, "percentiles": {"normal": {"p5": 0.45539, "p10": 0.53313, "p20": 0.62148, "p25": 0.6604, "p75": 0.90523, "p80": 0.91196, "p90": 0.94593, "p95": 0.97231}, "hard": {"p5": 0.57758, "p10": 0.65229, "p20": 0.7635, "p25": 0.8005, "p75": 0.93949, "p80": 0.95066, "p90": 0.9793, "p95": 0.99348}}}