{"efficiency":{"normal":0.8009816647794766,"hard":0.8798943073653522},"luck":{"normal":0.6483945940457417,"hard":0.6509288176474194},"steps":{"normal":[1145,15829,131332,177994,76743,23943,4861],"hard":[78,4322,55298,60353,21106,5012,637]},"unsolvedPenalty":{"normal":231.56063833789756,"hard":17.0752472568274},"average":{"normal":3.925718811000813,"hard":3.7835623156618463},"percentSolvingInThreeOrFewer":{"normal":0.2563006767265513,"hard":0.10316969315738904},"percentiles":{"normal":{"p5":0.49743,"p10":0.574,"p20":0.66644,"p25":0.68602,"p75":0.91092,"p80":0.92391,"p90":0.97892,"p95":0.99965},"hard":{"p5":0.60335,"p10":0.66212,"p20":0.78513,"p25":0.82345,"p75":0.98309,"p80":0.99318,"p90":1,"p95":1}}}