{"efficiency":{"normal":0.8581554758735651,"hard":0.8867895517044131},"luck":{"normal":0.5540644007981108,"hard":0.5575684537756969},"steps":{"normal":[641,14829,122006,178535,68174,10966,781],"hard":[98,8388,44757,60532,24059,3619,149]},"unsolvedPenalty":{"normal":107.10053945898497,"hard":9.258531440728218},"average":{"normal":3.8436031166731914,"hard":3.7864875744157964},"percentSolvingInThreeOrFewer":{"normal":0.2557568023097902,"hard":0.09905160193325867},"percentiles":{"normal":{"p5":0.65576,"p10":0.72557,"p20":0.78972,"p25":0.81014,"p75":0.9287,"p80":0.94299,"p90":0.97029,"p95":0.98546},"hard":{"p5":0.7217,"p10":0.78,"p20":0.83273,"p25":0.84902,"p75":0.94571,"p80":0.95436,"p90":0.97915,"p95":1}}}