{"efficiency": {"normal": 0.7782287423028103, "hard": 0.8297631713882127}, "luck": {"normal": 0.6348664850692778, "hard": 0.6336898112957263}, "steps": {"normal": [2441, 19752, 129606, 155239, 61866, 14302, 3138], "hard": [103, 5874, 39403, 44222, 13717, 2021, 165]}, "unsolvedPenalty": {"normal": 658.6137919745013, "hard": 25.373432038635478}, "average": {"normal": 3.8035678405565365, "hard": 3.6855065961995988}, "percentSolvingInThreeOrFewer": {"normal": 0.39291149856086804, "hard": 0.4301217951755841}, "percentiles": {"normal": {"p5": 0.49897, "p10": 0.58213, "p20": 0.65072, "p25": 0.68279, "p75": 0.88766, "p80": 0.90479, "p90": 0.94651, "p95": 0.97796}, "hard": {"p5": 0.60003, "p10": 0.63928, "p20": 0.70623, "p25": 0.74989, "p75": 0.93439, "p80": 0.94579, "p90": 0.98816, "p95": 1}}}