{"efficiency":{"normal":0.801486114027717,"hard":0.8422041651170639},"luck":{"normal":0.5795580023843552,"hard":0.5964735119145912},"steps":{"normal":[1300,9225,133546,174117,78415,18542,2572],"hard":[99,4801,48919,57661,22868,4507,427]},"unsolvedPenalty":{"normal":158.93736913819856,"hard":7.492610494207101},"average":{"normal":3.915613935550592,"hard":3.8127337866071236},"percentSolvingInThreeOrFewer":{"normal":0.258652510026822,"hard":0.09662373475330607},"percentiles":{"normal":{"p5":0.53235,"p10":0.59517,"p20":0.67526,"p25":0.7149,"p75":0.90927,"p80":0.92429,"p90":0.96132,"p95":0.98761},"hard":{"p5":0.5903,"p10":0.65069,"p20":0.75876,"p25":0.79265,"p75":0.92922,"p80":0.94278,"p90":0.97782,"p95":0.99573}}}