{"efficiency": {"normal": 0.8697742344860558, "hard": 0.9161166528119734}, "luck": {"normal": 0.5413189388779265, "hard": 0.5518856935499052}, "steps": {"normal": [1569, 17452, 114212, 146573, 96547, 23478, 3088], "hard": [104, 7474, 35067, 38359, 23380, 4414, 184]}, "unsolvedPenalty": {"normal": 680.0038544631756, "hard": 5.055406691793722}, "average": {"normal": 3.9990668195207055, "hard": 3.838854631101391}, "percentSolvingInThreeOrFewer": {"normal": 0.33066943976332713, "hard": 0.39130315097906077}, "percentiles": {"normal": {"p5": 0.62435, "p10": 0.71759, "p20": 0.80266, "p25": 0.82876, "p75": 0.95293, "p80": 0.96231, "p90": 0.98634, "p95": 0.9957}, "hard": {"p5": 0.77058, "p10": 0.82096, "p20": 0.86925, "p25": 0.88161, "p75": 0.97326, "p80": 0.97786, "p90": 0.99372, "p95": 1}}}