{"efficiency":{"normal":0.794153427560428,"hard":0.842903716201629},"luck":{"normal":0.544416612048272,"hard":0.5212889113211867},"steps":{"normal":[1050,8334,91818,195170,102881,24125,2784],"hard":[96,3161,32841,68842,40193,7277,440]},"unsolvedPenalty":{"normal":219.1057523666386,"hard":16.909576754986762},"average":{"normal":4.105725662823903,"hard":4.1058126983088545},"percentSolvingInThreeOrFewer":{"normal":0.17478895520738347,"hard":0.06234802011661002},"percentiles":{"normal":{"p5":0.51921,"p10":0.58729,"p20":0.66673,"p25":0.69905,"p75":0.90869,"p80":0.92147,"p90":0.94648,"p95":0.96831},"hard":{"p5":0.59048,"p10":0.65354,"p20":0.73263,"p25":0.77149,"p75":0.93674,"p80":0.94751,"p90":0.97334,"p95":0.99392}}}