{"efficiency":{"normal":0.8758239076308982,"hard":0.9151545187567848},"luck":{"normal":0.5050009478959239,"hard":0.5329475393493326},"steps":{"normal":[772,6441,120566,222098,81392,18796,2318],"hard":[91,3274,51719,69515,25361,5437,382]},"unsolvedPenalty":{"normal":247.93802347522825,"hard":26.741140335772556},"average":{"normal":3.9788275377798796,"hard":3.8643446237319266},"percentSolvingInThreeOrFewer":{"normal":0.2824575636131331,"hard":0.3536035023976274},"percentiles":{"normal":{"p5":0.65114,"p10":0.73557,"p20":0.8157,"p25":0.83757,"p75":0.94926,"p80":0.95847,"p90":0.97829,"p95":0.99015},"hard":{"p5":0.76998,"p10":0.82769,"p20":0.87309,"p25":0.88876,"p75":0.96626,"p80":0.96897,"p90":0.98601,"p95":0.99459}}}