{"efficiency":{"normal":0.8294809689977366,"hard":0.8756518768020792},"luck":{"normal":0.5567345932708928,"hard":0.5529052321551853},"steps":{"normal":[1295,18163,133591,176215,87198,23943,4491],"hard":[130,7984,50257,55881,25521,6908,1064]},"unsolvedPenalty":{"normal":2139.1413983478287,"hard":500.65293820958357},"average":{"normal":3.933147225350245,"hard":3.8297686570194793},"percentSolvingInThreeOrFewer":{"normal":0.25825404244333494,"hard":0.09849337466189938},"percentiles":{"normal":{"p5":0.53191,"p10":0.63091,"p20":0.74906,"p25":0.78002,"p75":0.92043,"p80":0.93325,"p90":0.96226,"p95":0.97962},"hard":{"p5":0.65288,"p10":0.73858,"p20":0.8197,"p25":0.84038,"p75":0.94445,"p80":0.95452,"p90":0.97331,"p95":0.99018}}}