{"efficiency":{"normal":0.8443222312454547,"hard":0.8700139700020688},"luck":{"normal":0.5309003203610122,"hard":0.5332284319012481},"steps":{"normal":[655,12784,137171,186028,74222,16263,1885],"hard":[65,5602,47231,60188,25748,5641,533]},"unsolvedPenalty":{"normal":205.13061598482463,"hard":60.1681938818718},"average":{"normal":3.87367604005445,"hard":3.858389076615406},"percentSolvingInThreeOrFewer":{"normal":0.26238358541250745,"hard":0.09215436234595646},"percentiles":{"normal":{"p5":0.60517,"p10":0.67202,"p20":0.76211,"p25":0.78872,"p75":0.92742,"p80":0.93784,"p90":0.96842,"p95":0.99952},"hard":{"p5":0.66516,"p10":0.73768,"p20":0.80563,"p25":0.82704,"p75":0.93942,"p80":0.94979,"p90":0.97592,"p95":0.99863}}}