{"efficiency": {"normal": 0.8237411315452218, "hard": 0.8548636663641163}, "luck": {"normal": 0.5729747778743179, "hard": 0.5410806939192081}, "steps": {"normal": [134, 12999, 64775, 68890, 30798, 9736, 3409], "hard": [47, 2479, 28225, 29415, 13091, 4351, 1724]}, "unsolvedPenalty": {"normal": 801.0112244465618, "hard": 447.5198886019721}, "average": {"normal": 3.8433635727213686, "hard": 3.9254842924494775}, "percentSolvingInThreeOrFewer": {"normal": 0.4084491535642573, "hard": 0.38762416175061765}, "percentiles": {"normal": {"p5": 0.51194, "p10": 0.59332, "p20": 0.70611, "p25": 0.74178, "p75": 0.94101, "p80": 0.94457, "p90": 0.98485, "p95": 1}, "hard": {"p5": 0.5706, "p10": 0.64771, "p20": 0.74792, "p25": 0.78889, "p75": 0.95406, "p80": 0.96618, "p90": 1, "p95": 1}}}