{"efficiency":{"normal":0.859876911177861,"hard":0.8962985386988477},"luck":{"normal":0.6857748015152922,"hard":0.6596019022126589},"steps":{"normal":[1906,123922,212231,111036,28841,5686,769],"hard":[237,25378,77090,40530,9352,1580,127]},"unsolvedPenalty":{"normal":219.84680077748115,"hard":6.441933085354347},"average":{"normal":3.124584275229926,"hard":3.2495430800938467},"percentSolvingInThreeOrFewer":{"normal":0.5293061255164877,"hard":0.16080596346578696},"percentiles":{"normal":{"p5":0.60333,"p10":0.67569,"p20":0.76436,"p25":0.7926,"p75":0.97107,"p80":1,"p90":1,"p95":1},"hard":{"p5":0.73441,"p10":0.77673,"p20":0.83847,"p25":0.84937,"p75":0.97149,"p80":0.98024,"p90":1,"p95":1}}}