{"efficiency": {"normal": 0.833587932889718, "hard": 0.9142041841670606}, "luck": {"normal": 0.6471867233548193, "hard": 0.6590176359521087}, "steps": {"normal": [3433, 39995, 176091, 129815, 47516, 11485, 2448], "hard": [331, 9700, 35778, 26636, 9417, 1550, 107]}, "unsolvedPenalty": {"normal": 629.6814095924952, "hard": 9.924022522533718}, "average": {"normal": 3.542531412959135, "hard": 3.4812787991058625}, "percentSolvingInThreeOrFewer": {"normal": 0.5343916374338763, "hard": 0.5484859732515954}, "percentiles": {"normal": {"p5": 0.6244, "p10": 0.67012, "p20": 0.75034, "p25": 0.77628, "p75": 0.91678, "p80": 0.92952, "p90": 0.99038, "p95": 1}, "hard": {"p5": 0.7591, "p10": 0.81026, "p20": 0.85813, "p25": 0.87786, "p75": 0.9769, "p80": 0.98249, "p90": 1, "p95": 1}}}