{"efficiency":{"normal":0.7290091360715721,"hard":0.901807648933664,"normal-ps":0.6419737605485232,"hard-ps":0.6642479361179361},"luck":{"normal":0.5018670169751253,"hard":0.5205240264401425,"normal-ps":0.5413358808016878,"hard-ps":0.5450979279279279},"steps":{"normal":[801,11516,60937,105837,103216,78650,34502],"hard":[123,6290,27861,36183,30069,26177,17623],"normal-ps":[8,71,404,500,392,378,142],"hard-ps":[2,62,289,330,214,201,123]},"unsolvedPenalty":{"normal":22141.20060983083,"hard":11263.53067394895,"normal-ps":87.87157057324282,"hard-ps":78.35944032787567},"average":{"normal":4.614834332589054,"hard":4.53253744993972,"normal-ps":4.453586497890296,"hard-ps":4.3628173628173625},"percentSolvingInThreeOrFewer":{"normal":0.13493361625628103,"hard":0.06313086659888305,"normal-ps":0.0008915019966697611,"hard-ps":0.0006502070347612101},"percentiles":{"normal":{"p5":0.47531,"p10":0.52658,"p20":0.58666,"p25":0.60924,"p75":0.86263,"p80":0.88262,"p90":0.92369,"p95":0.9494},"hard":{"p5":0.71698,"p10":0.78495,"p20":0.85175,"p25":0.86866,"p75":0.96084,"p80":0.96974,"p90":0.99011,"p95":1},"normal-ps":{"p5":0.31064,"p10":0.36319,"p20":0.46204,"p25":0.50108,"p75":0.81061,"p80":0.84371,"p90":0.9086,"p95":0.95604},"hard-ps":{"p5":0.29111,"p10":0.35549,"p20":0.47766,"p25":0.50647,"p75":0.84059,"p80":0.86759,"p90":0.93857,"p95":0.97725}}}