{"efficiency":{"normal":0.8288864530652267,"hard":0.8709362018608624,"normal-ps":0.7973829092416079,"hard-ps":0.8424644273832373},"luck":{"normal":0.4370072415491629,"hard":0.4275306286557275,"normal-ps":0.4382097720679652,"hard-ps":0.4247169609724888},"steps":{"normal":[1227,4411,59764,197158,115980,46421,9486],"hard":[91,1647,25652,74453,36289,14043,2372],"normal-ps":[6,23,363,1085,622,264,50],"hard-ps":[1,23,304,734,354,124,23]},"unsolvedPenalty":{"normal":767.8118534355234,"hard":86.10449313407571,"normal-ps":5.083571693890235,"hard-ps":null},"average":{"normal":4.35797805981761,"hard":4.258133184947461,"normal-ps":4.341069208454206,"hard-ps":4.188739603326935},"percentSolvingInThreeOrFewer":{"normal":0.11029845762603249,"hard":0.04619533139285847,"normal-ps":0.0006610655972693944,"hard-ps":0.0005531365201641871},"percentiles":{"normal":{"p5":0.56031,"p10":0.63071,"p20":0.70836,"p25":0.74214,"p75":0.9371,"p80":0.94676,"p90":0.97423,"p95":0.98823},"hard":{"p5":0.63564,"p10":0.70136,"p20":0.78795,"p25":0.82511,"p75":0.95068,"p80":0.95817,"p90":0.97817,"p95":0.99487},"normal-ps":{"p5":0.50185,"p10":0.58768,"p20":0.65577,"p25":0.69647,"p75":0.91854,"p80":0.9372,"p90":0.96677,"p95":0.9873},"hard-ps":{"p5":0.59009,"p10":0.64155,"p20":0.73989,"p25":0.77399,"p75":0.93911,"p80":0.95164,"p90":0.97485,"p95":0.98884}}}