{"efficiency":{"normal":0.8204888751692271,"hard":0.895035329947405},"luck":{"normal":0.5209228305650636,"hard":0.4770959449052133},"steps":{"normal":[1025,5553,90812,179591,86041,32324,8687],"hard":[96,1881,25014,63236,32389,12209,3589]},"unsolvedPenalty":{"normal":2468.7400559561625,"hard":978.2715622558485},"average":{"normal":4.156092297106991,"hard":4.2522540746734485},"percentSolvingInThreeOrFewer":{"normal":0.17953983619038488,"hard":0.04976044272470362},"percentiles":{"normal":{"p5":0.55248,"p10":0.61687,"p20":0.70702,"p25":0.74849,"p75":0.92366,"p80":0.93253,"p90":0.96122,"p95":0.98232},"hard":{"p5":0.70531,"p10":0.77626,"p20":0.84267,"p25":0.8602,"p75":0.95963,"p80":0.96932,"p90":0.98346,"p95":0.99769}}}