{"efficiency":{"normal":0.8073436222113406,"hard":0.844883638297913},"luck":{"normal":0.5474520568200538,"hard":0.5158301270648625},"steps":{"normal":[1015,15890,116872,189575,90865,19386,2360],"hard":[154,5066,34611,74050,32609,4613,228]},"unsolvedPenalty":{"normal":156.32441900819956,"hard":8.324711305837013},"average":{"normal":3.9659978585774667,"hard":3.982305837609649},"percentSolvingInThreeOrFewer":{"normal":0.3068540220156298,"hard":0.26320449874777807},"percentiles":{"normal":{"p5":0.5353,"p10":0.59971,"p20":0.66825,"p25":0.71291,"p75":0.91938,"p80":0.93387,"p90":0.96799,"p95":0.99142},"hard":{"p5":0.6162,"p10":0.66629,"p20":0.74663,"p25":0.78377,"p75":0.93043,"p80":0.94274,"p90":0.97518,"p95":1}}}