{"efficiency":{"normal":0.8169775046393095,"hard":0.8696557294605352},"luck":{"normal":0.5554554989361286,"hard":0.537652515502459},"steps":{"normal":[1226,18446,138332,184928,75591,13742,1523],"hard":[88,5154,53133,63807,20379,2325,88]},"unsolvedPenalty":{"normal":213.96813535748305,"hard":8.052060567699757},"average":{"normal":3.8322102938498315,"hard":3.7344130448278},"percentSolvingInThreeOrFewer":{"normal":0.27300482056775577,"hard":0.10086562883356083},"percentiles":{"normal":{"p5":0.58838,"p10":0.65265,"p20":0.7158,"p25":0.74441,"p75":0.91087,"p80":0.92188,"p90":0.95646,"p95":0.98332},"hard":{"p5":0.66779,"p10":0.72604,"p20":0.79276,"p25":0.81494,"p75":0.94433,"p80":0.95651,"p90":0.99388,"p95":1}}}