{"efficiency":{"normal":0.8538723133931149,"hard":0.9071791216959231},"luck":{"normal":0.5783407957969472,"hard":0.5753448680405653},"steps":{"normal":[1510,19369,163316,186077,60966,10973,1178],"hard":[179,6689,52529,65757,20339,1763,59]},"unsolvedPenalty":{"normal":170.13474772363446,"hard":4.441933085354347},"average":{"normal":3.7263865834295613,"hard":3.7117392307796737},"percentSolvingInThreeOrFewer":{"normal":0.3118213675068985,"hard":0.10055526400433377},"percentiles":{"normal":{"p5":0.60693,"p10":0.69112,"p20":0.7745,"p25":0.80063,"p75":0.94048,"p80":0.94671,"p90":0.98043,"p95":1},"hard":{"p5":0.73528,"p10":0.79716,"p20":0.85932,"p25":0.87506,"p75":0.96826,"p80":0.97857,"p90":1,"p95":1}}}