{"efficiency": {"normal": 0.8330466302311613, "hard": 0.8764020804083419}, "luck": {"normal": 0.5725452590719186, "hard": 0.5253752018252343}, "steps": {"normal": [514, 5131, 82919, 140840, 48020, 7998, 923], "hard": [48, 1306, 19344, 36437, 10392, 816, 30]}, "unsolvedPenalty": {"normal": 73.35567284730844, "hard": 1.441741850988604}, "average": {"normal": 3.9026885598590764, "hard": 3.853969282346116}, "percentSolvingInThreeOrFewer": {"normal": 0.30929123958860816, "hard": 0.3027218346423296}}