{"efficiency":{"normal":0.787934131336968,"hard":0.838536251703309},"luck":{"normal":0.47594075608028225,"hard":0.49025250442351886},"steps":{"normal":[873,4889,51766,156616,141765,54389,7524],"hard":[93,4262,20440,53154,50659,17090,1807]},"unsolvedPenalty":{"normal":104.72474897240349,"hard":9.5057353533879},"average":{"normal":4.48208584434669,"hard":4.401391120421404},"percentSolvingInThreeOrFewer":{"normal":0.10176126283093327,"hard":0.0438608749179687},"percentiles":{"normal":{"p5":0.51843,"p10":0.58312,"p20":0.66379,"p25":0.69234,"p75":0.90033,"p80":0.91358,"p90":0.94362,"p95":0.96889},"hard":{"p5":0.57163,"p10":0.64846,"p20":0.723,"p25":0.75,"p75":0.93787,"p80":0.95029,"p90":0.97752,"p95":0.99731}}}