{"efficiency": {"normal": 0.8235379848831913, "hard": 0.8611397613459257}, "luck": {"normal": 0.511959767931455, "hard": 0.5125628503726181}, "steps": {"normal": [751, 4374, 74695, 136704, 87040, 23849, 3604], "hard": [104, 1814, 26298, 50251, 27372, 5539, 663]}, "unsolvedPenalty": {"normal": 238.87917972586135, "hard": 32.71758427557809}, "average": {"normal": 4.181540160111795, "hard": 4.091339041817509}, "percentSolvingInThreeOrFewer": {"normal": 0.24113565164326908, "hard": 0.25183638132469366}, "percentiles": {"normal": {"p5": 0.54406, "p10": 0.61302, "p20": 0.70462, "p25": 0.74483, "p75": 0.93198, "p80": 0.94368, "p90": 0.96756, "p95": 0.98689}, "hard": {"p5": 0.61035, "p10": 0.68996, "p20": 0.78851, "p25": 0.81801, "p75": 0.94162, "p80": 0.95125, "p90": 0.97222, "p95": 0.99062}}}