{"efficiency":{"normal":0.8207038752830369,"hard":0.8950545568431957},"luck":{"normal":0.632523026756955,"hard":0.6779617702965169},"steps":{"normal":[1556,39760,203433,162521,49657,11829,1588],"hard":[234,26229,74560,38895,11685,2662,195]},"unsolvedPenalty":{"normal":289.9258327638197,"hard":11.167501290512815},"average":{"normal":3.551110355164826,"hard":3.2857633044153824},"percentSolvingInThreeOrFewer":{"normal":0.3917222173318075,"hard":0.1616872464208833},"percentiles":{"normal":{"p5":0.58517,"p10":0.65648,"p20":0.73032,"p25":0.75952,"p75":0.90676,"p80":0.9193,"p90":0.95029,"p95":0.97315},"hard":{"p5":0.71503,"p10":0.76919,"p20":0.83378,"p25":0.85954,"p75":0.95418,"p80":0.96546,"p90":0.99611,"p95":1}}}