{"efficiency": {"normal": 0.8169871308933249, "hard": 0.9346799200772206}, "luck": {"normal": 0.6582402129995233, "hard": 0.682484100477986}, "steps": {"normal": [1997, 48733, 117303, 104438, 49829, 15772, 2348], "hard": [393, 19313, 27618, 19059, 7914, 2083, 194]}, "unsolvedPenalty": {"normal": 453.6770208413735, "hard": 21.22369638808784}, "average": {"normal": 3.6125688179920137, "hard": 3.285138868237105}, "percentSolvingInThreeOrFewer": {"normal": 0.49360495858057696, "hard": 0.6180165591454019}, "percentiles": {"normal": {"p5": 0.5, "p10": 0.5894, "p20": 0.6726, "p25": 0.7268, "p75": 0.9398, "p80": 0.97476, "p90": 0.99758, "p95": 1}, "hard": {"p5": 0.73162, "p10": 0.80129, "p20": 0.87436, "p25": 0.89726, "p75": 1, "p80": 1, "p90": 1, "p95": 1}}}