{"efficiency":{"normal":0.8274459469781589,"hard":0.9424090547522382},"luck":{"normal":0.6910080317220284,"hard":0.7060260701452638},"steps":{"normal":[3084,65159,201259,136596,46203,11263,1977],"hard":[949,33867,62405,35612,13981,2911,277]},"unsolvedPenalty":{"normal":487.15969133003864,"hard":42.096144300809186},"average":{"normal":3.4240071829945182,"hard":3.24914168383299},"percentSolvingInThreeOrFewer":{"normal":0.43782846801300307,"hard":0.157944072507867},"percentiles":{"normal":{"p5":0.57742,"p10":0.64501,"p20":0.73225,"p25":0.75407,"p75":0.91092,"p80":0.92692,"p90":0.97892,"p95":1},"hard":{"p5":0.80455,"p10":0.85606,"p20":0.89284,"p25":0.91251,"p75":0.99947,"p80":1,"p90":1,"p95":1}}}