{"efficiency":{"normal":0.8790570017348012,"hard":0.900889546698664,"normal-ps":0.8228589731800766,"hard-ps":0.8492126755447942},"luck":{"normal":0.579110989269765,"hard":0.5964420326890647,"normal-ps":0.5960270574712644,"hard-ps":0.6041965617433414},"steps":{"normal":[731,24192,210275,170877,29460,2840,292],"hard":[101,9903,79976,55560,8098,527,15],"normal-ps":[2,84,653,476,80,8,2],"hard-ps":[3,62,466,256,37,1,1]},"unsolvedPenalty":{"normal":60.803076017074694,"hard":0.5,"normal-ps":null,"hard-ps":null},"average":{"normal":3.4867906635329304,"hard":3.4104099104942276,"normal-ps":3.442911877394636,"hard-ps":3.324455205811138},"percentSolvingInThreeOrFewer":{"normal":0.3953053726356269,"hard":0.15123248254557312,"normal-ps":0.0012420627317312573,"hard-ps":0.000892469973679699},"percentiles":{"normal":{"p5":0.68196,"p10":0.7419,"p20":0.81154,"p25":0.83335,"p75":0.95012,"p80":0.96196,"p90":0.98759,"p95":1},"hard":{"p5":0.75,"p10":0.80115,"p20":0.85043,"p25":0.86701,"p75":0.9553,"p80":0.96504,"p90":0.99436,"p95":1},"normal-ps":{"p5":0.55431,"p10":0.60866,"p20":0.7063,"p25":0.75788,"p75":0.92427,"p80":0.9438,"p90":0.97435,"p95":0.99915},"hard-ps":{"p5":0.59662,"p10":0.6388,"p20":0.77025,"p25":0.79966,"p75":0.93679,"p80":0.95064,"p90":0.99005,"p95":1}}}