{"efficiency":{"normal":0.8223149414231071,"hard":0.8607882611463585},"luck":{"normal":0.4960661612397018,"hard":0.5230799801054772},"steps":{"normal":[621,5077,85964,198069,92982,22489,2631],"hard":[67,2006,35916,65787,28100,5789,561]},"unsolvedPenalty":{"normal":407.36548353096083,"hard":53.15625185778886},"average":{"normal":4.110911141624166,"hard":4.004818091717367},"percentSolvingInThreeOrFewer":{"normal":0.16786340187778467,"hard":0.06957179404067984},"percentiles":{"normal":{"p5":0.57888,"p10":0.63984,"p20":0.72492,"p25":0.75727,"p75":0.9132,"p80":0.9256,"p90":0.95537,"p95":0.97687},"hard":{"p5":0.62933,"p10":0.69447,"p20":0.7821,"p25":0.81053,"p75":0.94304,"p80":0.94931,"p90":0.97781,"p95":0.99643}}}