{"efficiency":{"normal":0.8294534582926186,"hard":0.8648736793022856},"luck":{"normal":0.604630117946113,"hard":0.6224970726988619},"steps":{"normal":[1007,41352,155599,82186,18736,3424,457],"hard":[272,22283,53527,22845,5770,1123,124]},"unsolvedPenalty":{"normal":61.805827837183784,"hard":9.241140335772556},"average":{"normal":3.2921571993349117,"hard":3.1456641352066734},"percentSolvingInThreeOrFewer":{"normal":0.6538424698029138,"hard":0.718134108585668},"percentiles":{"normal":{"p5":0.60224,"p10":0.67075,"p20":0.74283,"p25":0.7733,"p75":0.92505,"p80":0.93706,"p90":0.96603,"p95":0.99392},"hard":{"p5":0.66848,"p10":0.73362,"p20":0.80213,"p25":0.82255,"p75":0.94653,"p80":0.95785,"p90":0.98181,"p95":0.99874}}}