{"efficiency": {"normal": 0.7942687344152488, "hard": 0.8839634326512847}, "luck": {"normal": 0.503921688589896, "hard": 0.5060992891978994}, "steps": {"normal": [2612, 8179, 49134, 98414, 132480, 99661, 23448], "hard": [67, 1431, 9449, 19815, 29662, 23158, 4570]}, "unsolvedPenalty": {"normal": 2499.0112671720235, "hard": 286.2849560114495}, "average": {"normal": 4.800421839709253, "hard": 4.878735422406882}, "percentSolvingInThreeOrFewer": {"normal": 0.14477155447324172, "hard": 0.12418322896814593}, "percentiles": {"normal": {"p5": 0.55185, "p10": 0.61451, "p20": 0.69762, "p25": 0.73035, "p75": 0.88388, "p80": 0.89779, "p90": 0.93226, "p95": 0.95932}, "hard": {"p5": 0.66248, "p10": 0.73363, "p20": 0.82226, "p25": 0.84789, "p75": 0.95644, "p80": 0.96988, "p90": 0.98821, "p95": 0.99515}}}