{"efficiency":{"normal":0.8262635256089905,"hard":0.8696941049147298},"luck":{"normal":0.5247362419960365,"hard":0.5630262435777506},"steps":{"normal":[952,5668,102107,184116,92909,18449,1995],"hard":[126,2590,42561,67580,23287,2682,142]},"unsolvedPenalty":{"normal":181.9460780262234,"hard":11.288964377167407},"average":{"normal":4.043062000713925,"hard":3.861934230409441},"percentSolvingInThreeOrFewer":{"normal":0.19944421516026964,"hard":0.08305406520841932},"percentiles":{"normal":{"p5":0.60085,"p10":0.66468,"p20":0.74741,"p25":0.77052,"p75":0.90905,"p80":0.92039,"p90":0.95161,"p95":0.98179},"hard":{"p5":0.69304,"p10":0.75908,"p20":0.80715,"p25":0.82482,"p75":0.93377,"p80":0.94283,"p90":0.96651,"p95":0.98371}}}