{"efficiency":{"normal":0.8241194773589137,"hard":0.8754787872601891},"luck":{"normal":0.6365243238801624,"hard":0.5747741394229304},"steps":{"normal":[438,8466,128262,114313,38380,7941,970],"hard":[60,3279,32958,43961,15492,2549,163]},"unsolvedPenalty":{"normal":65.43492303050382,"hard":7.666287618602245},"average":{"normal":3.6977417486971627,"hard":3.8092583000721083},"percentSolvingInThreeOrFewer":{"normal":0.34530363791527896,"hard":0.09137710109683737},"percentiles":{"normal":{"p5":0.56916,"p10":0.63845,"p20":0.73423,"p25":0.76702,"p75":0.90878,"p80":0.9221,"p90":0.95324,"p95":0.97275},"hard":{"p5":0.647,"p10":0.72675,"p20":0.80749,"p25":0.83448,"p75":0.94635,"p80":0.9552,"p90":0.98552,"p95":1}}}