{"efficiency":{"normal":0.8511424180723247,"hard":0.8817089082355486},"luck":{"normal":0.5302216003504782,"hard":0.5321512395230628},"steps":{"normal":[693,10140,160248,189081,66140,12989,1247],"hard":[70,4812,57679,59201,21868,4077,234]},"unsolvedPenalty":{"normal":121.68767701020175,"hard":15.02868909169748},"average":{"normal":3.8002456071058086,"hard":3.749702590169253},"percentSolvingInThreeOrFewer":{"normal":0.2907176903404505,"hard":0.10631366984714989},"percentiles":{"normal":{"p5":0.63251,"p10":0.70298,"p20":0.77524,"p25":0.79878,"p75":0.92936,"p80":0.94001,"p90":0.9668,"p95":0.98582},"hard":{"p5":0.7072,"p10":0.76193,"p20":0.81908,"p25":0.83848,"p75":0.94755,"p80":0.95605,"p90":0.97806,"p95":0.99658}}}