{"efficiency": {"normal": 0.8076788490285237, "hard": 0.8782429394576964}, "luck": {"normal": 0.5656689399628466, "hard": 0.5745751644815222}, "steps": {"normal": [389, 10778, 107382, 109928, 40279, 11767, 1766], "hard": [62, 3518, 26572, 24700, 9297, 2928, 347]}, "unsolvedPenalty": {"normal": 212.18783346773233, "hard": 26.82076000897322}, "average": {"normal": 3.7846823214275713, "hard": 3.739363146060883}, "percentSolvingInThreeOrFewer": {"normal": 0.41995614423516325, "hard": 0.4471998101566208}}