{"efficiency":{"normal":0.8843398288431896,"hard":0.9182961209171736,"normal-ps":0.8184625104602511,"hard-ps":0.8449066016073479},"luck":{"normal":0.5076232323553467,"hard":0.4968746379036032,"normal-ps":0.5125166039051604,"hard-ps":0.5110377267508611},"steps":{"normal":[1262,13320,173368,200855,54548,11222,1491],"hard":[163,4771,64055,70880,16704,3398,302],"normal-ps":[2,46,551,607,183,35,10],"hard-ps":[4,30,375,366,82,12,2]},"unsolvedPenalty":{"normal":205.64832709387588,"hard":16.980601009995553,"normal-ps":2.6671433877804698,"hard-ps":null},"average":{"normal":3.728495218967139,"hard":3.6881360162221184,"normal-ps":3.7377963737796374,"hard-ps":3.61308840413318},"percentSolvingInThreeOrFewer":{"normal":0.3038132846684652,"hard":0.11151647207723878,"normal-ps":0.0009682325956553998,"hard-ps":0.0006611137422755567},"percentiles":{"normal":{"p5":0.64833,"p10":0.73263,"p20":0.82344,"p25":0.8476,"p75":0.96056,"p80":0.96865,"p90":0.98606,"p95":0.991},"hard":{"p5":0.7631,"p10":0.83129,"p20":0.8806,"p25":0.89555,"p75":0.96869,"p80":0.97486,"p90":0.98842,"p95":0.99696},"normal-ps":{"p5":0.52028,"p10":0.59882,"p20":0.66504,"p25":0.70819,"p75":0.94995,"p80":0.96133,"p90":0.98046,"p95":0.9933},"hard-ps":{"p5":0.56432,"p10":0.62691,"p20":0.71548,"p25":0.77775,"p75":0.95486,"p80":0.96389,"p90":0.98168,"p95":0.99591}}}