{"efficiency":{"normal":0.8391631959367639,"hard":0.8783677949583871,"normal-ps":0.7897357163255593,"hard-ps":0.8257320178704393},"luck":{"normal":0.5962639477486864,"hard":0.5834662837393438,"normal-ps":0.5953853974297953,"hard-ps":0.5784506180193596},"steps":{"normal":[685,11273,174790,190769,54187,8937,867],"hard":[89,4885,66058,69440,15994,1603,55],"normal-ps":[4,80,846,881,236,50,4],"hard-ps":[4,58,584,531,149,17]},"unsolvedPenalty":{"normal":63.400637354452115,"hard":2.9327321846651744,"normal-ps":null,"hard-ps":null},"average":{"normal":3.7155191157818446,"hard":3.6408831043990793,"normal-ps":3.6792003807710616,"hard-ps":3.6061057334326136},"percentSolvingInThreeOrFewer":{"normal":0.30966293476242274,"hard":0.1177804897461067,"normal-ps":0.0015420635131191468,"hard-ps":0.001071153795134375},"percentiles":{"normal":{"p5":0.59357,"p10":0.64834,"p20":0.75348,"p25":0.78407,"p75":0.92772,"p80":0.93881,"p90":0.96329,"p95":0.99197},"hard":{"p5":0.68012,"p10":0.75035,"p20":0.81121,"p25":0.83108,"p75":0.94643,"p80":0.9569,"p90":0.992,"p95":1},"normal-ps":{"p5":0.50118,"p10":0.56877,"p20":0.64009,"p25":0.68534,"p75":0.90663,"p80":0.921,"p90":0.96098,"p95":0.99009},"hard-ps":{"p5":0.56481,"p10":0.61223,"p20":0.71467,"p25":0.75402,"p75":0.93033,"p80":0.94445,"p90":0.98085,"p95":0.9978}}}