{"efficiency":{"normal":0.845352970548464,"hard":0.8784387750469198},"luck":{"normal":0.5427023556814327,"hard":0.5363762354410466},"steps":{"normal":[732,15798,111187,179585,93770,25329,3995],"hard":[128,5766,40665,59011,29624,8610,1122]},"unsolvedPenalty":{"normal":584.8626073036918,"hard":123.12695087692941},"average":{"normal":4.017274547980725,"hard":3.975877677191433},"percentSolvingInThreeOrFewer":{"normal":0.22199607181965134,"hard":0.08092920584707906},"percentiles":{"normal":{"p5":0.60333,"p10":0.6863,"p20":0.76813,"p25":0.79309,"p75":0.92872,"p80":0.93986,"p90":0.97542,"p95":1},"hard":{"p5":0.69281,"p10":0.76089,"p20":0.81588,"p25":0.83544,"p75":0.9472,"p80":0.95801,"p90":0.9809,"p95":1}}}