{"efficiency":{"normal":0.8397840022591164,"hard":0.9021735828831483},"luck":{"normal":0.5689389524946186,"hard":0.5642230609959729},"steps":{"normal":[1360,17905,128258,224039,84521,11812,1296],"hard":[127,3952,44906,75897,25551,2222,57]},"unsolvedPenalty":{"normal":141.36876020551293,"hard":3.6230679931478833},"average":{"normal":3.8776091728650286,"hard":3.8488229708934942},"percentSolvingInThreeOrFewer":{"normal":0.23722152992724202,"hard":0.0787667323230293},"percentiles":{"normal":{"p5":0.60548,"p10":0.67987,"p20":0.76144,"p25":0.77496,"p75":0.92376,"p80":0.92608,"p90":0.95702,"p95":0.98094},"hard":{"p5":0.69916,"p10":0.77085,"p20":0.84835,"p25":0.86962,"p75":0.96736,"p80":0.97566,"p90":0.99469,"p95":0.99777}}}