{"efficiency":{"normal":0.8031536705145083,"hard":0.8458977672518969},"luck":{"normal":0.6227176638125184,"hard":0.6395985109575725},"steps":{"normal":[1230,27292,194064,173325,53133,9364,1150],"hard":[95,14324,67039,54343,15456,1932,80]},"unsolvedPenalty":{"normal":66.99181079649392,"hard":2.6230679931478833},"average":{"normal":3.6122746510286903,"hard":3.5008905678103774},"percentSolvingInThreeOrFewer":{"normal":0.3632134430306215,"hard":0.13292583031731062},"percentiles":{"normal":{"p5":0.51067,"p10":0.59494,"p20":0.66431,"p25":0.7092,"p75":0.92324,"p80":0.94095,"p90":0.978,"p95":0.99352},"hard":{"p5":0.58983,"p10":0.64065,"p20":0.73755,"p25":0.77712,"p75":0.94539,"p80":0.95685,"p90":0.99535,"p95":1}}}