{"efficiency":{"normal":0.8420853125853904,"hard":0.8716357110342252},"luck":{"normal":0.45006750965283077,"hard":0.45909926638151544},"steps":{"normal":[971,3720,53945,166906,144092,47028,4193],"hard":[71,1431,20381,51874,48277,18061,1816]},"unsolvedPenalty":{"normal":388.0309616591514,"hard":76.48773849892635},"average":{"normal":4.43299806824581,"hard":4.455018215385483},"percentSolvingInThreeOrFewer":{"normal":0.10419635590841084,"hard":0.038887724024208654},"percentiles":{"normal":{"p5":0.60911,"p10":0.68584,"p20":0.76898,"p25":0.79279,"p75":0.92271,"p80":0.93317,"p90":0.95501,"p95":0.97273},"hard":{"p5":0.66981,"p10":0.74463,"p20":0.81304,"p25":0.83221,"p75":0.93711,"p80":0.94607,"p90":0.96678,"p95":0.98295}}}