{"efficiency":{"normal":0.8784970328888414,"hard":0.9214722306139286},"luck":{"normal":0.41032362598080047,"hard":0.427412752718175},"steps":{"normal":[1005,2199,39346,133645,162312,66591,6680],"hard":[75,980,15957,47045,60182,23310,1538]},"unsolvedPenalty":{"normal":603.0572093963996,"hard":25},"average":{"normal":4.636488813228391,"hard":4.615296903192053},"percentSolvingInThreeOrFewer":{"normal":0.07586606522010449,"hard":0.03033501524417423},"percentiles":{"normal":{"p5":0.66578,"p10":0.745,"p20":0.82355,"p25":0.84527,"p75":0.94676,"p80":0.95458,"p90":0.97732,"p95":0.99034},"hard":{"p5":0.77133,"p10":0.83181,"p20":0.88363,"p25":0.8975,"p75":0.97198,"p80":0.979,"p90":0.98875,"p95":0.99486}}}