{"efficiency":{"normal":0.7715574831448992,"hard":0.8366582369639697},"luck":{"normal":0.42950953905133205,"hard":0.4289331487519295},"steps":{"normal":[853,1824,28282,133672,138834,64332,16926],"hard":[77,548,13581,54185,45338,16222,2839]},"unsolvedPenalty":{"normal":484.56557225039955,"hard":66.60319423614241},"average":{"normal":4.6935464587394415,"hard":4.516072437031738},"percentSolvingInThreeOrFewer":{"normal":0.059844847407521905,"hard":0.027467612137840422},"percentiles":{"normal":{"p5":0.47391,"p10":0.55476,"p20":0.64312,"p25":0.67114,"p75":0.89368,"p80":0.90829,"p90":0.93936,"p95":0.96261},"hard":{"p5":0.57269,"p10":0.64601,"p20":0.72683,"p25":0.76389,"p75":0.93502,"p80":0.94879,"p90":0.9834,"p95":1}}}