{"efficiency":{"normal":0.8497528874632799,"hard":0.8932480468415624},"luck":{"normal":0.6386143012602362,"hard":0.6541501926004926},"steps":{"normal":[805,45338,187075,130476,52305,12320,1278],"hard":[149,22754,58820,42377,15188,3001,234]},"unsolvedPenalty":{"normal":141.3929552801658,"hard":9.992271972591533},"average":{"normal":3.532893236065009,"hard":3.4168169348105217},"percentSolvingInThreeOrFewer":{"normal":0.40763993882455757,"hard":0.14284116233340616},"percentiles":{"normal":{"p5":0.65295,"p10":0.72119,"p20":0.78787,"p25":0.80711,"p75":0.91805,"p80":0.92637,"p90":0.95536,"p95":0.98308},"hard":{"p5":0.72714,"p10":0.78505,"p20":0.83551,"p25":0.84361,"p75":0.96248,"p80":0.97412,"p90":0.99513,"p95":1}}}