{"efficiency":{"normal":0.8431102840282413,"hard":0.8787405015551284},"luck":{"normal":0.6265701205287623,"hard":0.6387263514939717},"steps":{"normal":[835,33979,210642,143367,32802,4689,717],"hard":[121,17762,69761,44931,9563,897,40]},"unsolvedPenalty":{"normal":92.05896112451356,"hard":2.482136713501798},"average":{"normal":3.4438512065755735,"hard":3.341527171064127},"percentSolvingInThreeOrFewer":{"normal":0.4305474917954286,"hard":0.15373200563401035},"percentiles":{"normal":{"p5":0.58676,"p10":0.66431,"p20":0.76552,"p25":0.79078,"p75":0.9303,"p80":0.93758,"p90":0.96469,"p95":0.99061},"hard":{"p5":0.65651,"p10":0.74439,"p20":0.81892,"p25":0.83821,"p75":0.95114,"p80":0.96547,"p90":0.99776,"p95":1}}}