{"efficiency":{"normal":0.7964272637494705,"hard":0.8411753787404532},"luck":{"normal":0.5620408816604769,"hard":0.5384790223083098},"steps":{"normal":[1362,12547,94826,180696,89759,23844,3009],"hard":[108,2769,33960,68736,25116,4667,420]},"unsolvedPenalty":{"normal":111.47336684899356,"hard":4.154397601022564},"average":{"normal":4.047919970841173,"hard":3.966607501896464},"percentSolvingInThreeOrFewer":{"normal":0.20068434622603726,"hard":0.06798798887475985},"percentiles":{"normal":{"p5":0.48942,"p10":0.57374,"p20":0.64768,"p25":0.67167,"p75":0.92504,"p80":0.94046,"p90":0.97368,"p95":1},"hard":{"p5":0.58175,"p10":0.63289,"p20":0.70553,"p25":0.74399,"p75":0.94855,"p80":0.95956,"p90":0.99572,"p95":1}}}