{"efficiency":{"normal":0.817728527878235,"hard":0.8720692766317795},"luck":{"normal":0.6096199147052422,"hard":0.612189142265504},"steps":{"normal":[1290,31051,142773,165469,74449,15409,1471],"hard":[208,12227,54290,58132,22533,3579,184]},"unsolvedPenalty":{"normal":162.1989391787382,"hard":11.56153781298165},"average":{"normal":3.7672244937649624,"hard":3.6737631819204255},"percentSolvingInThreeOrFewer":{"normal":0.30033546687521867,"hard":0.11443948218732634},"percentiles":{"normal":{"p5":0.56907,"p10":0.64006,"p20":0.7233,"p25":0.74762,"p75":0.91353,"p80":0.92443,"p90":0.95352,"p95":0.98339},"hard":{"p5":0.66509,"p10":0.73077,"p20":0.78441,"p25":0.81456,"p75":0.94805,"p80":0.9629,"p90":0.99858,"p95":1}}}