{"efficiency":{"normal":0.8269076144447771,"hard":0.8710746118143167},"luck":{"normal":0.45331063313516673,"hard":0.45663754410014823},"steps":{"normal":[1431,3785,57667,166630,140720,45495,5125],"hard":[176,1192,26120,65777,40443,9462,536]},"unsolvedPenalty":{"normal":522.2017216594152,"hard":14.123067993147883},"average":{"normal":4.409710638742759,"hard":4.218548852874251},"percentSolvingInThreeOrFewer":{"normal":0.11138487153826397,"hard":0.048688813511287454},"percentiles":{"normal":{"p5":0.58968,"p10":0.66001,"p20":0.74154,"p25":0.76904,"p75":0.91355,"p80":0.92562,"p90":0.95254,"p95":0.97466},"hard":{"p5":0.65702,"p10":0.73016,"p20":0.80042,"p25":0.82281,"p75":0.94664,"p80":0.96126,"p90":0.97962,"p95":1}}}