{"efficiency": {"normal": 0.8257372068154338, "hard": 0.8917068486645251}, "luck": {"normal": 0.5721656883144449, "hard": 0.5878342066065884}, "steps": {"normal": [2643, 12500, 137087, 185274, 65424, 14161, 3412], "hard": [150, 3391, 39793, 34579, 7402, 930, 84]}, "unsolvedPenalty": {"normal": 346.6907109364829, "hard": 1.504849464916064}, "average": {"normal": 3.8437879831699244, "hard": 3.565505274582874}, "percentSolvingInThreeOrFewer": {"normal": 0.36202054216280105, "hard": 0.5019634190133095}, "percentiles": {"normal": {"p5": 0.56314, "p10": 0.63447, "p20": 0.73424, "p25": 0.76031, "p75": 0.92739, "p80": 0.93704, "p90": 0.95741, "p95": 0.98016}, "hard": {"p5": 0.69918, "p10": 0.77102, "p20": 0.83286, "p25": 0.85059, "p75": 0.9585, "p80": 0.96761, "p90": 0.9821, "p95": 0.99565}}}