{"efficiency":{"normal":0.8616943952784402,"hard":0.8938610261476265},"luck":{"normal":0.5915576079627515,"hard":0.5899363281168493},"steps":{"normal":[1319,35826,206030,171501,52285,8545,855],"hard":[147,13738,67993,53854,15712,1852,64]},"unsolvedPenalty":{"normal":196.14440033684747,"hard":5.017416181893405},"average":{"normal":3.557984583347328,"hard":3.5020474700052167},"percentSolvingInThreeOrFewer":{"normal":0.3861683139387164,"hard":0.13002121550891813},"percentiles":{"normal":{"p5":0.63121,"p10":0.71141,"p20":0.78707,"p25":0.81435,"p75":0.93734,"p80":0.94621,"p90":0.98068,"p95":1},"hard":{"p5":0.72374,"p10":0.78642,"p20":0.84509,"p25":0.85965,"p75":0.94758,"p80":0.95962,"p90":0.99092,"p95":1}}}