{"efficiency":{"normal":0.818426147150403,"hard":0.887233589006415},"luck":{"normal":0.5267909669938324,"hard":0.49592268825048097},"steps":{"normal":[649,12334,109097,162006,95149,34429,4158],"hard":[77,3888,32419,50718,36086,14703,1936]},"unsolvedPenalty":{"normal":879.3696675484842,"hard":279.3594403278757},"average":{"normal":4.087614370403345,"hard":4.206955738162158},"percentSolvingInThreeOrFewer":{"normal":0.2189227089004372,"hard":0.06524428951077542},"percentiles":{"normal":{"p5":0.56696,"p10":0.6464,"p20":0.73968,"p25":0.76352,"p75":0.90576,"p80":0.91733,"p90":0.94579,"p95":0.96526},"hard":{"p5":0.71729,"p10":0.77162,"p20":0.82335,"p25":0.84018,"p75":0.95092,"p80":0.96099,"p90":0.99634,"p95":0.99997}}}