{"efficiency":{"normal":0.8157482983147323,"hard":0.8817420562540852},"luck":{"normal":0.46332377001420616,"hard":0.4723127095295995},"steps":{"normal":[693,3702,94396,200854,84499,26727,5133],"hard":[68,1576,37908,67271,26192,7657,1606]},"unsolvedPenalty":{"normal":2015.1853260443352,"hard":640.427068496533},"average":{"normal":4.106550934216631,"hard":4.0242544787500965},"percentSolvingInThreeOrFewer":{"normal":0.17696041554719685,"hard":0.07084900591080065},"percentiles":{"normal":{"p5":0.53693,"p10":0.60014,"p20":0.69439,"p25":0.74477,"p75":0.91904,"p80":0.93355,"p90":0.96153,"p95":0.98372},"hard":{"p5":0.69551,"p10":0.76122,"p20":0.82656,"p25":0.84378,"p75":0.94481,"p80":0.95192,"p90":0.97284,"p95":0.9885}}}