{"efficiency":{"normal":0.7513164662372477,"hard":0.8860084938096633},"luck":{"normal":0.6592730184130591,"hard":0.6678967522706987},"steps":{"normal":[3395,77708,151170,113226,55551,20711,4241],"hard":[1147,31726,55595,36362,15716,5227,987]},"unsolvedPenalty":{"normal":3416.0644710698816,"hard":842.6128184139361},"average":{"normal":3.5039553804911714,"hard":3.357138476843303},"percentSolvingInThreeOrFewer":{"normal":0.40553073435260306,"hard":0.15446004717483497},"percentiles":{"normal":{"p5":0.43552,"p10":0.50181,"p20":0.5977,"p25":0.62837,"p75":0.90045,"p80":0.9275,"p90":0.96571,"p95":0.9982},"hard":{"p5":0.70304,"p10":0.77611,"p20":0.8364,"p25":0.84511,"p75":0.94628,"p80":0.95559,"p90":0.99762,"p95":1}}}