{"efficiency":{"normal":0.8392806555090333,"hard":0.8977584454981304},"luck":{"normal":0.5482952338939138,"hard":0.5334426835139181},"steps":{"normal":[1097,7322,146936,168368,74115,27583,6866],"hard":[75,2457,47125,66193,25964,7953,1870]},"unsolvedPenalty":{"normal":1393.344699053482,"hard":285.71856895199556},"average":{"normal":3.949432094196026,"hard":3.956118889189314},"percentSolvingInThreeOrFewer":{"normal":0.2660555172136243,"hard":0.08503973955648565},"percentiles":{"normal":{"p5":0.58753,"p10":0.6641,"p20":0.75732,"p25":0.7821,"p75":0.9338,"p80":0.94558,"p90":0.96595,"p95":0.98315},"hard":{"p5":0.71155,"p10":0.77986,"p20":0.83786,"p25":0.85632,"p75":0.96651,"p80":0.97518,"p90":0.99507,"p95":1}}}