{"efficiency":{"normal":0.8756536359960522,"hard":0.9079016431121598,"normal-ps":0.7712484304047384,"hard-ps":0.8063302605363984},"luck":{"normal":0.5928503311261157,"hard":0.6052628361767576,"normal-ps":0.6078751036525173,"hard-ps":0.6379574636015326},"steps":{"normal":[694,21349,180705,196518,52511,7483,743],"hard":[110,10733,70375,63371,15629,1589,87],"normal-ps":[1,102,866,819,203,31,4],"hard-ps":[1,122,611,470,90,9,2]},"unsolvedPenalty":{"normal":112.50324182384507,"hard":0.5,"normal-ps":0.5,"hard-ps":null},"average":{"normal":3.6597261774846417,"hard":3.5479140672291747,"normal-ps":3.6051332675222114,"hard-ps":3.4283524904214557},"percentSolvingInThreeOrFewer":{"normal":0.32428174546687544,"hard":0.12990078866850813,"normal-ps":0.0015498271838728405,"hard-ps":0.0011739661021286532},"percentiles":{"normal":{"p5":0.66716,"p10":0.74548,"p20":0.81698,"p25":0.8351,"p75":0.94561,"p80":0.95303,"p90":0.98197,"p95":0.9984},"hard":{"p5":0.75738,"p10":0.81679,"p20":0.85437,"p25":0.8735,"p75":0.96252,"p80":0.97322,"p90":0.99614,"p95":1},"normal-ps":{"p5":0.50512,"p10":0.54049,"p20":0.62288,"p25":0.6492,"p75":0.90564,"p80":0.9282,"p90":0.98024,"p95":1},"hard-ps":{"p5":0.50796,"p10":0.57921,"p20":0.66699,"p25":0.68186,"p75":0.93162,"p80":0.95279,"p90":1,"p95":1}}}