{"efficiency": {"normal": 0.7194012407219651, "hard": 0.7744726349430645}, "luck": {"normal": 0.6185385503215768, "hard": 0.5736812768311351}, "steps": {"normal": [1530, 17517, 117770, 148470, 105269, 54618, 11934], "hard": [127, 5679, 35424, 45585, 34028, 18234, 3751]}, "unsolvedPenalty": {"normal": 315.1361298338127, "hard": 42.505523535181446}, "average": {"normal": 4.20395209913157, "hard": 4.242448998260391}, "percentSolvingInThreeOrFewer": {"normal": 0.29931000988825396, "hard": 0.28866888845324445}, "percentiles": {"normal": {"p5": 0.39915, "p10": 0.47829, "p20": 0.55824, "p25": 0.59301, "p75": 0.86931, "p80": 0.89084, "p90": 0.94363, "p95": 0.97266}, "hard": {"p5": 0.47747, "p10": 0.54111, "p20": 0.63174, "p25": 0.6619, "p75": 0.91123, "p80": 0.92911, "p90": 0.9672, "p95": 0.99606}}}