{"efficiency": {"normal": 0.796741855971321, "hard": 0.8626232206222768}, "luck": {"normal": 0.529700966893854, "hard": 0.5333449633153213}, "steps": {"normal": [2123, 8689, 70452, 138273, 104183, 47786, 11948], "hard": [115, 2703, 25401, 46234, 26970, 11947, 3289]}, "unsolvedPenalty": {"normal": 1312.3392226753551, "hard": 314.2744288000617}, "average": {"normal": 4.3721759043397, "hard": 4.256244905483504}, "percentSolvingInThreeOrFewer": {"normal": 0.21192633275438513, "hard": 0.24189303868539933}, "percentiles": {"normal": {"p5": 0.52238, "p10": 0.59605, "p20": 0.7085, "p25": 0.73823, "p75": 0.89266, "p80": 0.90706, "p90": 0.94177, "p95": 0.97275}, "hard": {"p5": 0.62599, "p10": 0.71033, "p20": 0.7853, "p25": 0.8102, "p75": 0.94045, "p80": 0.95096, "p90": 0.97912, "p95": 1}}}