{"efficiency":{"normal":0.6963422905344441,"hard":0.7652613897877321,"normal-ps":0.6709337583892617,"hard-ps":0.7270017912772586},"luck":{"normal":0.5028267300973625,"hard":0.4938322653666927,"normal-ps":0.5122135570469799,"hard-ps":0.5023271028037383},"steps":{"normal":[1202,8758,63631,113499,100866,70404,22894],"hard":[105,3195,27707,44427,35295,23087,8031],"normal-ps":[8,27,185,317,270,175,60],"hard-ps":[2,14,152,193,150,109,22]},"unsolvedPenalty":{"normal":8483.862889917782,"hard":2707.7914431528047,"normal-ps":23.032540241044874,"hard-ps":5.3154997060894935},"average":{"normal":4.531687370165978,"hard":4.444952026450662,"normal-ps":4.457334611697028,"hard-ps":4.35202492211838},"percentSolvingInThreeOrFewer":{"normal":0.1402313306274891,"hard":0.059088397263667373,"normal-ps":0.0004192153051696869,"hard-ps":0.0003201280512204882},"percentiles":{"normal":{"p5":0.38272,"p10":0.44122,"p20":0.50761,"p25":0.5436,"p75":0.85385,"p80":0.87523,"p90":0.92349,"p95":0.96267},"hard":{"p5":0.47141,"p10":0.52625,"p20":0.60291,"p25":0.64092,"p75":0.90735,"p80":0.9231,"p90":0.95687,"p95":0.9779},"normal-ps":{"p5":0.35305,"p10":0.42347,"p20":0.51621,"p25":0.55134,"p75":0.81161,"p80":0.83731,"p90":0.89411,"p95":0.93915},"hard-ps":{"p5":0.44322,"p10":0.48624,"p20":0.57356,"p25":0.60992,"p75":0.86295,"p80":0.88574,"p90":0.93193,"p95":0.97801}}}