{"efficiency":{"normal":0.654276600395697,"hard":0.7292328772415747},"luck":{"normal":0.4239885983149269,"hard":0.4053282680368566},"steps":{"normal":[774,2889,28519,68801,71943,76576,92676],"hard":[87,1020,9779,23028,24428,29461,39282]},"unsolvedPenalty":{"normal":69587.96043163261,"hard":31557.259006222608},"average":{"normal":5.092480295516116,"hard":5.179003359903058},"percentSolvingInThreeOrFewer":{"normal":0.06858341075888405,"hard":0.023197831516319035},"percentiles":{"normal":{"p5":0.40474,"p10":0.45277,"p20":0.4966,"p25":0.51368,"p75":0.80084,"p80":0.83986,"p90":0.90456,"p95":0.93872},"hard":{"p5":0.48756,"p10":0.52604,"p20":0.57055,"p25":0.59741,"p75":0.87378,"p80":0.89779,"p90":0.9403,"p95":0.9638}}}