{"efficiency":{"normal":0.8137153277014759,"hard":0.8791774814689314,"normal-ps":0.7866599191489362,"hard-ps":0.8579455693717277},"luck":{"normal":0.45134090262084287,"hard":0.4696511310456666,"normal-ps":0.460962914893617,"hard-ps":0.4526473494764398},"steps":{"normal":[1340,2581,43531,240294,139581,35077,5735],"hard":[113,1096,24676,97712,37598,3666,393],"normal-ps":[9,15,291,1196,625,186,28],"hard-ps":[3,15,240,906,322,38,4]},"unsolvedPenalty":{"normal":101.21892095633339,"hard":8.744090997109462,"normal-ps":1.4029118657327861,"hard-ps":null},"average":{"normal":4.359854326419891,"hard":4.111942782110939,"normal-ps":4.3,"hard-ps":4.083115183246074},"percentSolvingInThreeOrFewer":{"normal":0.0744863967513506,"hard":0.04062694665555749,"normal-ps":0.0004942641818515607,"hard-ps":0.0004048259013260402},"percentiles":{"normal":{"p5":0.51014,"p10":0.58897,"p20":0.6664,"p25":0.69832,"p75":0.94044,"p80":0.9493,"p90":0.97366,"p95":0.98638},"hard":{"p5":0.62787,"p10":0.68569,"p20":0.80605,"p25":0.84468,"p75":0.95971,"p80":0.96696,"p90":0.98464,"p95":0.99257},"normal-ps":{"p5":0.48452,"p10":0.55637,"p20":0.63453,"p25":0.66561,"p75":0.91888,"p80":0.93444,"p90":0.96153,"p95":0.98362},"hard-ps":{"p5":0.60806,"p10":0.6538,"p20":0.76156,"p25":0.80604,"p75":0.94962,"p80":0.95938,"p90":0.98234,"p95":0.99485}}}