{"efficiency":{"normal":0.8355823047702411,"hard":0.8804148323677717,"normal-ps":0.780788637660485,"hard-ps":0.8258608797327395},"luck":{"normal":0.5669259616891219,"hard":0.5616724973849372,"normal-ps":0.566758152639087,"hard-ps":0.5640205345211581},"steps":{"normal":[709,15994,129470,175008,71688,17817,2877],"hard":[103,7241,51604,60029,24639,4960,560],"normal-ps":[1,58,436,563,250,70,24],"hard-ps":[1,45,327,343,143,35,4]},"unsolvedPenalty":{"normal":517.272602178844,"hard":58.047901318030895,"normal-ps":3.4029118657327864,"hard-ps":0.5},"average":{"normal":3.8778617094331227,"hard":3.7940403390194186,"normal-ps":3.9165477888730384,"hard-ps":3.7783964365256124},"percentSolvingInThreeOrFewer":{"normal":0.25871504424778763,"hard":0.10433274336283185,"normal-ps":0.0008761061946902655,"hard-ps":0.0006601769911504425},"percentiles":{"normal":{"p5":0.60083,"p10":0.68369,"p20":0.75758,"p25":0.78065,"p75":0.91984,"p80":0.93075,"p90":0.96145,"p95":0.97981},"hard":{"p5":0.71514,"p10":0.76677,"p20":0.8182,"p25":0.83454,"p75":0.94457,"p80":0.95456,"p90":0.97988,"p95":0.99654},"normal-ps":{"p5":0.52223,"p10":0.59326,"p20":0.66775,"p25":0.70259,"p75":0.88447,"p80":0.90251,"p90":0.94108,"p95":0.97601},"hard-ps":{"p5":0.60058,"p10":0.65509,"p20":0.74012,"p25":0.76487,"p75":0.90994,"p80":0.92581,"p90":0.96553,"p95":0.99415}}}