{"efficiency": {"normal": 0.8058311003203684, "hard": 0.868116542829445}, "luck": {"normal": 0.5133994008201198, "hard": 0.5279532644989287}, "steps": {"normal": [1793, 8739, 68579, 156347, 101780, 34649, 7345], "hard": [55, 1976, 20263, 38221, 18307, 3364, 227]}, "unsolvedPenalty": {"normal": 556.7457893348292, "hard": 13.9216621625778}, "average": {"normal": 4.269581010540605, "hard": 4.016379960226694}, "percentSolvingInThreeOrFewer": {"normal": 0.20860845076364865, "hard": 0.2705155739992477}, "percentiles": {"normal": {"p5": 0.5291, "p10": 0.60908, "p20": 0.68613, "p25": 0.71923, "p75": 0.91282, "p80": 0.92551, "p90": 0.95445, "p95": 0.97807}, "hard": {"p5": 0.65734, "p10": 0.70984, "p20": 0.7975, "p25": 0.82213, "p75": 0.94016, "p80": 0.94781, "p90": 0.97403, "p95": 0.99118}}}