{"efficiency":{"normal":0.8552253490799948,"hard":0.8978231973349038},"luck":{"normal":0.5242018040881212,"hard":0.5052627532231628},"steps":{"normal":[1035,6801,86364,195396,109401,20656,1806],"hard":[137,2693,30774,67628,35135,4384,178]},"unsolvedPenalty":{"normal":116.9455530739241,"hard":2.5},"average":{"normal":4.121590167629578,"hard":4.0545152661193615},"percentSolvingInThreeOrFewer":{"normal":0.16750415186398246,"hard":0.0597566136437185},"percentiles":{"normal":{"p5":0.63391,"p10":0.70682,"p20":0.7828,"p25":0.80576,"p75":0.93326,"p80":0.94227,"p90":0.96354,"p95":0.98305},"hard":{"p5":0.75,"p10":0.8041,"p20":0.8473,"p25":0.8633,"p75":0.95195,"p80":0.96105,"p90":0.97989,"p95":0.99648}}}