{"efficiency":{"normal":0.8302614007239857,"hard":0.8691716133878908},"luck":{"normal":0.6298206587642025,"hard":0.6560102796496388},"steps":{"normal":[1453,55172,176548,165981,63176,13488,2081],"hard":[167,25305,61712,50942,15767,2361,154]},"unsolvedPenalty":{"normal":281.93094053197535,"hard":7.565713824114129},"average":{"normal":3.587909857504551,"hard":3.411597723930695},"percentSolvingInThreeOrFewer":{"normal":0.36760467902635896,"hard":0.13744797578509269},"percentiles":{"normal":{"p5":0.56276,"p10":0.63974,"p20":0.72651,"p25":0.74995,"p75":0.93558,"p80":0.9499,"p90":1,"p95":1},"hard":{"p5":0.65242,"p10":0.71261,"p20":0.78968,"p25":0.81653,"p75":0.96102,"p80":0.98135,"p90":1,"p95":1}}}