{"efficiency":{"normal":0.8702613473150984,"hard":0.9118782155581932},"luck":{"normal":0.5259661978217869,"hard":0.5543609810238501},"steps":{"normal":[1808,14487,187876,217039,62726,10360,1295],"hard":[127,8376,75280,65182,16071,1869,89]},"unsolvedPenalty":{"normal":311.52836509904307,"hard":11.998003231808486},"average":{"normal":3.7283415727184295,"hard":3.566900595250319},"percentSolvingInThreeOrFewer":{"normal":0.411974793731121,"hard":0.5017126363821455},"percentiles":{"normal":{"p5":0.65373,"p10":0.73872,"p20":0.80339,"p25":0.82571,"p75":0.94551,"p80":0.95575,"p90":0.9774,"p95":0.98826},"hard":{"p5":0.78,"p10":0.82307,"p20":0.86377,"p25":0.87682,"p75":0.96659,"p80":0.96911,"p90":0.986,"p95":0.99651}}}