{"efficiency":{"normal":0.8661379394674248,"hard":0.9131851062658701},"luck":{"normal":0.6121343723186063,"hard":0.5681332812522933},"steps":{"normal":[899,19504,166146,153421,56075,11912,1109],"hard":[128,5334,43593,62271,21295,3491,148]},"unsolvedPenalty":{"normal":107.48108596742473,"hard":7.501473561337621},"average":{"normal":3.692621538175711,"hard":3.808633368070335},"percentSolvingInThreeOrFewer":{"normal":0.3420894832679602,"hard":0.08995820886764186},"percentiles":{"normal":{"p5":0.63861,"p10":0.72721,"p20":0.80492,"p25":0.82724,"p75":0.94052,"p80":0.94486,"p90":0.98034,"p95":0.99902},"hard":{"p5":0.75856,"p10":0.81622,"p20":0.86381,"p25":0.87797,"p75":0.97169,"p80":0.97729,"p90":0.99661,"p95":1}}}