{"efficiency":{"normal":0.8163043176447613,"hard":0.8486839555187357},"luck":{"normal":0.4016346470071282,"hard":0.4501699107117569},"steps":{"normal":[1248,2718,32930,142118,160813,62376,7428],"hard":[114,954,18536,55655,49087,15523,1359]},"unsolvedPenalty":{"normal":799.6995707774817,"hard":63.65728899522884},"average":{"normal":4.630570745044429,"hard":4.439466677995865},"percentSolvingInThreeOrFewer":{"normal":0.06698519427521657,"hard":0.035587472861012076},"percentiles":{"normal":{"p5":0.55329,"p10":0.62727,"p20":0.72144,"p25":0.75628,"p75":0.90854,"p80":0.91985,"p90":0.94481,"p95":0.96208},"hard":{"p5":0.61944,"p10":0.69124,"p20":0.77058,"p25":0.79916,"p75":0.92721,"p80":0.93795,"p90":0.96446,"p95":0.98253}}}