{"efficiency": {"normal": 0.8299681703501885, "hard": 0.8826471002737741}, "luck": {"normal": 0.5065798681843714, "hard": 0.5132143790212589}, "steps": {"normal": [2187, 8562, 83688, 168110, 98466, 25989, 4900], "hard": [141, 2613, 27430, 51257, 29136, 5967, 333]}, "unsolvedPenalty": {"normal": 715.899523950539, "hard": 27.78457382301362}, "average": {"normal": 4.149238583941778, "hard": 4.077156194750233}, "percentSolvingInThreeOrFewer": {"normal": 0.24097095702497054, "hard": 0.25825440420270884}, "percentiles": {"normal": {"p5": 0.58782, "p10": 0.65939, "p20": 0.74865, "p25": 0.78075, "p75": 0.91547, "p80": 0.92345, "p90": 0.95289, "p95": 0.97653}, "hard": {"p5": 0.70374, "p10": 0.7706, "p20": 0.82826, "p25": 0.84534, "p75": 0.94367, "p80": 0.95348, "p90": 0.97202, "p95": 0.98869}}}