{"efficiency":{"normal":0.8432693238069209,"hard":0.8781105413896764},"luck":{"normal":0.4459179258042748,"hard":0.4531509391847023},"steps":{"normal":[616,2254,57469,207509,116536,26595,2461],"hard":[67,749,25178,70348,35925,7273,507]},"unsolvedPenalty":{"normal":172.15811458795565,"hard":22.606408595994793},"average":{"normal":4.26802226161999,"hard":4.175712439395346},"percentSolvingInThreeOrFewer":{"normal":0.10902557209292242,"hard":0.0469634720520909},"percentiles":{"normal":{"p5":0.6219,"p10":0.67834,"p20":0.76577,"p25":0.79347,"p75":0.92111,"p80":0.93174,"p90":0.95457,"p95":0.97404},"hard":{"p5":0.67073,"p10":0.74816,"p20":0.81751,"p25":0.83215,"p75":0.94481,"p80":0.95576,"p90":0.98626,"p95":1}}}