{"efficiency":{"normal":0.8228858721074508,"hard":0.89614055840559},"luck":{"normal":0.536973780498613,"hard":0.5675937774022438},"steps":{"normal":[1265,16813,155238,177872,73076,23590,3469],"hard":[145,11001,59759,56964,16080,4500,671]},"unsolvedPenalty":{"normal":984.5597196454341,"hard":93.72081720045036},"average":{"normal":3.854947134260367,"hard":3.6259614675330774},"percentSolvingInThreeOrFewer":{"normal":0.2886470714610469,"hard":0.11808751059616657},"percentiles":{"normal":{"p5":0.53744,"p10":0.61668,"p20":0.72704,"p25":0.76266,"p75":0.92276,"p80":0.93501,"p90":0.96266,"p95":0.98537},"hard":{"p5":0.69553,"p10":0.7688,"p20":0.84054,"p25":0.85222,"p75":0.95831,"p80":0.96937,"p90":0.9979,"p95":1}}}