{"efficiency":{"normal":0.8543200532556889,"hard":0.889929007248701},"luck":{"normal":0.6486349048533596,"hard":0.6761044764256848},"steps":{"normal":[1470,56220,238477,127198,26181,3829,660],"hard":[258,32313,74434,41404,6954,511,15]},"unsolvedPenalty":{"normal":129.78447314087558,"hard":0.5},"average":{"normal":3.294835651798536,"hard":3.1543460132144463},"percentSolvingInThreeOrFewer":{"normal":0.48558021792807654,"hard":0.17544095513226193},"percentiles":{"normal":{"p5":0.61534,"p10":0.68588,"p20":0.77103,"p25":0.79564,"p75":0.94324,"p80":0.95298,"p90":0.98882,"p95":0.99866},"hard":{"p5":0.71984,"p10":0.77851,"p20":0.83473,"p25":0.85134,"p75":0.95252,"p80":0.96036,"p90":0.98671,"p95":1}}}