{"efficiency":{"normal":0.8366429498573534,"hard":0.8861032529545261},"luck":{"normal":0.6257721374775271,"hard":0.6338164341632821},"steps":{"normal":[1057,48422,148448,142770,68405,20371,2713],"hard":[129,21451,53830,48921,22128,5838,602]},"unsolvedPenalty":{"normal":538.6302892205828,"hard":84.46007337524469},"average":{"normal":3.690203546150162,"hard":3.593763284739799},"percentSolvingInThreeOrFewer":{"normal":0.33828586469043975,"hard":0.12889001312623058},"percentiles":{"normal":{"p5":0.56879,"p10":0.65266,"p20":0.7329,"p25":0.77299,"p75":0.93146,"p80":0.94853,"p90":0.99594,"p95":1},"hard":{"p5":0.69499,"p10":0.75651,"p20":0.82349,"p25":0.84239,"p75":0.96244,"p80":0.97939,"p90":1,"p95":1}}}