{"efficiency":{"normal":0.8530774439476205,"hard":0.8927738669800358},"luck":{"normal":0.5789376065367827,"hard":0.6087795895564032},"steps":{"normal":[826,18122,214751,170097,53791,10493,1556],"hard":[103,8814,72042,51799,16946,2448,168]},"unsolvedPenalty":{"normal":236.58244786703898,"hard":15.664919812896393},"average":{"normal":3.626093899712552,"hard":3.554834135357103},"percentSolvingInThreeOrFewer":{"normal":0.3757558607849537,"hard":0.13016963758876993},"percentiles":{"normal":{"p5":0.62895,"p10":0.703,"p20":0.77791,"p25":0.79969,"p75":0.9334,"p80":0.94725,"p90":0.97215,"p95":1},"hard":{"p5":0.70113,"p10":0.77032,"p20":0.82863,"p25":0.84858,"p75":0.96193,"p80":0.96865,"p90":0.98732,"p95":0.99954}}}