{"efficiency":{"normal":0.8278166895543504,"hard":0.8859528536802809},"luck":{"normal":0.5395987074746522,"hard":0.519953903646849},"steps":{"normal":[1043,6577,83709,209532,97893,22339,2996],"hard":[81,3281,26978,69997,36717,6111,409]},"unsolvedPenalty":{"normal":340.41366255756685,"hard":22.450123837377667},"average":{"normal":4.114494223060599,"hard":4.111230289184822},"percentSolvingInThreeOrFewer":{"normal":0.16089635637229688,"hard":0.053449502885448745},"percentiles":{"normal":{"p5":0.58539,"p10":0.65094,"p20":0.73388,"p25":0.76917,"p75":0.91645,"p80":0.92607,"p90":0.95564,"p95":0.97634},"hard":{"p5":0.68701,"p10":0.74606,"p20":0.81834,"p25":0.8417,"p75":0.96159,"p80":0.96925,"p90":0.99147,"p95":1}}}