{"efficiency":{"normal":0.8385002800484894,"hard":0.8823979121757365},"luck":{"normal":0.5670116098035488,"hard":0.5212534070212486},"steps":{"normal":[689,17092,130591,184272,60845,10371,1173],"hard":[78,2796,34855,71590,24799,2176,91]},"unsolvedPenalty":{"normal":98.56260342506816,"hard":0},"average":{"normal":3.795292775721724,"hard":3.916802311087648},"percentSolvingInThreeOrFewer":{"normal":0.2740463556221291,"hard":0.06968488593945954},"percentiles":{"normal":{"p5":0.59467,"p10":0.66347,"p20":0.75252,"p25":0.78445,"p75":0.9194,"p80":0.93548,"p90":0.97663,"p95":1},"hard":{"p5":0.68386,"p10":0.7495,"p20":0.81985,"p25":0.84078,"p75":0.95097,"p80":0.95956,"p90":0.97522,"p95":0.99125}}}