{"efficiency":{"normal":0.8411612646828996,"hard":0.8876256741900558},"luck":{"normal":0.5180768341972427,"hard":0.485038605888989},"steps":{"normal":[661,5134,133979,204421,45367,7543,888],"hard":[71,1820,41285,68153,18203,2363,181]},"unsolvedPenalty":{"normal":159.47786677510283,"hard":29.606855678187},"average":{"normal":3.788933082410169,"hard":3.834588914042566},"percentSolvingInThreeOrFewer":{"normal":0.26369585846370946,"hard":0.08145354661374274},"percentiles":{"normal":{"p5":0.61078,"p10":0.67531,"p20":0.75523,"p25":0.78566,"p75":0.92605,"p80":0.93891,"p90":0.9641,"p95":0.98422},"hard":{"p5":0.68796,"p10":0.75377,"p20":0.8314,"p25":0.85127,"p75":0.95257,"p80":0.96281,"p90":0.98222,"p95":0.99172}}}