{"efficiency":{"normal":0.8459735633470664,"hard":0.8894439009103711},"luck":{"normal":0.4767027594054616,"hard":0.4687190320447979},"steps":{"normal":[799,6065,110210,206501,104595,26215,6522],"hard":[99,2472,44819,68068,28295,6028,1474]},"unsolvedPenalty":{"normal":2835.2233896071734,"hard":687.1465015225222},"average":{"normal":4.0982993042312374,"hard":3.9552946309922845},"percentSolvingInThreeOrFewer":{"normal":0.19126539973145418,"hard":0.07741274710627162},"percentiles":{"normal":{"p5":0.57307,"p10":0.66118,"p20":0.77073,"p25":0.79819,"p75":0.93459,"p80":0.94424,"p90":0.96809,"p95":0.98427},"hard":{"p5":0.68018,"p10":0.77394,"p20":0.8367,"p25":0.85733,"p75":0.9523,"p80":0.96092,"p90":0.98156,"p95":0.99303}}}