{"efficiency":{"normal":0.8250412914071267,"hard":0.867081874475871},"luck":{"normal":0.5541738264705749,"hard":0.5585829651088917},"steps":{"normal":[934,9782,126101,203388,79853,17746,2395],"hard":[103,4857,57683,69913,21710,2977,159]},"unsolvedPenalty":{"normal":180.37851397430032,"hard":17.29298186955613},"average":{"normal":3.9356295518875424,"hard":3.7476175954867728},"percentSolvingInThreeOrFewer":{"normal":0.2289451578464741,"hard":0.10482491808984515},"percentiles":{"normal":{"p5":0.56183,"p10":0.62421,"p20":0.72615,"p25":0.76421,"p75":0.91805,"p80":0.93049,"p90":0.96134,"p95":0.985},"hard":{"p5":0.62467,"p10":0.70684,"p20":0.79798,"p25":0.82234,"p75":0.94355,"p80":0.95482,"p90":0.98266,"p95":1}}}