{"efficiency":{"normal":0.8579901409086467,"hard":0.8863313933673959},"luck":{"normal":0.6277690734604986,"hard":0.5867871336109475},"steps":{"normal":[754,19520,228744,141979,32552,5555,674],"hard":[111,8445,71103,53216,11428,1528,175]},"unsolvedPenalty":{"normal":67.06803344580058,"hard":12.682568981913136},"average":{"normal":3.4763880292799607,"hard":3.4966508225689354},"percentSolvingInThreeOrFewer":{"normal":0.43248556760474344,"hard":0.1383477946744288},"percentiles":{"normal":{"p5":0.60765,"p10":0.66653,"p20":0.77804,"p25":0.80223,"p75":0.94201,"p80":0.94988,"p90":0.97588,"p95":0.99639},"hard":{"p5":0.66667,"p10":0.73813,"p20":0.81562,"p25":0.84183,"p75":0.9646,"p80":0.97242,"p90":0.99457,"p95":1}}}