{"efficiency": {"normal": 0.8459231141037294, "hard": 0.9044974833304914}, "luck": {"normal": 0.609165136459588, "hard": 0.6128780515714954}, "steps": {"normal": [2559, 18933, 174184, 158911, 58764, 12780, 2559], "hard": [140, 5821, 50398, 43990, 13026, 1737, 66]}, "unsolvedPenalty": {"normal": 437.47703594161965, "hard": 4.6837940799067805}, "average": {"normal": 3.7030755955024413, "hard": 3.6027252061511743}, "percentSolvingInThreeOrFewer": {"normal": 0.45645104854323637, "hard": 0.4893208772508639}, "percentiles": {"normal": {"p5": 0.61518, "p10": 0.69489, "p20": 0.77263, "p25": 0.79816, "p75": 0.92466, "p80": 0.93758, "p90": 0.97003, "p95": 0.99365}, "hard": {"p5": 0.76526, "p10": 0.80798, "p20": 0.85223, "p25": 0.87076, "p75": 0.96332, "p80": 0.97367, "p90": 0.99929, "p95": 1}}}