{"efficiency":{"normal":0.8522434480144891,"hard":0.894734685606294},"luck":{"normal":0.48763725778369266,"hard":0.4955741919845525},"steps":{"normal":[582,6312,64840,138084,127878,55913,6131],"hard":[51,2888,27801,53476,44882,15866,1079]},"unsolvedPenalty":{"normal":603.0782672632912,"hard":35.994367877050436},"average":{"normal":4.432149414878448,"hard":4.3084160144614945},"percentSolvingInThreeOrFewer":{"normal":0.13144273702841208,"hard":0.05632213181284342},"percentiles":{"normal":{"p5":0.58789,"p10":0.68728,"p20":0.77867,"p25":0.80523,"p75":0.937,"p80":0.94791,"p90":0.97494,"p95":0.99049},"hard":{"p5":0.72186,"p10":0.78388,"p20":0.84157,"p25":0.85876,"p75":0.9553,"p80":0.96419,"p90":0.98506,"p95":1}}}