{"efficiency":{"normal":0.8323954264720029,"hard":0.9011381460946932},"luck":{"normal":0.5566949298642637,"hard":0.5478606183402446},"steps":{"normal":[1083,11060,157504,179743,67687,17639,1864],"hard":[66,5276,57390,58946,23062,6977,691]},"unsolvedPenalty":{"normal":455.0802960880048,"hard":133.3345522596965},"average":{"normal":3.825510442482741,"hard":3.8048527636344547},"percentSolvingInThreeOrFewer":{"normal":0.2880303570519024,"hard":0.1065077505560366},"percentiles":{"normal":{"p5":0.57361,"p10":0.65019,"p20":0.74441,"p25":0.77511,"p75":0.92425,"p80":0.93888,"p90":0.96177,"p95":0.97542},"hard":{"p5":0.73126,"p10":0.7911,"p20":0.84914,"p25":0.86558,"p75":0.95946,"p80":0.96784,"p90":0.98407,"p95":1}}}