{"efficiency":{"normal":0.8170930981098256,"hard":0.866307869063838},"luck":{"normal":0.5584639783825808,"hard":0.5205980006811989},"steps":{"normal":[587,5509,89610,166968,87496,18110,2152],"hard":[60,1966,28885,58398,29809,3917,277]},"unsolvedPenalty":{"normal":92.47630621100313,"hard":9.029062871042086},"average":{"normal":4.069171422246938,"hard":4.042169456338394},"percentSolvingInThreeOrFewer":{"normal":0.19384591080965585,"hard":0.06260417658221823},"percentiles":{"normal":{"p5":0.54312,"p10":0.60936,"p20":0.70166,"p25":0.7436,"p75":0.92053,"p80":0.93365,"p90":0.95743,"p95":0.98485},"hard":{"p5":0.63694,"p10":0.70858,"p20":0.79679,"p25":0.81302,"p75":0.94184,"p80":0.94945,"p90":0.98176,"p95":1}}}