{"efficiency":{"normal":0.8388789689331214,"hard":0.8715973508926531,"normal-ps":0.7915346353646354,"hard-ps":0.8107833650793651},"luck":{"normal":0.6092077622316147,"hard":0.6039612174026567,"normal-ps":0.634713041958042,"hard-ps":0.6148605},"steps":{"normal":[775,22675,164644,165813,63293,13777,1278],"hard":[155,10343,56557,53261,25942,6462,474],"normal-ps":[1,175,804,685,274,58,5],"hard-ps":[3,120,494,401,189,51,2]},"unsolvedPenalty":{"normal":115.14037434366443,"hard":25.92500415725671,"normal-ps":null,"hard-ps":null},"average":{"normal":3.7248907488762577,"hard":3.7526485851365905,"normal-ps":3.621878121878122,"hard-ps":3.6444444444444444},"percentSolvingInThreeOrFewer":{"normal":0.31950271607119196,"hard":0.11390003363240125,"normal-ps":0.0016646340013385017,"hard-ps":0.0010480399783937301},"percentiles":{"normal":{"p5":0.59601,"p10":0.66172,"p20":0.74436,"p25":0.77584,"p75":0.93196,"p80":0.9436,"p90":0.96865,"p95":0.99081},"hard":{"p5":0.65268,"p10":0.71982,"p20":0.79618,"p25":0.81619,"p75":0.95054,"p80":0.96509,"p90":0.99747,"p95":1},"normal-ps":{"p5":0.5,"p10":0.56697,"p20":0.64776,"p25":0.6935,"p75":0.91292,"p80":0.93284,"p90":0.98198,"p95":1},"hard-ps":{"p5":0.55929,"p10":0.60809,"p20":0.68991,"p25":0.71932,"p75":0.91664,"p80":0.93408,"p90":0.97762,"p95":1}}}