{"efficiency":{"normal":0.77317943230873,"hard":0.8329527103492894},"luck":{"normal":0.5893867485305454,"hard":0.6116904038984619},"steps":{"normal":[1047,15550,120004,133317,93960,44112,7128],"hard":[105,10572,52661,41385,26046,11252,1725]},"unsolvedPenalty":{"normal":109.52390147205185,"hard":2.1230679931478833},"average":{"normal":4.101642898439006,"hard":3.846106755525256},"percentSolvingInThreeOrFewer":{"normal":0.24442579566946815,"hard":0.1133360411831753},"percentiles":{"normal":{"p5":0.48213,"p10":0.53889,"p20":0.62055,"p25":0.65415,"p75":0.90618,"p80":0.92565,"p90":0.98803,"p95":1},"hard":{"p5":0.54234,"p10":0.60694,"p20":0.67428,"p25":0.72122,"p75":0.96427,"p80":1,"p90":1,"p95":1}}}