{"efficiency":{"normal":0.8320023770275351,"hard":0.8784713053842731},"luck":{"normal":0.538203688569715,"hard":0.5338206663912021},"steps":{"normal":[1145,11571,135103,212756,73386,11522,1359],"hard":[96,3475,46943,77898,26072,2724,100]},"unsolvedPenalty":{"normal":266.81444935838425,"hard":10.746564222345036},"average":{"normal":3.8600553208249786,"hard":3.857218231517386},"percentSolvingInThreeOrFewer":{"normal":0.24467440636389817,"hard":0.08361223388583781},"percentiles":{"normal":{"p5":0.58364,"p10":0.63735,"p20":0.73643,"p25":0.77244,"p75":0.92639,"p80":0.93631,"p90":0.96205,"p95":0.98191},"hard":{"p5":0.64932,"p10":0.7103,"p20":0.81082,"p25":0.83833,"p75":0.95123,"p80":0.96285,"p90":0.98359,"p95":0.99894}}}