{"efficiency":{"normal":0.8107681917679682,"hard":0.8465546206586938},"luck":{"normal":0.41054185741566024,"hard":0.40628952259524687},"steps":{"normal":[802,6121,43710,128151,147568,87801,19913],"hard":[90,2164,16609,43948,51327,32522,7063]},"unsolvedPenalty":{"normal":1481.7726006408864,"hard":430.4802831743875},"average":{"normal":4.751113362024763,"hard":4.759700762300856},"percentSolvingInThreeOrFewer":{"normal":0.1166481594964821,"hard":0.12270772753589249},"percentiles":{"normal":{"p5":0.54895,"p10":0.61886,"p20":0.70561,"p25":0.74809,"p75":0.90347,"p80":0.91409,"p90":0.93878,"p95":0.95559},"hard":{"p5":0.61699,"p10":0.67775,"p20":0.75192,"p25":0.78802,"p75":0.9297,"p80":0.93909,"p90":0.96047,"p95":0.97665}}}