{"efficiency":{"normal":0.8239774012962993,"hard":0.8743582283240668},"luck":{"normal":0.42304217020854784,"hard":0.4094561454674401},"steps":{"normal":[1221,3376,54265,210449,127070,40352,7140],"hard":[97,1012,20955,73622,38776,12672,2327]},"unsolvedPenalty":{"normal":1934.349207127502,"hard":562.9101775303126},"average":{"normal":4.354531302449542,"hard":4.304429858894843},"percentSolvingInThreeOrFewer":{"normal":0.09920922503379165,"hard":0.03718934442530615},"percentiles":{"normal":{"p5":0.53209,"p10":0.60461,"p20":0.70909,"p25":0.75892,"p75":0.92805,"p80":0.94108,"p90":0.96997,"p95":0.9823},"hard":{"p5":0.62682,"p10":0.71269,"p20":0.82657,"p25":0.84794,"p75":0.94432,"p80":0.95232,"p90":0.97206,"p95":0.98815}}}