{"efficiency":{"normal":0.8094065954087543,"hard":0.870814092061622,"normal-ps":0.7801296909492274,"hard-ps":0.8383085640584694},"luck":{"normal":0.5886203894584596,"hard":0.5439771481898859,"normal-ps":0.5804018377483444,"hard-ps":0.550246079105761},"steps":{"normal":[1279,12544,142723,199545,67602,11947,2015],"hard":[102,4610,48109,77795,23000,2394,166],"normal-ps":[8,64,613,790,275,55,6],"hard-ps":[3,45,404,555,136,20]},"unsolvedPenalty":{"normal":105.97905846613207,"hard":1,"normal-ps":null,"hard-ps":null},"average":{"normal":3.826051789178333,"hard":3.8109977077437285,"normal-ps":3.7952538631346577,"hard-ps":3.718830610490112},"percentSolvingInThreeOrFewer":{"normal":0.2623104093081238,"hard":0.08850860907622501,"normal-ps":0.0011494406948921938,"hard-ps":0.0007573574257890257},"percentiles":{"normal":{"p5":0.52229,"p10":0.59669,"p20":0.66928,"p25":0.72273,"p75":0.91706,"p80":0.92851,"p90":0.96438,"p95":0.98344},"hard":{"p5":0.63821,"p10":0.72331,"p20":0.811,"p25":0.83081,"p75":0.94459,"p80":0.95396,"p90":0.97875,"p95":0.99835},"normal-ps":{"p5":0.49135,"p10":0.56381,"p20":0.62864,"p25":0.65871,"p75":0.90559,"p80":0.9202,"p90":0.94898,"p95":0.97982},"hard-ps":{"p5":0.57326,"p10":0.65142,"p20":0.75473,"p25":0.77896,"p75":0.93314,"p80":0.94719,"p90":0.97253,"p95":0.99787}}}