{"efficiency": {"normal": 0.8298416547054861, "hard": 0.9058887906048322}, "luck": {"normal": 0.6154737690795088, "hard": 0.622486533840563}, "steps": {"normal": [2298, 29260, 118752, 119772, 63192, 28160, 7805], "hard": [335, 8891, 35368, 32558, 16189, 6927, 1440]}, "unsolvedPenalty": {"normal": 1742.0746917820225, "hard": 272.00642031486194}, "average": {"normal": 3.893031545128716, "hard": 3.808078090418795}, "percentSolvingInThreeOrFewer": {"normal": 0.407080508830324, "hard": 0.4384512526054981}, "percentiles": {"normal": {"p5": 0.55456, "p10": 0.62495, "p20": 0.72614, "p25": 0.76209, "p75": 0.92799, "p80": 0.93476, "p90": 0.98491, "p95": 1}, "hard": {"p5": 0.73063, "p10": 0.788, "p20": 0.85549, "p25": 0.87264, "p75": 0.96162, "p80": 0.97199, "p90": 0.99978, "p95": 1}}}