{"efficiency":{"normal":0.749038809485474,"hard":0.8681006728874064},"luck":{"normal":0.4462983616777193,"hard":0.45162808202279714},"steps":{"normal":[1244,4054,69774,130985,100474,66589,24365],"hard":[88,1522,27919,44002,34601,25245,11729]},"unsolvedPenalty":{"normal":19950.051002049695,"hard":9860.211171680989},"average":{"normal":4.5050743159610755,"hard":4.5328656292641245},"percentSolvingInThreeOrFewer":{"normal":0.13836394531494772,"hard":0.05442150542390499},"percentiles":{"normal":{"p5":0.49428,"p10":0.55794,"p20":0.62018,"p25":0.64249,"p75":0.87167,"p80":0.889,"p90":0.93052,"p95":0.95558},"hard":{"p5":0.63816,"p10":0.71787,"p20":0.8062,"p25":0.83387,"p75":0.94133,"p80":0.9498,"p90":0.96893,"p95":0.98152}}}