{"efficiency":{"normal":0.7856175261554101,"hard":0.8669808237989588},"luck":{"normal":0.5771026800232215,"hard":0.5439105540812923},"steps":{"normal":[1052,8402,93371,182353,92714,21006,2439],"hard":[137,3405,35575,72221,23924,2474,177]},"unsolvedPenalty":{"normal":64.83905751681161,"hard":11.764959900594363},"average":{"normal":4.065433996676226,"hard":3.9015022984005454},"percentSolvingInThreeOrFewer":{"normal":0.19068820430468428,"hard":0.07255323370537742},"percentiles":{"normal":{"p5":0.47725,"p10":0.54938,"p20":0.63192,"p25":0.67123,"p75":0.91355,"p80":0.92929,"p90":0.97171,"p95":0.99475},"hard":{"p5":0.62509,"p10":0.68835,"p20":0.77938,"p25":0.81021,"p75":0.95377,"p80":0.96447,"p90":0.98568,"p95":1}}}