{"efficiency":{"normal":0.8252505675948557,"hard":0.8828987861827993},"luck":{"normal":0.5676755333345073,"hard":0.5606262216282829},"steps":{"normal":[724,10207,116963,195236,91505,21894,3034],"hard":[98,3516,49810,75257,23018,2924,283]},"unsolvedPenalty":{"normal":96.40369914051172,"hard":5.269610155944221},"average":{"normal":4.01124390291981,"hard":3.823016988432701},"percentSolvingInThreeOrFewer":{"normal":0.2909571551745711,"hard":0.3448801208474817},"percentiles":{"normal":{"p5":0.55449,"p10":0.61847,"p20":0.71809,"p25":0.75089,"p75":0.92719,"p80":0.94126,"p90":0.96771,"p95":0.98684},"hard":{"p5":0.65347,"p10":0.73669,"p20":0.82314,"p25":0.84554,"p75":0.95294,"p80":0.96375,"p90":0.98386,"p95":0.99979}}}