{"efficiency":{"normal":0.8302185592253247,"hard":0.8716884368931429,"normal-ps":0.7931509038322487,"hard-ps":0.8425950291375292},"luck":{"normal":0.5585223282475478,"hard":0.5620582564621447,"normal-ps":0.5688088575560376,"hard-ps":0.5679846212121212},"steps":{"normal":[1050,16098,155145,196898,72335,12116,1150],"hard":[88,6359,62706,67361,20150,2355,100],"normal-ps":[8,123,965,1154,431,78,7],"hard-ps":[5,121,671,688,202,26,3]},"unsolvedPenalty":{"normal":184.7527289754115,"hard":5.796050751284755,"normal-ps":null,"hard-ps":null},"average":{"normal":3.7985254959905186,"hard":3.6818230381035577,"normal-ps":3.7707881417208964,"hard-ps":3.6107226107226107},"percentSolvingInThreeOrFewer":{"normal":0.2786166837538284,"hard":0.11182604083454345,"normal-ps":0.0017723213852567441,"hard-ps":0.0012888140000452783},"percentiles":{"normal":{"p5":0.60611,"p10":0.6736,"p20":0.74742,"p25":0.77205,"p75":0.91247,"p80":0.92393,"p90":0.95571,"p95":0.98815},"hard":{"p5":0.68265,"p10":0.74223,"p20":0.80554,"p25":0.82722,"p75":0.9399,"p80":0.95005,"p90":0.97944,"p95":0.99758},"normal-ps":{"p5":0.54183,"p10":0.59714,"p20":0.66131,"p25":0.7027,"p75":0.89691,"p80":0.91424,"p90":0.95254,"p95":0.9819},"hard-ps":{"p5":0.60169,"p10":0.64212,"p20":0.74651,"p25":0.78045,"p75":0.93713,"p80":0.95147,"p90":0.98435,"p95":1}}}