{"efficiency":{"normal":0.782490548757111,"hard":0.8484671746377919},"luck":{"normal":0.663124499689248,"hard":0.6510160428676603},"steps":{"normal":[707,24720,146760,161865,65349,17691,2849],"hard":[94,11520,55623,60027,14537,1989,185]},"unsolvedPenalty":{"normal":47.06969422302887,"hard":3.6230679931478833},"average":{"normal":3.7811781906850594,"hard":3.582845990359638},"percentSolvingInThreeOrFewer":{"normal":0.3053409395187675,"hard":0.11923174453431029},"percentiles":{"normal":{"p5":0.46559,"p10":0.51405,"p20":0.62016,"p25":0.65385,"p75":0.92784,"p80":0.94303,"p90":0.98197,"p95":1},"hard":{"p5":0.57054,"p10":0.64178,"p20":0.73967,"p25":0.7805,"p75":0.95313,"p80":0.96736,"p90":1,"p95":1}}}