{"efficiency":{"normal":0.7619832713724122,"hard":0.8785817204391455},"luck":{"normal":0.6151880573968201,"hard":0.6145086847618062},"steps":{"normal":[1643,34610,176510,158684,78502,30409,6764],"hard":[141,12485,58910,49927,22959,8699,1540]},"unsolvedPenalty":{"normal":1012.8792310903623,"hard":146.34010326470607},"average":{"normal":3.79918708366264,"hard":3.735749754306109},"percentSolvingInThreeOrFewer":{"normal":0.33152435575624145,"hard":0.11146636252159944},"percentiles":{"normal":{"p5":0.38133,"p10":0.48956,"p20":0.59975,"p25":0.66074,"p75":0.88949,"p80":0.90156,"p90":0.93415,"p95":0.96436},"hard":{"p5":0.64161,"p10":0.72252,"p20":0.81383,"p25":0.83886,"p75":0.94878,"p80":0.96025,"p90":0.98332,"p95":1}}}