{"efficiency":{"normal":0.8479575958397163,"hard":0.882770026400497},"luck":{"normal":0.4778917001766113,"hard":0.5255947105121979},"steps":{"normal":[620,5118,98121,216636,75920,19008,3010],"hard":[73,4456,49461,65399,17504,4118,652]},"unsolvedPenalty":{"normal":456.9269555501924,"hard":100.0421555178924},"average":{"normal":4.023274932904432,"hard":3.7772969844138244},"percentSolvingInThreeOrFewer":{"normal":0.18543038080903843,"hard":0.09639580286986005},"percentiles":{"normal":{"p5":0.58012,"p10":0.65492,"p20":0.76652,"p25":0.80198,"p75":0.93588,"p80":0.94663,"p90":0.97408,"p95":0.99045},"hard":{"p5":0.69414,"p10":0.75029,"p20":0.82505,"p25":0.84632,"p75":0.94221,"p80":0.95128,"p90":0.97674,"p95":0.99299}}}