{"efficiency":{"normal":0.7687726669111218,"hard":0.8450687484883344},"luck":{"normal":0.5256586464281776,"hard":0.5238017727782203},"steps":{"normal":[788,3784,60109,154517,118020,44245,8503],"hard":[83,1558,33242,61341,32066,6511,802]},"unsolvedPenalty":{"normal":149.3472316123076,"hard":16.12420083909813},"average":{"normal":4.393537667026512,"hard":4.074351827271923},"percentSolvingInThreeOrFewer":{"normal":0.12307194703145959,"hard":0.06637429960330672},"percentiles":{"normal":{"p5":0.46425,"p10":0.53978,"p20":0.62681,"p25":0.65662,"p75":0.90133,"p80":0.91505,"p90":0.94601,"p95":0.96655},"hard":{"p5":0.58811,"p10":0.64299,"p20":0.7241,"p25":0.77121,"p75":0.94592,"p80":0.95552,"p90":0.98585,"p95":1}}}