{"efficiency": {"normal": 0.8554673986845669, "hard": 0.9014821796274094}, "luck": {"normal": 0.48063438741294456, "hard": 0.46527440893809296}, "steps": {"normal": [2318, 7176, 107886, 220465, 62668, 13092, 3888], "hard": [146, 1800, 36668, 67353, 14650, 1757, 197]}, "unsolvedPenalty": {"normal": 776.8628740797241, "hard": 18.19414640423936}, "average": {"normal": 3.933174599032989, "hard": 3.821060398841522}, "percentSolvingInThreeOrFewer": {"normal": 0.28115441456503465, "hard": 0.3150337355491919}, "percentiles": {"normal": {"p5": 0.59003, "p10": 0.6659, "p20": 0.77794, "p25": 0.81144, "p75": 0.9436, "p80": 0.95354, "p90": 0.97551, "p95": 0.9925}, "hard": {"p5": 0.71118, "p10": 0.78782, "p20": 0.85421, "p25": 0.87299, "p75": 0.9606, "p80": 0.96686, "p90": 0.98711, "p95": 1}}}