{"efficiency":{"normal":0.7935027566970463,"hard":0.8746149591935319,"normal-ps":0.758100555808656,"hard-ps":0.8088533379310345},"luck":{"normal":0.42002180465103406,"hard":0.4347054571977016,"normal-ps":0.4129621776765376,"hard-ps":0.43424508275862067},"steps":{"normal":[857,3278,58712,163729,113126,62063,31854],"hard":[61,1198,25695,58511,36505,20709,14647],"normal-ps":[5,14,296,812,564,334,170],"hard-ps":[2,25,287,552,277,178,129]},"unsolvedPenalty":{"normal":7833.3329354677935,"hard":3955.964901097897,"normal-ps":45.586432020573056,"hard-ps":35.85374792462672},"average":{"normal":4.537608619449108,"hard":4.5017860774941525,"normal-ps":4.561731207289294,"hard-ps":4.377931034482758},"percentSolvingInThreeOrFewer":{"normal":0.10570016330388482,"hard":0.045331543886027004,"normal-ps":0.0005297705841099098,"hard-ps":0.0005280887727317831},"percentiles":{"normal":{"p5":0.52342,"p10":0.5785,"p20":0.64768,"p25":0.68301,"p75":0.90918,"p80":0.92302,"p90":0.9519,"p95":0.97139},"hard":{"p5":0.66812,"p10":0.73441,"p20":0.81625,"p25":0.83987,"p75":0.942,"p80":0.95063,"p90":0.97079,"p95":0.98339},"normal-ps":{"p5":0.42875,"p10":0.49615,"p20":0.59263,"p25":0.63973,"p75":0.8944,"p80":0.9118,"p90":0.95286,"p95":0.98206},"hard-ps":{"p5":0.54599,"p10":0.60874,"p20":0.6937,"p25":0.72556,"p75":0.91139,"p80":0.92372,"p90":0.95401,"p95":0.985}}}