{"efficiency":{"normal":0.8554548677173377,"hard":0.9029646405841806},"luck":{"normal":0.5686523500875559,"hard":0.6135143055616757},"steps":{"normal":[1164,19832,171029,200592,76026,14686,1500],"hard":[108,17541,71216,51474,15862,2501,153]},"unsolvedPenalty":{"normal":278.40358719768847,"hard":14.007359153743034},"average":{"normal":3.7818011562744287,"hard":3.4620754776368385},"percentSolvingInThreeOrFewer":{"normal":0.29832310063260464,"hard":0.13805601471520365},"percentiles":{"normal":{"p5":0.64129,"p10":0.7201,"p20":0.78346,"p25":0.80385,"p75":0.93176,"p80":0.94399,"p90":0.97242,"p95":0.99469},"hard":{"p5":0.74079,"p10":0.77997,"p20":0.84475,"p25":0.86179,"p75":0.97137,"p80":0.98939,"p90":1,"p95":1}}}