{"efficiency":{"normal":0.8581599132485037,"hard":0.8946095127755258},"luck":{"normal":0.5541439222130493,"hard":0.5401992091341145},"steps":{"normal":[803,12119,157051,206138,62073,6994,576],"hard":[77,4490,54413,69937,18614,1200,29]},"unsolvedPenalty":{"normal":95.50713418990442,"hard":3.73516076046096},"average":{"normal":3.7611114600813003,"hard":3.713950565000235},"percentSolvingInThreeOrFewer":{"normal":0.2859026739353122,"hard":0.09920826486038246},"percentiles":{"normal":{"p5":0.64014,"p10":0.71219,"p20":0.78855,"p25":0.81287,"p75":0.93074,"p80":0.93685,"p90":0.96729,"p95":0.9884},"hard":{"p5":0.72706,"p10":0.78638,"p20":0.84228,"p25":0.8583,"p75":0.95107,"p80":0.96179,"p90":0.99627,"p95":1}}}