{"efficiency":{"normal":0.8239037990532082,"hard":0.8624887159698634},"luck":{"normal":0.3485930471906882,"hard":0.36504302040157577},"steps":{"normal":[844,1475,14933,70428,136365,128632,36844],"hard":[67,504,6352,25318,45063,46325,12682]},"unsolvedPenalty":{"normal":2097.0238929155894,"hard":526.1600967313091},"average":{"normal":5.1472969711906265,"hard":5.14086697527015},"percentSolvingInThreeOrFewer":{"normal":0.03281042296216142,"hard":0.01316752846403557},"percentiles":{"normal":{"p5":0.51296,"p10":0.5931,"p20":0.68981,"p25":0.73413,"p75":0.93862,"p80":0.94899,"p90":0.97244,"p95":0.98604},"hard":{"p5":0.61504,"p10":0.6942,"p20":0.76688,"p25":0.80157,"p75":0.94872,"p80":0.95743,"p90":0.97419,"p95":0.98342}}}