{"efficiency": {"normal": 0.8297402992065267, "hard": 0.858653315215848}, "luck": {"normal": 0.5344587617197313, "hard": 0.5663960094678508}, "steps": {"normal": [445, 10558, 64658, 102677, 69877, 26864, 4256], "hard": [65, 3969, 16643, 24156, 16768, 6163, 675]}, "unsolvedPenalty": {"normal": 303.91056372148853, "hard": 20.69119895947903}, "average": {"normal": 4.177449695039009, "hard": 4.092983404184157}, "percentSolvingInThreeOrFewer": {"normal": 0.27086115237975905, "hard": 0.30212305849004223}}