{"efficiency":{"normal":0.8666365396581609,"hard":0.8958943846914557},"luck":{"normal":0.48312185007789016,"hard":0.4931694769251055},"steps":{"normal":[1041,4191,95414,228620,103147,20370,2970],"hard":[84,1647,35691,75076,31649,6705,820]},"unsolvedPenalty":{"normal":465.4540618487205,"hard":25.330291489785502},"average":{"normal":4.0941154529696995,"hard":4.04910996835443},"percentSolvingInThreeOrFewer":{"normal":0.1657025269569512,"hard":0.06161659395835048},"percentiles":{"normal":{"p5":0.65968,"p10":0.7318,"p20":0.80186,"p25":0.82195,"p75":0.9411,"p80":0.95041,"p90":0.97143,"p95":0.98505},"hard":{"p5":0.73789,"p10":0.79099,"p20":0.83932,"p25":0.85918,"p75":0.95422,"p80":0.96274,"p90":0.98076,"p95":0.99233}}}