{"efficiency":{"normal":0.8246835331421889,"hard":0.8724933455325152},"luck":{"normal":0.5415611010490623,"hard":0.5359963171973544},"steps":{"normal":[734,7533,117163,179976,91372,19516,1884],"hard":[84,3212,43488,59785,29097,6969,544]},"unsolvedPenalty":{"normal":209.32524945757197,"hard":29.801936164108824},"average":{"normal":3.99936869743629,"hard":3.957808058444325},"percentSolvingInThreeOrFewer":{"normal":0.22344583352631636,"hard":0.08334016196322516},"percentiles":{"normal":{"p5":0.58678,"p10":0.64359,"p20":0.73254,"p25":0.76408,"p75":0.91268,"p80":0.92833,"p90":0.95541,"p95":0.97544},"hard":{"p5":0.6629,"p10":0.74103,"p20":0.8085,"p25":0.82674,"p75":0.94183,"p80":0.95382,"p90":0.97811,"p95":0.99374}}}