{"efficiency":{"normal":0.8038975193195789,"hard":0.8429929097633356},"luck":{"normal":0.43242393279989255,"hard":0.4084257810519409},"steps":{"normal":[860,2088,44851,146249,127535,53982,11604],"hard":[107,698,15074,47308,46517,20617,3789]},"unsolvedPenalty":{"normal":423.4594354386289,"hard":66.33459895836572},"average":{"normal":4.534904383581457,"hard":4.585598818915251},"percentSolvingInThreeOrFewer":{"normal":0.0916963049074788,"hard":0.03046504222250358},"percentiles":{"normal":{"p5":0.52631,"p10":0.59925,"p20":0.67967,"p25":0.71342,"p75":0.91447,"p80":0.92773,"p90":0.95916,"p95":0.98112},"hard":{"p5":0.57577,"p10":0.64737,"p20":0.73038,"p25":0.76017,"p75":0.94166,"p80":0.9543,"p90":0.98568,"p95":0.99758}}}