{"efficiency":{"normal":0.7972685355319973,"hard":0.8448671376568702},"luck":{"normal":0.46260621546993963,"hard":0.4446917286406791},"steps":{"normal":[767,2841,44196,214946,161238,42349,5507],"hard":[93,1108,19807,75874,53863,10738,864]},"unsolvedPenalty":{"normal":148.9378066780675,"hard":15.131676519903507},"average":{"normal":4.445967179420906,"hard":4.342748136254565},"percentSolvingInThreeOrFewer":{"normal":0.10131314587024524,"hard":0.1294018368063469},"percentiles":{"normal":{"p5":0.52336,"p10":0.5928,"p20":0.66859,"p25":0.70024,"p75":0.90639,"p80":0.91916,"p90":0.9475,"p95":0.96823},"hard":{"p5":0.60356,"p10":0.66667,"p20":0.75102,"p25":0.79132,"p75":0.93012,"p80":0.93887,"p90":0.96256,"p95":0.98811}}}