{"efficiency":{"normal":0.8246774961686311,"hard":0.8506256124357829},"luck":{"normal":0.5851557667476475,"hard":0.5832633948514631},"steps":{"normal":[765,14831,140137,193606,67711,13872,1686],"hard":[112,6828,46456,60879,24387,4137,464]},"unsolvedPenalty":{"normal":140.02107980588755,"hard":15.36920397944365},"average":{"normal":3.8306361574894883,"hard":3.8125},"percentSolvingInThreeOrFewer":{"normal":0.27043101217794774,"hard":0.09272292520798713},"percentiles":{"normal":{"p5":0.57679,"p10":0.63809,"p20":0.72709,"p25":0.75648,"p75":0.91706,"p80":0.9274,"p90":0.96101,"p95":0.97882},"hard":{"p5":0.60552,"p10":0.66667,"p20":0.76565,"p25":0.79363,"p75":0.93593,"p80":0.9481,"p90":0.97718,"p95":0.99949}}}