{"efficiency":{"normal":0.8592879542096599,"hard":0.9318887525084318},"luck":{"normal":0.7359679831329192,"hard":0.7438285174727681},"steps":{"normal":[5531,113651,137817,93049,47500,15411,1929],"hard":[6010,45387,47573,26364,12475,3835,377]},"unsolvedPenalty":{"normal":255.25121053393235,"hard":25.123067993147885},"average":{"normal":3.2780320614330027,"hard":3.046070651523366},"percentSolvingInThreeOrFewer":{"normal":0.4614768581032551,"hard":0.1777120981411785},"percentiles":{"normal":{"p5":0.57738,"p10":0.66253,"p20":0.76167,"p25":0.79704,"p75":0.97661,"p80":1,"p90":1,"p95":1},"hard":{"p5":0.76317,"p10":0.82479,"p20":0.88209,"p25":0.89698,"p75":1,"p80":1,"p90":1,"p95":1}}}