{"efficiency":{"normal":0.8264351953590655,"hard":0.8560340229601376},"luck":{"normal":0.4564129534926761,"hard":0.46124119347842346},"steps":{"normal":[471,4413,52295,141660,115351,45958,7274],"hard":[47,2081,24577,48867,39113,16430,2593]},"unsolvedPenalty":{"normal":786.0131764165268,"hard":251.8385164476353},"average":{"normal":4.433499534600164,"hard":4.361072470271483},"percentSolvingInThreeOrFewer":{"normal":0.1141027585326139,"hard":0.05329092302289199},"percentiles":{"normal":{"p5":0.5892,"p10":0.65278,"p20":0.74837,"p25":0.78017,"p75":0.90659,"p80":0.91797,"p90":0.94365,"p95":0.96181},"hard":{"p5":0.63926,"p10":0.69878,"p20":0.79033,"p25":0.81438,"p75":0.92794,"p80":0.93765,"p90":0.96591,"p95":0.98987}}}