{"efficiency":{"normal":0.8153226258280346,"hard":0.8811164122418189,"normal-ps":0.6991643678160919,"hard-ps":0.7400981218274112},"luck":{"normal":0.6659518874759067,"hard":0.6560007965037624,"normal-ps":0.6796917624521073,"hard-ps":0.6783579526226734},"steps":{"normal":[1448,71795,169815,101710,54086,43321,9192],"hard":[162,22751,65701,30804,18830,19443,2708],"normal-ps":[6,276,691,436,222,161,35],"hard-ps":[3,213,455,268,123,103,17]},"unsolvedPenalty":{"normal":367.1200260988659,"hard":50.65715696201625,"normal-ps":0.5,"hard-ps":0.5},"average":{"normal":3.6485411081817576,"hard":3.6972525108945704,"normal-ps":3.645867542419267,"hard-ps":3.55414551607445},"percentSolvingInThreeOrFewer":{"normal":0.39535931552750575,"hard":0.1441426201242721,"normal-ps":0.0015826799830833795,"hard-ps":0.0010914473470184456},"percentiles":{"normal":{"p5":0.49344,"p10":0.56392,"p20":0.68068,"p25":0.72736,"p75":0.94651,"p80":0.98379,"p90":1,"p95":1},"hard":{"p5":0.60462,"p10":0.67899,"p20":0.79162,"p25":0.82472,"p75":0.99287,"p80":1,"p90":1,"p95":1},"normal-ps":{"p5":0.3343,"p10":0.42299,"p20":0.50065,"p25":0.50139,"p75":0.89844,"p80":0.94733,"p90":1,"p95":1},"hard-ps":{"p5":0.33477,"p10":0.46373,"p20":0.50128,"p25":0.53809,"p75":0.95295,"p80":0.99182,"p90":1,"p95":1}}}