{"efficiency": {"normal": 0.7852714313528872, "hard": 0.8437144386041536}, "luck": {"normal": 0.5579976680081057, "hard": 0.5172606826985904}, "steps": {"normal": [538, 5351, 62768, 109511, 68054, 19895, 2990], "hard": [74, 1168, 12113, 28898, 18961, 4241, 368]}, "unsolvedPenalty": {"normal": 66.28732764405291, "hard": 4.745989800688621}, "average": {"normal": 4.155314753342142, "hard": 4.210879874660843}, "percentSolvingInThreeOrFewer": {"normal": 0.2551290007320508, "hard": 0.20289260592801908}}