{"efficiency":{"normal":0.7676205610433849,"hard":0.8957899720688918},"luck":{"normal":0.4832096180019324,"hard":0.48611325187374255},"steps":{"normal":[572,6685,76841,145055,102625,44168,8027],"hard":[84,2513,30559,49594,33660,15371,3910]},"unsolvedPenalty":{"normal":5243.501897149467,"hard":2794.2161252556684},"average":{"normal":4.299702329021488,"hard":4.26814600820983},"percentSolvingInThreeOrFewer":{"normal":0.16184246986560755,"hard":0.06380178266291045},"percentiles":{"normal":{"p5":0.47779,"p10":0.53564,"p20":0.60783,"p25":0.63748,"p75":0.90494,"p80":0.92112,"p90":0.95477,"p95":0.97119},"hard":{"p5":0.70576,"p10":0.77923,"p20":0.84543,"p25":0.86206,"p75":0.95597,"p80":0.96351,"p90":0.98087,"p95":0.99231}}}