{"efficiency":{"normal":0.792124149519111,"hard":0.8434942960024976},"luck":{"normal":0.5385635476767711,"hard":0.5598028043536875},"steps":{"normal":[756,5782,93099,184072,102231,24469,3290],"hard":[65,3212,51349,60550,22258,3292,208]},"unsolvedPenalty":{"normal":110.78741317288154,"hard":18.975849531135342},"average":{"normal":4.122829111002072,"hard":3.7962721196554514},"percentSolvingInThreeOrFewer":{"normal":0.1796499059769116,"hard":0.09849256559530227},"percentiles":{"normal":{"p5":0.49869,"p10":0.57393,"p20":0.64839,"p25":0.67903,"p75":0.91315,"p80":0.92553,"p90":0.96171,"p95":0.9891},"hard":{"p5":0.59186,"p10":0.63851,"p20":0.73306,"p25":0.7784,"p75":0.9388,"p80":0.94778,"p90":0.97768,"p95":0.99549}}}