{"efficiency":{"normal":0.827916194369738,"hard":0.8829177389409487},"luck":{"normal":0.5655089731369255,"hard":0.5338748839954934},"steps":{"normal":[994,10088,132726,164091,75760,26926,5483],"hard":[83,4425,47633,59584,26870,8531,1099]},"unsolvedPenalty":{"normal":243.21442868607454,"hard":21.45405854243515},"average":{"normal":3.9631963621768294,"hard":3.9284475837735364},"percentSolvingInThreeOrFewer":{"normal":0.2548502569555201,"hard":0.09240297713981925},"percentiles":{"normal":{"p5":0.54262,"p10":0.61498,"p20":0.73132,"p25":0.7679,"p75":0.93178,"p80":0.94613,"p90":0.96623,"p95":0.97902},"hard":{"p5":0.64343,"p10":0.73082,"p20":0.81971,"p25":0.84173,"p75":0.96303,"p80":0.97208,"p90":0.99599,"p95":1}}}