{"efficiency":{"normal":0.8196031531445853,"hard":0.8427075337618766},"luck":{"normal":0.4552677277006914,"hard":0.4938044123037018},"steps":{"normal":[1069,6705,79723,182563,111506,34559,4462],"hard":[91,3253,34245,58830,34831,9683,941]},"unsolvedPenalty":{"normal":758.0807533751995,"hard":127.72381806843075},"average":{"normal":4.221592692274772,"hard":4.106078547463983},"percentSolvingInThreeOrFewer":{"normal":0.15556685488344307,"hard":0.06683177118149881},"percentiles":{"normal":{"p5":0.57765,"p10":0.64293,"p20":0.72597,"p25":0.75829,"p75":0.91034,"p80":0.92313,"p90":0.95034,"p95":0.97026},"hard":{"p5":0.61942,"p10":0.67391,"p20":0.757,"p25":0.78537,"p75":0.92765,"p80":0.94054,"p90":0.96505,"p95":0.98791}}}