{"efficiency":{"normal":0.8192373433519655,"hard":0.8742475408458398},"luck":{"normal":0.5442758026665445,"hard":0.5011027714243695},"steps":{"normal":[834,8360,120373,180905,95670,27403,2950],"hard":[80,1828,29295,67300,34999,8789,498]},"unsolvedPenalty":{"normal":485.17012774636623,"hard":46.075290664671996},"average":{"normal":4.038403738660313,"hard":4.142661054813611},"percentSolvingInThreeOrFewer":{"normal":0.22368391525824555,"hard":0.05386897929098777},"percentiles":{"normal":{"p5":0.56939,"p10":0.62178,"p20":0.71708,"p25":0.75093,"p75":0.91592,"p80":0.9215,"p90":0.95692,"p95":0.99221},"hard":{"p5":0.66667,"p10":0.74828,"p20":0.81444,"p25":0.8347,"p75":0.9415,"p80":0.95189,"p90":0.97797,"p95":0.99728}}}