{"efficiency":{"normal":0.855402503488158,"hard":0.8900434255117984},"luck":{"normal":0.5762492336699858,"hard":0.6042180039026092},"steps":{"normal":[1174,14325,191848,174668,54741,12363,1684],"hard":[84,8676,76335,47741,13209,2870,216]},"unsolvedPenalty":{"normal":407.5399054497377,"hard":25.65971228558751},"average":{"normal":3.6867955750857897,"hard":3.500050291354581},"percentSolvingInThreeOrFewer":{"normal":0.3456234102629921,"hard":0.14183871107540397},"percentiles":{"normal":{"p5":0.64167,"p10":0.72074,"p20":0.78968,"p25":0.80988,"p75":0.93007,"p80":0.94174,"p90":0.96671,"p95":0.98476},"hard":{"p5":0.73961,"p10":0.79417,"p20":0.84056,"p25":0.84744,"p75":0.94753,"p80":0.95961,"p90":0.97344,"p95":0.99604}}}