{"efficiency":{"normal":0.8510625514344091,"hard":0.9010831817509946},"luck":{"normal":0.6621197076557418,"hard":0.6449738316099304},"steps":{"normal":[1063,34573,234313,163801,40378,5025,480],"hard":[178,14947,76580,51808,10792,1268,26]},"unsolvedPenalty":{"normal":83.19473778326326,"hard":0.5},"average":{"normal":3.467788341255942,"hard":3.398231396566904},"percentSolvingInThreeOrFewer":{"normal":0.4249633604778014,"hard":0.1443683755665155},"percentiles":{"normal":{"p5":0.62146,"p10":0.69721,"p20":0.77063,"p25":0.79819,"p75":0.9303,"p80":0.93893,"p90":0.96298,"p95":0.98821},"hard":{"p5":0.69561,"p10":0.77841,"p20":0.84501,"p25":0.86681,"p75":0.964,"p80":0.97052,"p90":0.99312,"p95":1}}}