{"efficiency":{"normal":0.8744765982061034,"hard":0.9055192107347443},"luck":{"normal":0.5731196670849659,"hard":0.5898935929527914},"steps":{"normal":[884,22779,92926,110249,65129,18550,2654],"hard":[161,9978,33652,39842,20182,4397,369]},"unsolvedPenalty":{"normal":319.0899913131293,"hard":10.623067993147883},"average":{"normal":3.8927078643433504,"hard":3.77549685951631},"percentSolvingInThreeOrFewer":{"normal":0.2764401133359415,"hard":0.10383042287584024},"percentiles":{"normal":{"p5":0.63011,"p10":0.71842,"p20":0.80247,"p25":0.82877,"p75":0.95704,"p80":0.96324,"p90":0.99989,"p95":1},"hard":{"p5":0.71314,"p10":0.77653,"p20":0.84406,"p25":0.86659,"p75":0.97501,"p80":0.99031,"p90":0.99997,"p95":1}}}