{"efficiency":{"normal":0.7773093259987572,"hard":0.8639473334388789},"luck":{"normal":0.625405302240579,"hard":0.6230745177144352},"steps":{"normal":[724,41698,155829,126490,59495,21644,4505],"hard":[122,16458,55381,43208,20843,7742,1522]},"unsolvedPenalty":{"normal":947.4688068848911,"hard":225.2073158589153},"average":{"normal":3.684189236936048,"hard":3.6607102294237905},"percentSolvingInThreeOrFewer":{"normal":0.35678344029283987,"hard":0.12950498684452058},"percentiles":{"normal":{"p5":0.47188,"p10":0.54616,"p20":0.62793,"p25":0.67609,"p75":0.89726,"p80":0.91317,"p90":0.95129,"p95":1},"hard":{"p5":0.62395,"p10":0.70355,"p20":0.77509,"p25":0.80079,"p75":0.94871,"p80":0.96269,"p90":1,"p95":1}}}