{"efficiency":{"normal":0.8051643841171355,"hard":0.9058829964406064},"luck":{"normal":0.579302428232377,"hard":0.60264508786445},"steps":{"normal":[736,19312,99488,129212,74381,22795,2525],"hard":[159,10075,32682,37844,26090,8306,875]},"unsolvedPenalty":{"normal":592.9554889612012,"hard":150.72239688389655},"average":{"normal":3.9560942571552387,"hard":3.92366695107342},"percentSolvingInThreeOrFewer":{"normal":0.2573533527671686,"hard":0.0923953996064433},"percentiles":{"normal":{"p5":0.55716,"p10":0.62977,"p20":0.72641,"p25":0.75175,"p75":0.88856,"p80":0.90028,"p90":0.93362,"p95":0.95776},"hard":{"p5":0.75114,"p10":0.81201,"p20":0.85813,"p25":0.87404,"p75":0.96347,"p80":0.97281,"p90":0.98762,"p95":0.99972}}}