{"efficiency": {"normal": 0.8212264123113946, "hard": 0.8625492602360503}, "luck": {"normal": 0.5018037849200871, "hard": 0.5190043210256186}, "steps": {"normal": [1394, 8838, 100293, 189783, 79759, 15725, 2105], "hard": [72, 2376, 27634, 38554, 13406, 2361, 145]}, "unsolvedPenalty": {"normal": 191.55827400980726, "hard": 7.929558291126573}, "average": {"normal": 3.9888527892243713, "hard": 3.8340460987639102}, "percentSolvingInThreeOrFewer": {"normal": 0.27777289097429736, "hard": 0.3557978899560013}, "percentiles": {"normal": {"p5": 0.59296, "p10": 0.65641, "p20": 0.74335, "p25": 0.76969, "p75": 0.90081, "p80": 0.91252, "p90": 0.94024, "p95": 0.95992}, "hard": {"p5": 0.67157, "p10": 0.73516, "p20": 0.8024, "p25": 0.82204, "p75": 0.92722, "p80": 0.93817, "p90": 0.96364, "p95": 0.98551}}}