{"efficiency":{"normal":0.840378570788271,"hard":0.8770198932179687},"luck":{"normal":0.59479453876161,"hard":0.6417936497366392},"steps":{"normal":[710,35539,203743,164490,50500,10139,1174],"hard":[91,21395,69414,46309,13121,2506,184]},"unsolvedPenalty":{"normal":167.43379375758096,"hard":12.834404441089271},"average":{"normal":3.562892049950783,"hard":3.385853014599208},"percentSolvingInThreeOrFewer":{"normal":0.38750986967985906,"hard":0.14677525871074934},"percentiles":{"normal":{"p5":0.61641,"p10":0.66945,"p20":0.75403,"p25":0.78482,"p75":0.92052,"p80":0.93247,"p90":0.96064,"p95":0.98424},"hard":{"p5":0.70058,"p10":0.77317,"p20":0.79646,"p25":0.82529,"p75":0.94097,"p80":0.94971,"p90":0.98086,"p95":1}}}