{"efficiency":{"normal":0.8419386529941466,"hard":0.8982579379974605},"luck":{"normal":0.6161023626236921,"hard":0.6035417440614451},"steps":{"normal":[1191,18888,203039,178116,46781,8921,1245],"hard":[144,6803,76111,62951,13863,1480,93]},"unsolvedPenalty":{"normal":121.4272480859797,"hard":8.387123930911523},"average":{"normal":3.6130656446832563,"hard":3.54696645916566},"percentSolvingInThreeOrFewer":{"normal":0.3600935383344173,"hard":0.13404256349261426},"percentiles":{"normal":{"p5":0.58719,"p10":0.65533,"p20":0.74546,"p25":0.7763,"p75":0.93268,"p80":0.94779,"p90":0.98795,"p95":1},"hard":{"p5":0.69469,"p10":0.7546,"p20":0.83149,"p25":0.8572,"p75":0.97105,"p80":0.97969,"p90":1,"p95":1}}}