{"efficiency":{"normal":0.8587999839704293,"hard":0.8946703166659913},"luck":{"normal":0.4920292405252977,"hard":0.48519308075691886},"steps":{"normal":[812,10696,107904,194249,102556,21611,2604],"hard":[77,3719,42201,66104,29790,5650,530]},"unsolvedPenalty":{"normal":283.26835569106026,"hard":41.600338769281656},"average":{"normal":4.04371123159778,"hard":3.947870659264962},"percentSolvingInThreeOrFewer":{"normal":0.20291074068410053,"hard":0.07816009923365788},"percentiles":{"normal":{"p5":0.61696,"p10":0.6876,"p20":0.78236,"p25":0.81318,"p75":0.93925,"p80":0.94884,"p90":0.97076,"p95":0.99112},"hard":{"p5":0.68034,"p10":0.76123,"p20":0.84393,"p25":0.86451,"p75":0.95913,"p80":0.96848,"p90":0.98998,"p95":1}}}