{"efficiency":{"normal":0.8720385692913833,"hard":0.899801927736692,"normal-ps":0.8233859257206209,"hard-ps":0.8569682267689684},"luck":{"normal":0.6108519875818449,"hard":0.6101996790050228,"normal-ps":0.6102942294900222,"hard-ps":0.6031635379369139},"steps":{"normal":[1576,30735,231755,151774,35012,6342,682],"hard":[175,10596,80076,55156,10670,1712,91],"normal-ps":[6,128,938,564,144,24],"hard-ps":[4,91,623,368,71,16]},"unsolvedPenalty":{"normal":146.3818605813057,"hard":5.957329774510814,"normal-ps":null,"hard-ps":null},"average":{"normal":3.456418521964366,"hard":3.447758651152225,"normal-ps":3.434589800443459,"hard-ps":3.391304347826087},"percentSolvingInThreeOrFewer":{"normal":0.4263745880635718,"hard":0.14668569795472858,"normal-ps":0.0017308999549513911,"hard-ps":0.0011593154549021443},"percentiles":{"normal":{"p5":0.65298,"p10":0.73009,"p20":0.79905,"p25":0.81424,"p75":0.95679,"p80":0.96807,"p90":0.99107,"p95":1},"hard":{"p5":0.7354,"p10":0.79259,"p20":0.84308,"p25":0.86128,"p75":0.96155,"p80":0.97117,"p90":1,"p95":1},"normal-ps":{"p5":0.51235,"p10":0.60565,"p20":0.69467,"p25":0.7399,"p75":0.93368,"p80":0.94634,"p90":0.97884,"p95":1},"hard-ps":{"p5":0.57826,"p10":0.66383,"p20":0.77532,"p25":0.81412,"p75":0.94667,"p80":0.95521,"p90":0.99396,"p95":1}}}