{"efficiency":{"normal":0.8124881105855717,"hard":0.85351733877633},"luck":{"normal":0.4668648998233363,"hard":0.47767914153078483},"steps":{"normal":[635,1700,36873,147300,138033,41763,5572],"hard":[71,635,15291,54322,45673,12556,907]},"unsolvedPenalty":{"normal":621.8426648173644,"hard":167.35347619162403},"average":{"normal":4.512303270026593,"hard":4.431165661231394},"percentSolvingInThreeOrFewer":{"normal":0.07821388394673645,"hard":0.0319134507216429},"percentiles":{"normal":{"p5":0.55823,"p10":0.62159,"p20":0.69867,"p25":0.73306,"p75":0.91333,"p80":0.92727,"p90":0.95822,"p95":0.97804},"hard":{"p5":0.63758,"p10":0.68926,"p20":0.78469,"p25":0.8059,"p75":0.93142,"p80":0.94166,"p90":0.96843,"p95":0.98754}}}