{"efficiency":{"normal":0.8743163282132741,"hard":0.9165141353197684},"luck":{"normal":0.5423855145911815,"hard":0.5295217398446734},"steps":{"normal":[1192,8716,188578,205503,45580,5456,762],"hard":[94,2998,69610,63921,12347,760,17]},"unsolvedPenalty":{"normal":158.44305133160353,"hard":0.5},"average":{"normal":3.667451386496822,"hard":3.586040641339842},"percentSolvingInThreeOrFewer":{"normal":0.32778620004029474,"hard":0.12006348073944162},"percentiles":{"normal":{"p5":0.66033,"p10":0.74301,"p20":0.8087,"p25":0.82996,"p75":0.94679,"p80":0.95555,"p90":0.97762,"p95":0.99442},"hard":{"p5":0.75568,"p10":0.81527,"p20":0.8677,"p25":0.88497,"p75":0.97337,"p80":0.9824,"p90":0.99819,"p95":1}}}