{"efficiency":{"normal":0.8348968654192012,"hard":0.8784263386538955},"luck":{"normal":0.5325391860337673,"hard":0.530561801043782},"steps":{"normal":[1053,8599,128684,185455,65254,10997,1409],"hard":[97,3674,55302,66484,17295,1342,85]},"unsolvedPenalty":{"normal":210.82046851305466,"hard":6.178868170960942},"average":{"normal":3.8530865304617716,"hard":3.7033815487618083},"percentSolvingInThreeOrFewer":{"normal":0.25349023430700135,"hard":0.10824994457036997},"percentiles":{"normal":{"p5":0.59339,"p10":0.65145,"p20":0.73709,"p25":0.77168,"p75":0.92672,"p80":0.93584,"p90":0.96959,"p95":0.98957},"hard":{"p5":0.67046,"p10":0.73006,"p20":0.81262,"p25":0.83672,"p75":0.94682,"p80":0.95608,"p90":0.98838,"p95":1}}}