{"efficiency": {"normal": 0.8462769199827845, "hard": 0.8854998632381961}, "luck": {"normal": 0.6699078490905251, "hard": 0.70595092179577}, "steps": {"normal": [1488, 72133, 153733, 110951, 32261, 5955, 868], "hard": [120, 18352, 40782, 19782, 4040, 474, 15]}, "unsolvedPenalty": {"normal": 86.20323058371946, "hard": 0}, "average": {"normal": 3.3227099974577525, "hard": 3.1286663076646923}, "percentSolvingInThreeOrFewer": {"normal": 0.6024393927750942, "hard": 0.7090767665888829}, "percentiles": {"normal": {"p5": 0.52477, "p10": 0.637, "p20": 0.75, "p25": 0.77915, "p75": 0.96356, "p80": 1, "p90": 1, "p95": 1}, "hard": {"p5": 0.43358, "p10": 0.67249, "p20": 0.82338, "p25": 0.85475, "p75": 0.99879, "p80": 1, "p90": 1, "p95": 1}}}