{"efficiency":{"normal":0.8618532303293931,"hard":0.9021090513826379,"normal-ps":0.7968804797601199,"hard-ps":0.8135038750940556},"luck":{"normal":0.5635785241074203,"hard":0.607112590447696,"normal-ps":0.581046071964018,"hard-ps":0.6214190820165538},"steps":{"normal":[615,8666,168062,182364,57911,12237,1418],"hard":[65,5240,77522,55662,14630,2469,164],"normal-ps":[8,48,815,787,279,56,8],"hard-ps":[2,73,669,450,106,27,2]},"unsolvedPenalty":{"normal":155.83173081167493,"hard":12.432732184665175,"normal-ps":1.0835716938902349,"hard-ps":null},"average":{"normal":3.763431012015452,"hard":3.5614851720352094,"normal-ps":3.7361319340329837,"hard-ps":3.505643340857788},"percentSolvingInThreeOrFewer":{"normal":0.3004048377261332,"hard":0.14029913950809675,"normal-ps":0.0014753709600921472,"hard-ps":0.001260247984280778},"percentiles":{"normal":{"p5":0.63725,"p10":0.72541,"p20":0.79727,"p25":0.81916,"p75":0.93344,"p80":0.94462,"p90":0.9826,"p95":0.99478},"hard":{"p5":0.72159,"p10":0.80739,"p20":0.85959,"p25":0.87422,"p75":0.95963,"p80":0.96545,"p90":0.98029,"p95":0.99478},"normal-ps":{"p5":0.4988,"p10":0.57318,"p20":0.66001,"p25":0.71401,"p75":0.91423,"p80":0.9372,"p90":0.97198,"p95":0.99538},"hard-ps":{"p5":0.50001,"p10":0.58935,"p20":0.67571,"p25":0.74204,"p75":0.9164,"p80":0.93942,"p90":0.97313,"p95":0.99595}}}