{"efficiency":{"normal":0.8199193155615322,"hard":0.890997881644224},"luck":{"normal":0.6539053530958926,"hard":0.6507667316538883},"steps":{"normal":[1270,37752,174527,148158,66187,24615,2590],"hard":[213,16303,63905,48674,18370,7165,579]},"unsolvedPenalty":{"normal":403.16560345663754,"hard":55.60387232821765},"average":{"normal":3.707211334577008,"hard":3.592223439211391},"percentSolvingInThreeOrFewer":{"normal":0.34990570412231103,"hard":0.1317700917398122},"percentiles":{"normal":{"p5":0.56476,"p10":0.64533,"p20":0.73193,"p25":0.76048,"p75":0.90422,"p80":0.92081,"p90":0.95795,"p95":1},"hard":{"p5":0.66641,"p10":0.75793,"p20":0.83235,"p25":0.85025,"p75":0.96341,"p80":0.97886,"p90":0.99966,"p95":1}}}