{"efficiency": {"normal": 0.8270852627687326, "hard": 0.8979775186394792}, "luck": {"normal": 0.5826890852004083, "hard": 0.5629009839996668}, "steps": {"normal": [926, 10885, 88894, 140880, 54593, 11365, 2184], "hard": [73, 2186, 21817, 36831, 10392, 1189, 66]}, "unsolvedPenalty": {"normal": 111.43370005667273, "hard": 3.601290298519344}, "average": {"normal": 3.9048982933359273, "hard": 3.814808298512811}, "percentSolvingInThreeOrFewer": {"normal": 0.3251411727101609, "hard": 0.33183559831298065}, "percentiles": {"normal": {"p5": 0.54745, "p10": 0.61118, "p20": 0.7041, "p25": 0.75332, "p75": 0.92999, "p80": 0.94082, "p90": 0.96846, "p95": 0.99112}, "hard": {"p5": 0.65526, "p10": 0.73662, "p20": 0.83808, "p25": 0.86422, "p75": 0.97068, "p80": 0.97858, "p90": 0.99004, "p95": 1}}}