{"efficiency":{"normal":0.778403642874776,"hard":0.8373706293497248},"luck":{"normal":0.43961982260525,"hard":0.43715211561276823},"steps":{"normal":[616,2887,28389,126705,110423,39360,7570],"hard":[70,1042,14443,52663,32072,5912,841]},"unsolvedPenalty":{"normal":184.56853695613216,"hard":30.2956136792364},"average":{"normal":4.5325703723865525,"hard":4.2693863443160485},"percentSolvingInThreeOrFewer":{"normal":0.0753979229756341,"hard":0.036779359304411965},"percentiles":{"normal":{"p5":0.48466,"p10":0.55716,"p20":0.64163,"p25":0.67208,"p75":0.90825,"p80":0.92176,"p90":0.95154,"p95":0.97209},"hard":{"p5":0.5869,"p10":0.65442,"p20":0.72736,"p25":0.76366,"p75":0.93202,"p80":0.94233,"p90":0.96624,"p95":0.9818}}}