{"efficiency":{"normal":0.7333592740706268,"hard":0.878882023129782},"luck":{"normal":0.5680979428166562,"hard":0.5317981650576716},"steps":{"normal":[681,17816,97520,105984,77259,55560,27666],"hard":[76,5860,25568,32128,26596,24202,16396]},"unsolvedPenalty":{"normal":16113.008076853252,"hard":10054.814050525263},"average":{"normal":4.283699661951062,"hard":4.5371521169177615},"percentSolvingInThreeOrFewer":{"normal":0.22601867076031137,"hard":0.061375449041136454},"percentiles":{"normal":{"p5":0.4914,"p10":0.52877,"p20":0.58358,"p25":0.60421,"p75":0.88026,"p80":0.89949,"p90":0.93764,"p95":0.98777},"hard":{"p5":0.67881,"p10":0.74978,"p20":0.81646,"p25":0.83937,"p75":0.9456,"p80":0.95631,"p90":0.97942,"p95":0.99044}}}