{"efficiency":{"normal":0.8782657137441049,"hard":0.9098826218936572},"luck":{"normal":0.546629173854731,"hard":0.5594493299994897},"steps":{"normal":[1246,26993,199558,179610,42184,5963,758],"hard":[169,11886,72836,58025,12446,1349,65]},"unsolvedPenalty":{"normal":272.0618384372598,"hard":6.5},"average":{"normal":3.558074300040323,"hard":3.477974945144665},"percentSolvingInThreeOrFewer":{"normal":0.37155677488386657,"hard":0.13846462498042694},"percentiles":{"normal":{"p5":0.69241,"p10":0.76225,"p20":0.82219,"p25":0.83967,"p75":0.94121,"p80":0.95309,"p90":0.97262,"p95":0.99305},"hard":{"p5":0.7881,"p10":0.8278,"p20":0.86488,"p25":0.87782,"p75":0.95947,"p80":0.966,"p90":0.98594,"p95":1}}}