{"efficiency":{"normal":0.8344650949793198,"hard":0.8884515568311979,"normal-ps":0.814813813116657,"hard-ps":0.8489599909747293},"luck":{"normal":0.5073899493491889,"hard":0.48961799019738417,"normal-ps":0.4949266163668021,"hard-ps":0.4941690974729242},"steps":{"normal":[698,7775,115574,185819,84181,18434,1921],"hard":[99,3255,42935,68462,29360,5642,410],"normal-ps":[2,44,496,720,359,90,12],"hard-ps":[30,346,490,193,46,3]},"unsolvedPenalty":{"normal":338.00631746042575,"hard":70.98251896556552,"normal-ps":2.083571693890235,"hard-ps":null},"average":{"normal":3.979886874224794,"hard":3.944873604858688,"normal-ps":3.9843296575739986,"hard-ps":3.8962093862815883},"percentSolvingInThreeOrFewer":{"normal":0.21863021038031305,"hard":0.08158075153198531,"normal-ps":0.0009552327190117748,"hard-ps":0.0006626706685395338},"percentiles":{"normal":{"p5":0.60788,"p10":0.68093,"p20":0.75234,"p25":0.77734,"p75":0.92009,"p80":0.9322,"p90":0.96197,"p95":0.98208},"hard":{"p5":0.70862,"p10":0.76382,"p20":0.82549,"p25":0.84565,"p75":0.95427,"p80":0.96604,"p90":0.98926,"p95":1},"normal-ps":{"p5":0.57515,"p10":0.62679,"p20":0.71007,"p25":0.73494,"p75":0.91283,"p80":0.9283,"p90":0.96707,"p95":0.98621},"hard-ps":{"p5":0.62332,"p10":0.68297,"p20":0.74624,"p25":0.78075,"p75":0.93513,"p80":0.95087,"p90":0.97759,"p95":0.99933}}}