{"efficiency":{"normal":0.8758374019919576,"hard":0.8987158571964319},"luck":{"normal":0.5084729621642815,"hard":0.5270134060164474},"steps":{"normal":[562,3626,89736,214756,95448,13069,1084],"hard":[57,1568,35443,76335,33053,2745,118]},"unsolvedPenalty":{"normal":160.12384706074127,"hard":6.061261468388929},"average":{"normal":4.059957158089518,"hard":4.0001674211781095},"percentSolvingInThreeOrFewer":{"normal":0.16547569969309697,"hard":0.06531291071623627},"percentiles":{"normal":{"p5":0.67508,"p10":0.7469,"p20":0.81399,"p25":0.8345,"p75":0.94885,"p80":0.95484,"p90":0.97591,"p95":0.98861},"hard":{"p5":0.73536,"p10":0.79408,"p20":0.84707,"p25":0.86405,"p75":0.95796,"p80":0.96651,"p90":0.98774,"p95":1}}}