{"efficiency":{"normal":0.8745755504255611,"hard":0.9047393966968297},"luck":{"normal":0.495262677047117,"hard":0.5151884918053534},"steps":{"normal":[1400,5982,124192,235156,96105,16776,1867],"hard":[103,2350,44825,71351,32769,6355,274]},"unsolvedPenalty":{"normal":257.5420590249186,"hard":13.493664965160692},"average":{"normal":3.9855217848226934,"hard":3.9758906536733534},"percentSolvingInThreeOrFewer":{"normal":0.20574750747444925,"hard":0.07393137267166214},"percentiles":{"normal":{"p5":0.65245,"p10":0.73432,"p20":0.81378,"p25":0.83641,"p75":0.94574,"p80":0.95467,"p90":0.98174,"p95":0.99772},"hard":{"p5":0.75501,"p10":0.80792,"p20":0.85918,"p25":0.87361,"p75":0.95664,"p80":0.96463,"p90":0.98025,"p95":0.99115}}}