{"efficiency":{"normal":0.8413858719822003,"hard":0.8790496716039561},"luck":{"normal":0.6154755919000684,"hard":0.6003099321768794},"steps":{"normal":[976,26510,193321,163843,52992,9885,1020],"hard":[155,11116,60718,55263,18139,2775,160]},"unsolvedPenalty":{"normal":152.0778080998792,"hard":6.82713519457624},"average":{"normal":3.6110396457896274,"hard":3.599493012061189},"percentSolvingInThreeOrFewer":{"normal":0.369939049112543,"hard":0.12061004500112252},"percentiles":{"normal":{"p5":0.62872,"p10":0.70204,"p20":0.75945,"p25":0.78459,"p75":0.91705,"p80":0.93209,"p90":0.96255,"p95":0.98998},"hard":{"p5":0.71161,"p10":0.76343,"p20":0.8141,"p25":0.83258,"p75":0.94527,"p80":0.95696,"p90":0.9815,"p95":1}}}