{"efficiency":{"normal":0.8270256359573905,"hard":0.9279900870905204},"luck":{"normal":0.7621815964838352,"hard":0.7760138686682905},"steps":{"normal":[22973,84458,114744,53321,20898,7766,1967],"hard":[8565,36468,33467,13521,5881,2239,444]},"unsolvedPenalty":{"normal":374.26353642708426,"hard":92.474549180942},"average":{"normal":2.980109692319251,"hard":2.7985186658050405},"percentSolvingInThreeOrFewer":{"normal":0.5462746457575736,"hard":0.1930107963109121},"percentiles":{"normal":{"p5":0.54762,"p10":0.61678,"p20":0.6877,"p25":0.73225,"p75":0.97892,"p80":0.9797,"p90":1,"p95":1},"hard":{"p5":0.76227,"p10":0.816,"p20":0.8417,"p25":0.88,"p75":1,"p80":1,"p90":1,"p95":1}}}