{"efficiency":{"normal":0.8276104544207524,"hard":0.8920964040834787,"normal-ps":0.690059936779472,"hard-ps":0.7248836784268363},"luck":{"normal":0.5109772230560147,"hard":0.4980678325902953,"normal-ps":0.5600211751580513,"hard-ps":0.5627627067669173},"steps":{"normal":[1632,16517,83109,144997,118534,58987,9980],"hard":[286,5678,29575,52209,43606,20290,3125],"normal-ps":[13,151,594,871,627,359,74],"hard-ps":[5,116,447,563,398,173,27]},"unsolvedPenalty":{"normal":2113.2426101235865,"hard":449.16284936526523,"normal-ps":19.213450226726515,"hard-ps":1.5},"average":{"normal":4.312208797010335,"hard":4.3143244814886605,"normal-ps":4.2075120862774265,"hard-ps":4.060150375939849},"percentSolvingInThreeOrFewer":{"normal":0.1707735403888024,"hard":0.05993601473313894,"normal-ps":0.001278356148673832,"hard-ps":0.0009579238686632409},"percentiles":{"normal":{"p5":0.54391,"p10":0.615,"p20":0.7137,"p25":0.75478,"p75":0.92999,"p80":0.94193,"p90":0.96852,"p95":0.98693},"hard":{"p5":0.69113,"p10":0.76003,"p20":0.83631,"p25":0.85589,"p75":0.95949,"p80":0.96697,"p90":0.98519,"p95":0.99926},"normal-ps":{"p5":0.41032,"p10":0.46235,"p20":0.53778,"p25":0.56643,"p75":0.8311,"p80":0.85869,"p90":0.90368,"p95":0.96972},"hard-ps":{"p5":0.43111,"p10":0.48735,"p20":0.56405,"p25":0.59427,"p75":0.87745,"p80":0.89249,"p90":0.9411,"p95":0.9889}}}