{"efficiency":{"normal":0.8321293618421346,"hard":0.8798529015508875},"luck":{"normal":0.6068696213523799,"hard":0.5717012610038348},"steps":{"normal":[1376,28428,190884,156385,56166,13764,1297],"hard":[174,10624,56231,51071,23221,5729,284]},"unsolvedPenalty":{"normal":201.62090346193904,"hard":11.59648646659556},"average":{"normal":3.630638447845891,"hard":3.7098109749889705},"percentSolvingInThreeOrFewer":{"normal":0.3705134468580907,"hard":0.11253422783186516},"percentiles":{"normal":{"p5":0.61634,"p10":0.68001,"p20":0.74586,"p25":0.77128,"p75":0.91249,"p80":0.92543,"p90":0.95406,"p95":0.98499},"hard":{"p5":0.71351,"p10":0.76454,"p20":0.8155,"p25":0.83511,"p75":0.94338,"p80":0.95463,"p90":0.98103,"p95":1}}}