{"efficiency":{"normal":0.8124616166829972,"hard":0.8738309370873355},"luck":{"normal":0.6567820484215148,"hard":0.5572091980233803},"steps":{"normal":[1497,59573,157939,123823,69531,26091,3445],"hard":[110,5402,50979,44769,31184,10374,1063]},"unsolvedPenalty":{"normal":226.96612864956808,"hard":19.35762799659764},"average":{"normal":3.65382169712906,"hard":3.9440027244547613},"percentSolvingInThreeOrFewer":{"normal":0.37387780325131914,"hard":0.09643679593303436},"percentiles":{"normal":{"p5":0.5,"p10":0.5,"p20":0.66095,"p25":0.71192,"p75":0.94123,"p80":0.96315,"p90":1,"p95":1},"hard":{"p5":0.62749,"p10":0.68614,"p20":0.78259,"p25":0.8247,"p75":0.96481,"p80":0.97148,"p90":0.9954,"p95":1}}}