{"efficiency":{"normal":0.8600910699763991,"hard":0.920224628201108},"luck":{"normal":0.6430376853824328,"hard":0.6290529817079544},"steps":{"normal":[1089,51883,231197,131668,31174,4766,742],"hard":[152,18130,75448,40206,8705,830,33]},"unsolvedPenalty":{"normal":159.26231582781466,"hard":3.24774089278906},"average":{"normal":3.345802653560916,"hard":3.2910630291627467},"percentSolvingInThreeOrFewer":{"normal":0.4767729032864228,"hard":0.15725939049843296},"percentiles":{"normal":{"p5":0.65661,"p10":0.72841,"p20":0.78305,"p25":0.80632,"p75":0.93249,"p80":0.94941,"p90":0.98252,"p95":1},"hard":{"p5":0.7681,"p10":0.82433,"p20":0.86605,"p25":0.88368,"p75":0.9722,"p80":0.98215,"p90":1,"p95":1}}}