{"efficiency": {"normal": 0.7897969953663742, "hard": 0.8352565287476812}, "luck": {"normal": 0.5271397297978914, "hard": 0.5164602903787536}, "steps": {"normal": [1659, 5696, 71254, 162236, 97013, 25856, 4670], "hard": [59, 1777, 24198, 49180, 25799, 5418, 394]}, "unsolvedPenalty": {"normal": 356.4295644839702, "hard": 20.4128378339146}, "average": {"normal": 4.20486348365967, "hard": 4.092753689097439}, "percentSolvingInThreeOrFewer": {"normal": 0.21338874652536483, "hard": 0.24370699742569624}, "percentiles": {"normal": {"p5": 0.52159, "p10": 0.59297, "p20": 0.66506, "p25": 0.70276, "p75": 0.89446, "p80": 0.91088, "p90": 0.9486, "p95": 0.97426}, "hard": {"p5": 0.60602, "p10": 0.65535, "p20": 0.74403, "p25": 0.77419, "p75": 0.92505, "p80": 0.93646, "p90": 0.96525, "p95": 0.98863}}}