{"efficiency":{"normal":0.8635226452603343,"hard":0.91297163839273},"luck":{"normal":0.5860551960118207,"hard":0.5511577338831439},"steps":{"normal":[882,12341,176783,178298,50017,6501,531],"hard":[177,4579,58228,58984,16922,1494,28]},"unsolvedPenalty":{"normal":78.58365481512824,"hard":2.043219625454361},"average":{"normal":3.670782425115844,"hard":3.6584978491866793},"percentSolvingInThreeOrFewer":{"normal":0.33584024575400917,"hard":0.11132458653620117},"percentiles":{"normal":{"p5":0.63509,"p10":0.71843,"p20":0.79644,"p25":0.82123,"p75":0.93452,"p80":0.94364,"p90":0.96649,"p95":0.98577},"hard":{"p5":0.75,"p10":0.80898,"p20":0.864,"p25":0.88052,"p75":0.97174,"p80":0.98058,"p90":0.99753,"p95":1}}}