{"efficiency": {"normal": 0.8538492352207869, "hard": 0.9043948142881437}, "luck": {"normal": 0.5518058608867797, "hard": 0.5367137846951102}, "steps": {"normal": [1260, 9624, 136149, 167266, 34629, 5269, 1073], "hard": [91, 2181, 33964, 36795, 5915, 506, 26]}, "unsolvedPenalty": {"normal": 169.19351322231591, "hard": 3.4983927442800464}, "average": {"normal": 3.688626097090163, "hard": 3.602525206884223}, "percentSolvingInThreeOrFewer": {"normal": 0.4138626959777071, "hard": 0.45592491003799795}, "percentiles": {"normal": {"p5": 0.60704, "p10": 0.67654, "p20": 0.77518, "p25": 0.8002, "p75": 0.94253, "p80": 0.95593, "p90": 0.97953, "p95": 0.9953}, "hard": {"p5": 0.71478, "p10": 0.78819, "p20": 0.84614, "p25": 0.86718, "p75": 0.97109, "p80": 0.97672, "p90": 0.99608, "p95": 1}}}