{"efficiency":{"normal":0.8343871703223141,"hard":0.8742291199284224},"luck":{"normal":0.4536680576488079,"hard":0.46630297537358123},"steps":{"normal":[756,5780,52813,163339,128150,37844,3445],"hard":[88,2012,28401,58644,39933,8970,539]},"unsolvedPenalty":{"normal":264.4647137365779,"hard":25.067899458569894},"average":{"normal":4.367444208980117,"hard":4.1894567468306025},"percentSolvingInThreeOrFewer":{"normal":0.11182837030170108,"hard":0.057476202319849866},"percentiles":{"normal":{"p5":0.6046,"p10":0.67115,"p20":0.75124,"p25":0.77989,"p75":0.91671,"p80":0.92803,"p90":0.95492,"p95":0.97985},"hard":{"p5":0.66667,"p10":0.72789,"p20":0.80658,"p25":0.82972,"p75":0.9455,"p80":0.95645,"p90":0.99244,"p95":1}}}