{"efficiency":{"normal":0.8333040107032273,"hard":0.8927628665429957},"luck":{"normal":0.6926376056758482,"hard":0.6712405208291325},"steps":{"normal":[2289,66933,234066,127833,24094,3129,578],"hard":[407,20898,75799,45234,6073,358,12]},"unsolvedPenalty":{"normal":112.11517576634138,"hard":2.835970315536435},"average":{"normal":3.25195946196236,"hard":3.2471938809802263},"percentSolvingInThreeOrFewer":{"normal":0.4990743925135221,"hard":0.15978864884344315},"percentiles":{"normal":{"p5":0.49052,"p10":0.62109,"p20":0.74238,"p25":0.77182,"p75":0.9273,"p80":0.93712,"p90":0.98292,"p95":1},"hard":{"p5":0.6681,"p10":0.753,"p20":0.81594,"p25":0.8431,"p75":0.97073,"p80":0.97943,"p90":1,"p95":1}}}