{"efficiency":{"normal":0.8313580521519083,"hard":0.8730201160273401},"luck":{"normal":0.5067429265160946,"hard":0.5350683438739549},"steps":{"normal":[1349,11200,102175,199049,138241,46325,5451],"hard":[97,4888,43036,64752,40175,11417,1025]},"unsolvedPenalty":{"normal":844.2787266817387,"hard":102.54258598765536},"average":{"normal":4.23713507359551,"hard":4.079107216796587},"percentSolvingInThreeOrFewer":{"normal":0.22772186823875026,"hard":0.2903500816252494},"percentiles":{"normal":{"p5":0.57386,"p10":0.65192,"p20":0.75252,"p25":0.78217,"p75":0.91787,"p80":0.92905,"p90":0.95414,"p95":0.9723},"hard":{"p5":0.67569,"p10":0.75067,"p20":0.80928,"p25":0.82778,"p75":0.94115,"p80":0.9512,"p90":0.97689,"p95":0.99564}}}