{"efficiency":{"normal":0.8680712141720275,"hard":0.9260377408942146},"luck":{"normal":0.6187020733783478,"hard":0.6191662992756362},"steps":{"normal":[1756,44396,195595,144124,53958,10047,1236],"hard":[277,19913,76015,44584,13228,2004,116]},"unsolvedPenalty":{"normal":244.7535397869131,"hard":4.5636787268119},"average":{"normal":3.5275473605341445,"hard":3.364634903962546},"percentSolvingInThreeOrFewer":{"normal":0.39810062066591906,"hard":0.15842707545973575},"percentiles":{"normal":{"p5":0.67514,"p10":0.74415,"p20":0.80067,"p25":0.82282,"p75":0.9371,"p80":0.94903,"p90":0.97538,"p95":1},"hard":{"p5":0.78845,"p10":0.8372,"p20":0.87994,"p25":0.89486,"p75":0.9786,"p80":0.99138,"p90":1,"p95":1}}}