{"efficiency": {"normal": 0.8428469686047677, "hard": 0.9030267706413484}, "luck": {"normal": 0.5748357600638027, "hard": 0.5584900622666359}, "steps": {"normal": [2107, 10635, 159047, 172763, 52402, 10232, 2520], "hard": [75, 2240, 32848, 39323, 9218, 887, 44]}, "unsolvedPenalty": {"normal": 514.2342334553848, "hard": 4.510750491716778}, "average": {"normal": 3.7420155775933366, "hard": 3.687782959183455}, "percentSolvingInThreeOrFewer": {"normal": 0.41929822848579223, "hard": 0.4154664146038873}, "percentiles": {"normal": {"p5": 0.59205, "p10": 0.67075, "p20": 0.76821, "p25": 0.79687, "p75": 0.92379, "p80": 0.93436, "p90": 0.95876, "p95": 0.9776}, "hard": {"p5": 0.73449, "p10": 0.80132, "p20": 0.85513, "p25": 0.86899, "p75": 0.95892, "p80": 0.96766, "p90": 0.98385, "p95": 1}}}