{"efficiency":{"normal":0.8111743978189471,"hard":0.8677171039326926},"luck":{"normal":0.6084520460231923,"hard":0.618175497729407},"steps":{"normal":[1199,16265,200100,188219,53716,9697,1214],"hard":[91,6973,69977,64198,12732,1421,71]},"unsolvedPenalty":{"normal":82.15164657941116,"hard":3.107719435574696},"average":{"normal":3.6584080014455322,"hard":3.5594985398736703},"percentSolvingInThreeOrFewer":{"normal":0.347614003300947,"hard":0.12309688263423878},"percentiles":{"normal":{"p5":0.48817,"p10":0.58416,"p20":0.66439,"p25":0.70267,"p75":0.93446,"p80":0.94887,"p90":0.98458,"p95":0.99658},"hard":{"p5":0.61196,"p10":0.67283,"p20":0.80799,"p25":0.83916,"p75":0.94776,"p80":0.95439,"p90":0.97895,"p95":0.99471}}}