{"efficiency":{"normal":0.830831921888736,"hard":0.9149578825634471},"luck":{"normal":0.5167206724164477,"hard":0.47593457922220195},"steps":{"normal":[842,13432,105580,135767,92383,47930,6742],"hard":[147,3699,32942,46662,29277,20332,3864]},"unsolvedPenalty":{"normal":689.7555134370245,"hard":245.61143968315844},"average":{"normal":4.165785905503599,"hard":4.269373744750776},"percentSolvingInThreeOrFewer":{"normal":0.22211535432268298,"hard":0.06817924897193699},"percentiles":{"normal":{"p5":0.58004,"p10":0.66093,"p20":0.75332,"p25":0.77889,"p75":0.91579,"p80":0.92467,"p90":0.95209,"p95":0.97247},"hard":{"p5":0.78422,"p10":0.82338,"p20":0.86504,"p25":0.8807,"p75":0.96922,"p80":0.97841,"p90":0.99604,"p95":1}}}