{"efficiency":{"normal":0.8218246872458393,"hard":0.8338265736875706},"luck":{"normal":0.5655056150746622,"hard":0.5775584652836727},"steps":{"normal":[1096,28522,193057,163491,38171,5320,673],"hard":[238,13970,61093,51955,13957,1249,77]},"unsolvedPenalty":{"normal":49.93698055115866,"hard":4.322255605313226},"average":{"normal":3.5277316899739275,"hard":3.4868774598185786},"percentSolvingInThreeOrFewer":{"normal":0.3887005610269551,"hard":0.13144683510276184},"percentiles":{"normal":{"p5":0.58233,"p10":0.64033,"p20":0.72433,"p25":0.7541,"p75":0.91465,"p80":0.92598,"p90":0.95117,"p95":0.97611},"hard":{"p5":0.60068,"p10":0.64762,"p20":0.73223,"p25":0.76409,"p75":0.922,"p80":0.93567,"p90":0.96538,"p95":0.99448}}}