{"efficiency": {"normal": 0.8015218294428054, "hard": 0.8593730514408171}, "luck": {"normal": 0.5088966680257875, "hard": 0.5300720959038341}, "steps": {"normal": [1804, 6505, 67802, 179590, 103539, 23914, 4343], "hard": [48, 2068, 22649, 40534, 15552, 1858, 118]}, "unsolvedPenalty": {"normal": 596.2976509586778, "hard": 13.620321645659482}, "average": {"normal": 4.20327459993486, "hard": 3.911944418144393}, "percentSolvingInThreeOrFewer": {"normal": 0.19641700451874466, "hard": 0.29899670397334205}, "percentiles": {"normal": {"p5": 0.53048, "p10": 0.60066, "p20": 0.68415, "p25": 0.71816, "p75": 0.90747, "p80": 0.92025, "p90": 0.94607, "p95": 0.96661}, "hard": {"p5": 0.63649, "p10": 0.70434, "p20": 0.78458, "p25": 0.80678, "p75": 0.93459, "p80": 0.94395, "p90": 0.97107, "p95": 0.99534}}}