{"efficiency": {"normal": 0.822616365783572, "hard": 0.8788980435097591}, "luck": {"normal": 0.5691893619555299, "hard": 0.5428692599128144}, "steps": {"normal": [948, 12492, 99408, 133307, 65956, 14609, 1379], "hard": [86, 2958, 22058, 29452, 17488, 3757, 134]}, "unsolvedPenalty": {"normal": 149.35217020955903, "hard": 6.641829119075854}, "average": {"normal": 3.9153436986099, "hard": 3.962844110322509}, "percentSolvingInThreeOrFewer": {"normal": 0.34394496782983186, "hard": 0.3305809068520933}, "percentiles": {"normal": {"p5": 0.57353, "p10": 0.64201, "p20": 0.72732, "p25": 0.75589, "p75": 0.9146, "p80": 0.92637, "p90": 0.9555, "p95": 0.98175}, "hard": {"p5": 0.68958, "p10": 0.73744, "p20": 0.80416, "p25": 0.8278, "p75": 0.9535, "p80": 0.96508, "p90": 0.98748, "p95": 1}}}