{"efficiency": {"normal": 0.829441109024708, "hard": 0.865319802813874}, "luck": {"normal": 0.5207372593820484, "hard": 0.5314801799989319}, "steps": {"normal": [844, 5063, 69910, 152076, 79312, 17508, 2258], "hard": [56, 1789, 19731, 34998, 16015, 2351, 111]}, "unsolvedPenalty": {"normal": 307.12377629661324, "hard": 7.425106263430548}, "average": {"normal": 4.118790729992252, "hard": 3.9677609239885334}, "percentSolvingInThreeOrFewer": {"normal": 0.23187683311364005, "hard": 0.2874845105328377}, "percentiles": {"normal": {"p5": 0.59056, "p10": 0.65823, "p20": 0.74118, "p25": 0.77137, "p75": 0.91613, "p80": 0.92685, "p90": 0.95384, "p95": 0.97215}, "hard": {"p5": 0.68601, "p10": 0.74451, "p20": 0.80126, "p25": 0.81942, "p75": 0.92778, "p80": 0.93871, "p90": 0.96803, "p95": 0.9895}}}