{"efficiency":{"normal":0.8423234664373906,"hard":0.8794000839860637,"normal-ps":0.7782926907001045,"hard-ps":0.8233706274821286},"luck":{"normal":0.5025881259211983,"hard":0.48883693365037384,"normal-ps":0.4882882445141066,"hard-ps":0.4704087053216839},"steps":{"normal":[736,5876,105162,210233,90069,20856,2635],"hard":[68,1759,36118,79185,33451,6313,388],"normal-ps":[3,27,438,930,400,106,10],"hard-ps":[1,25,307,594,269,62,1]},"unsolvedPenalty":{"normal":170.80719127686507,"hard":14.259037697937133,"normal-ps":1,"hard-ps":null},"average":{"normal":4.041145706584874,"hard":4.044567926351661,"normal-ps":4.068443051201672,"hard-ps":4.027799841143765},"percentSolvingInThreeOrFewer":{"normal":0.18753764460140765,"hard":0.06366572432826931,"normal-ps":0.0007851887892489536,"hard-ps":0.0005586920231194477},"percentiles":{"normal":{"p5":0.60259,"p10":0.66745,"p20":0.7532,"p25":0.78233,"p75":0.93241,"p80":0.94542,"p90":0.97467,"p95":0.98689},"hard":{"p5":0.68578,"p10":0.74246,"p20":0.8143,"p25":0.83551,"p75":0.94826,"p80":0.95995,"p90":0.98069,"p95":0.99582},"normal-ps":{"p5":0.42592,"p10":0.50066,"p20":0.62931,"p25":0.65779,"p75":0.91497,"p80":0.9337,"p90":0.96583,"p95":0.98409},"hard-ps":{"p5":0.52282,"p10":0.61972,"p20":0.69548,"p25":0.75012,"p75":0.93645,"p80":0.9506,"p90":0.9761,"p95":0.98595}}}