{"efficiency":{"normal":0.843789556964634,"hard":0.8827109498413258,"normal-ps":0.7740916232227488,"hard-ps":0.8026532336448599},"luck":{"normal":0.5731938855566089,"hard":0.5290088423710457,"normal-ps":0.5789413388625593,"hard-ps":0.553788492211838},"steps":{"normal":[1522,30924,174688,172168,64683,15087,1898],"hard":[219,9307,50523,70360,24649,3547,203],"normal-ps":[12,178,971,905,381,75,10],"hard-ps":[5,108,572,666,218,35]},"unsolvedPenalty":{"normal":146.60998370191174,"hard":9.371299883902552,"normal-ps":null,"hard-ps":null},"average":{"normal":3.6909685690671377,"hard":3.762914315937941,"normal-ps":3.679304897314376,"hard-ps":3.6778816199376947},"percentSolvingInThreeOrFewer":{"normal":0.3319913067449658,"hard":0.09625087349262419,"normal-ps":0.0018607797003519614,"hard-ps":0.0010994787893552503},"percentiles":{"normal":{"p5":0.56614,"p10":0.62761,"p20":0.74316,"p25":0.77861,"p75":0.94405,"p80":0.95802,"p90":0.98953,"p95":1},"hard":{"p5":0.67231,"p10":0.74324,"p20":0.81927,"p25":0.84191,"p75":0.95077,"p80":0.96265,"p90":0.99579,"p95":1},"normal-ps":{"p5":0.45311,"p10":0.50007,"p20":0.60565,"p25":0.63497,"p75":0.92098,"p80":0.93812,"p90":0.9823,"p95":1},"hard-ps":{"p5":0.50038,"p10":0.5871,"p20":0.64541,"p25":0.69691,"p75":0.91984,"p80":0.93339,"p90":0.97538,"p95":1}}}