{"efficiency":{"normal":0.8350191071697516,"hard":0.8689212005185256},"luck":{"normal":0.4739402977462265,"hard":0.4963990307673153},"steps":{"normal":[633,3781,73761,181795,105787,23422,2557],"hard":[83,1376,27941,71087,31893,3982,172]},"unsolvedPenalty":{"normal":166.91278271066963,"hard":9.757761408189934},"average":{"normal":4.190213992336813,"hard":4.067752543192155},"percentSolvingInThreeOrFewer":{"normal":0.1479869691055741,"hard":0.05566145418270132},"percentiles":{"normal":{"p5":0.58927,"p10":0.64774,"p20":0.73068,"p25":0.76592,"p75":0.92992,"p80":0.94363,"p90":0.9709,"p95":0.99754},"hard":{"p5":0.66096,"p10":0.72431,"p20":0.80015,"p25":0.823,"p75":0.9422,"p80":0.95245,"p90":0.97321,"p95":0.99192}}}