{"efficiency":{"normal":0.8022052219150718,"hard":0.8645750008674504},"luck":{"normal":0.5465334506079459,"hard":0.5068221275419905},"steps":{"normal":[1369,6301,112010,207459,112082,30842,5873],"hard":[143,2194,34747,73232,37665,7048,603]},"unsolvedPenalty":{"normal":309.72419019229585,"hard":17.647478492261236},"average":{"normal":4.132319732464433,"hard":4.090107737987639},"percentSolvingInThreeOrFewer":{"normal":0.2514623814966718,"hard":0.23828004523491314},"percentiles":{"normal":{"p5":0.53594,"p10":0.60355,"p20":0.68541,"p25":0.72201,"p75":0.90644,"p80":0.91952,"p90":0.94667,"p95":0.96736},"hard":{"p5":0.64684,"p10":0.7161,"p20":0.79416,"p25":0.81668,"p75":0.939,"p80":0.95087,"p90":0.98279,"p95":0.99529}}}