{"efficiency":{"normal":0.8623601627225654,"hard":0.9193194530235737},"luck":{"normal":0.5343156465070857,"hard":0.5442831540143491},"steps":{"normal":[1081,9039,130671,207085,77152,13712,1576],"hard":[84,3174,40914,73920,25002,3104,149]},"unsolvedPenalty":{"normal":208.75905271001213,"hard":12.423497227059256},"average":{"normal":3.8994617550872093,"hard":3.8906047147249745},"percentSolvingInThreeOrFewer":{"normal":0.23998840915676614,"hard":0.07529786762575212},"percentiles":{"normal":{"p5":0.64896,"p10":0.72704,"p20":0.79472,"p25":0.81109,"p75":0.93541,"p80":0.94486,"p90":0.97298,"p95":1},"hard":{"p5":0.77066,"p10":0.80487,"p20":0.86968,"p25":0.88559,"p75":0.97382,"p80":0.9806,"p90":1,"p95":1}}}