{"efficiency":{"normal":0.8578355053349912,"hard":0.8914685481676987},"luck":{"normal":0.6241769235299047,"hard":0.6429311270598586},"steps":{"normal":[928,38014,215491,145229,34916,5847,1090],"hard":[155,22963,71768,40640,9797,1925,517]},"unsolvedPenalty":{"normal":201.24307832203257,"hard":98.7551807276604},"average":{"normal":3.4439197407133104,"hard":3.299712381145738},"percentSolvingInThreeOrFewer":{"normal":0.4317731348551802,"hard":0.16101913508596874},"percentiles":{"normal":{"p5":0.59739,"p10":0.66305,"p20":0.77415,"p25":0.80007,"p75":0.95353,"p80":0.96518,"p90":0.99458,"p95":1},"hard":{"p5":0.66647,"p10":0.75687,"p20":0.82915,"p25":0.85278,"p75":0.96541,"p80":0.97526,"p90":1,"p95":1}}}