{"efficiency":{"normal":0.7826209220011849,"hard":0.8276849231249134},"luck":{"normal":0.5669261822700414,"hard":0.5624381595729933},"steps":{"normal":[1019,13366,80402,187138,117389,31162,3275],"hard":[74,3188,28121,63743,38703,9776,652]},"unsolvedPenalty":{"normal":245.29519925919,"hard":14.511183899566225},"average":{"normal":4.1753630438741896,"hard":4.172189103008457},"percentSolvingInThreeOrFewer":{"normal":0.16399347430811576,"hard":0.05429541731038384},"percentiles":{"normal":{"p5":0.49852,"p10":0.55193,"p20":0.64068,"p25":0.67435,"p75":0.90758,"p80":0.92449,"p90":0.96424,"p95":0.98594},"hard":{"p5":0.56892,"p10":0.62749,"p20":0.70399,"p25":0.73893,"p75":0.93531,"p80":0.94783,"p90":0.98004,"p95":0.99602}}}