{"efficiency": {"normal": 0.8419913764921261, "hard": 0.9011029667562362}, "luck": {"normal": 0.5634673531427881, "hard": 0.5197834506606152}, "steps": {"normal": [1560, 32324, 109150, 155995, 61781, 12293, 2655], "hard": [189, 6814, 27713, 49463, 19202, 2858, 183]}, "unsolvedPenalty": {"normal": 389.72963813233855, "hard": 9.155760302569256}, "average": {"normal": 3.7771004998912394, "hard": 3.8455972990575495}, "percentSolvingInThreeOrFewer": {"normal": 0.380654570228711, "hard": 0.3262107458984045}, "percentiles": {"normal": {"p5": 0.56658, "p10": 0.66508, "p20": 0.75621, "p25": 0.78272, "p75": 0.93501, "p80": 0.95134, "p90": 1, "p95": 1}, "hard": {"p5": 0.73192, "p10": 0.78771, "p20": 0.84167, "p25": 0.86047, "p75": 0.9657, "p80": 0.97501, "p90": 0.99631, "p95": 1}}}