{"efficiency":{"normal":0.8020526601854038,"hard":0.904430124894057},"luck":{"normal":0.6454254589469575,"hard":0.6398183963792928},"steps":{"normal":[1851,62791,145336,111175,72571,38730,8088],"hard":[288,26169,53292,33987,22822,9653,1273]},"unsolvedPenalty":{"normal":1122.627449069919,"hard":89.163412116144},"average":{"normal":3.7496958361328514,"hard":3.580845509712852},"percentSolvingInThreeOrFewer":{"normal":0.35709317610966657,"hard":0.13561901717068825},"percentiles":{"normal":{"p5":0.52029,"p10":0.61066,"p20":0.69306,"p25":0.72055,"p75":0.90413,"p80":0.919,"p90":0.95222,"p95":0.98193},"hard":{"p5":0.72576,"p10":0.7839,"p20":0.85057,"p25":0.85835,"p75":0.97039,"p80":0.97611,"p90":0.98801,"p95":0.99822}}}