{"efficiency":{"normal":0.8037558960089499,"hard":0.8470671600045536},"luck":{"normal":0.5407913359870954,"hard":0.5301830476854553},"steps":{"normal":[658,11207,106810,159662,82126,21838,2055],"hard":[77,4519,42048,59699,27618,6190,391]},"unsolvedPenalty":{"normal":348.11749547104205,"hard":28.62080125631529},"average":{"normal":3.9966489749193466,"hard":3.9249854140281473},"percentSolvingInThreeOrFewer":{"normal":0.22609381489257124,"hard":0.08886734005707689},"percentiles":{"normal":{"p5":0.56072,"p10":0.63762,"p20":0.71804,"p25":0.74365,"p75":0.89025,"p80":0.90226,"p90":0.9327,"p95":0.95801},"hard":{"p5":0.64131,"p10":0.71004,"p20":0.77417,"p25":0.79357,"p75":0.92123,"p80":0.93204,"p90":0.95882,"p95":0.98256}}}