{"efficiency":{"normal":0.7572040667689128,"hard":0.8196861329443745},"luck":{"normal":0.6440679512728128,"hard":0.6392984820097702},"steps":{"normal":[1205,36952,154171,137385,78008,36233,11283],"hard":[111,15026,62281,42630,20826,12715,5461]},"unsolvedPenalty":{"normal":703.0658230468725,"hard":214.7715533204724},"average":{"normal":3.897495295468178,"hard":3.812560651074005},"percentSolvingInThreeOrFewer":{"normal":0.42247884069177155,"hard":0.48675259352404904},"percentiles":{"normal":{"p5":0.41906,"p10":0.49706,"p20":0.57676,"p25":0.61018,"p75":0.92096,"p80":0.94878,"p90":0.99928,"p95":1},"hard":{"p5":0.50236,"p10":0.59247,"p20":0.68213,"p25":0.72077,"p75":0.94601,"p80":0.96653,"p90":1,"p95":1}}}