{"efficiency":{"normal":0.8024510395934988,"hard":0.8556664801675168},"luck":{"normal":0.5080719097244483,"hard":0.49687920097057847},"steps":{"normal":[1116,2959,62765,206826,117975,26757,2750],"hard":[99,907,26278,76060,33824,3980,207]},"unsolvedPenalty":{"normal":203.73512378915186,"hard":19.761389215686624},"average":{"normal":4.249207536417709,"hard":4.097630854774015},"percentSolvingInThreeOrFewer":{"normal":0.11882904247716501,"hard":0.04851079262027256},"percentiles":{"normal":{"p5":0.54739,"p10":0.60481,"p20":0.68224,"p25":0.71637,"p75":0.90807,"p80":0.91955,"p90":0.94512,"p95":0.96519},"hard":{"p5":0.62978,"p10":0.68607,"p20":0.77677,"p25":0.80607,"p75":0.93169,"p80":0.9409,"p90":0.96525,"p95":0.99053}}}