{"efficiency":{"normal":0.7833417166294248,"hard":0.8395210791628264},"luck":{"normal":0.628630079279003,"hard":0.6168952634836488},"steps":{"normal":[1031,24118,144230,177128,76907,17867,2211],"hard":[87,9697,55502,60338,19903,2941,174]},"unsolvedPenalty":{"normal":236.5497565210292,"hard":11.874665270019522},"average":{"normal":3.8229976752943085,"hard":3.670182921496471},"percentSolvingInThreeOrFewer":{"normal":0.2860505961428041,"hard":0.11025602053568413},"percentiles":{"normal":{"p5":0.49639,"p10":0.5601,"p20":0.64686,"p25":0.68077,"p75":0.9016,"p80":0.91981,"p90":0.97029,"p95":0.99632},"hard":{"p5":0.58095,"p10":0.62772,"p20":0.72299,"p25":0.76543,"p75":0.94073,"p80":0.95238,"p90":0.99354,"p95":1}}}