{"efficiency":{"normal":0.8650822971074769,"hard":0.8798014187334956,"normal-ps":0.7279085457943926,"hard-ps":0.7579952827988338},"luck":{"normal":0.47520773462938903,"hard":0.4967053522238906,"normal-ps":0.5225406691588785,"hard-ps":0.5562257201166181},"steps":{"normal":[598,6066,76782,189287,132392,29817,1454],"hard":[67,2915,33393,62976,43825,11092,236],"normal-ps":[7,35,573,1134,725,187,14],"hard-ps":[1,47,526,661,398,77,5]},"unsolvedPenalty":{"normal":137.2999956317524,"hard":6.157979430957324,"normal-ps":1.5,"hard-ps":0.5},"average":{"normal":4.238814759819523,"hard":4.175121679697613,"normal-ps":4.173084112149533,"hard-ps":3.9644314868804664},"percentSolvingInThreeOrFewer":{"normal":0.14018259854357923,"hard":0.0611041584424529,"normal-ps":0.0010331012355218841,"hard-ps":0.0009642278198204252},"percentiles":{"normal":{"p5":0.63122,"p10":0.71012,"p20":0.79972,"p25":0.82477,"p75":0.9393,"p80":0.94827,"p90":0.969,"p95":0.98641},"hard":{"p5":0.6569,"p10":0.7234,"p20":0.81281,"p25":0.83941,"p75":0.95517,"p80":0.96371,"p90":0.98528,"p95":1},"normal-ps":{"p5":0.42505,"p10":0.4872,"p20":0.56764,"p25":0.60154,"p75":0.87411,"p80":0.89389,"p90":0.9374,"p95":0.979},"hard-ps":{"p5":0.44482,"p10":0.48919,"p20":0.59412,"p25":0.62165,"p75":0.9027,"p80":0.92207,"p90":0.95752,"p95":0.99055}}}