{"efficiency":{"normal":0.8295284555407608,"hard":0.9117927686576833},"luck":{"normal":0.6373040940072205,"hard":0.645117256348795},"steps":{"normal":[1318,38833,156158,147467,73373,22077,3122],"hard":[185,19906,50851,47946,27253,7393,825]},"unsolvedPenalty":{"normal":903.6407852778672,"hard":223.73490585667668},"average":{"normal":3.742266852643501,"hard":3.6920834413060377},"percentSolvingInThreeOrFewer":{"normal":0.3289878315896023,"hard":0.11889044743752818},"percentiles":{"normal":{"p5":0.53524,"p10":0.61501,"p20":0.73342,"p25":0.76517,"p75":0.92829,"p80":0.94134,"p90":0.99635,"p95":1},"hard":{"p5":0.7198,"p10":0.79446,"p20":0.85416,"p25":0.87439,"p75":0.98078,"p80":0.98911,"p90":1,"p95":1}}}