{"efficiency":{"normal":0.8364027883462489,"hard":0.8651036643220593},"luck":{"normal":0.6011837507281328,"hard":0.5992198608201137},"steps":{"normal":[2323,28264,133845,139612,91084,39187,6876],"hard":[415,9905,38756,54724,31602,10527,1075]},"unsolvedPenalty":{"normal":301.9865870612987,"hard":11.966719633291419},"average":{"normal":3.9679621574942714,"hard":3.9659533073929962},"percentSolvingInThreeOrFewer":{"normal":0.2795540980039136,"hard":0.08343406420594321},"percentiles":{"normal":{"p5":0.57244,"p10":0.64122,"p20":0.72918,"p25":0.76175,"p75":0.93903,"p80":0.95579,"p90":0.97918,"p95":1},"hard":{"p5":0.63604,"p10":0.70707,"p20":0.77865,"p25":0.80233,"p75":0.95197,"p80":0.96855,"p90":0.9944,"p95":1}}}