{"efficiency":{"normal":0.8686844158534883,"hard":0.8986785794170292},"luck":{"normal":0.6237732086781961,"hard":0.5784934117247417},"steps":{"normal":[957,70197,197568,141433,46872,8013,720],"hard":[182,18224,62754,53564,16151,2105,98]},"unsolvedPenalty":{"normal":123.94295064272733,"hard":13.56875539604086},"average":{"normal":3.4063422541410366,"hard":3.482675498765335},"percentSolvingInThreeOrFewer":{"normal":0.43424099488884904,"hard":0.13114796483114458},"percentiles":{"normal":{"p5":0.64727,"p10":0.72103,"p20":0.79409,"p25":0.81849,"p75":0.94994,"p80":0.96384,"p90":1,"p95":1},"hard":{"p5":0.75313,"p10":0.79751,"p20":0.84673,"p25":0.86006,"p75":0.95208,"p80":0.96395,"p90":0.99742,"p95":1}}}