{"efficiency": {"normal": 0.8272385498384275, "hard": 0.8751161775895692}, "luck": {"normal": 0.5151904993668419, "hard": 0.5090962771811843}, "steps": {"normal": [2596, 9080, 85300, 183217, 105066, 25072, 6648], "hard": [87, 1788, 19534, 41225, 20063, 3040, 205]}, "unsolvedPenalty": {"normal": 1043.0543314410304, "hard": 22.968658982351062}, "average": {"normal": 4.155760971970869, "hard": 4.039677557643322}, "percentSolvingInThreeOrFewer": {"normal": 0.23256806697699406, "hard": 0.2491098647925345}, "percentiles": {"normal": {"p5": 0.57421, "p10": 0.65401, "p20": 0.74438, "p25": 0.77444, "p75": 0.91567, "p80": 0.9281, "p90": 0.95499, "p95": 0.97262}, "hard": {"p5": 0.69847, "p10": 0.75883, "p20": 0.81737, "p25": 0.83506, "p75": 0.93669, "p80": 0.94635, "p90": 0.96912, "p95": 0.9858}}}