{"efficiency":{"normal":0.8278764924371335,"hard":0.8885626157174344},"luck":{"normal":0.5175178691344323,"hard":0.4753327474897276},"steps":{"normal":[1299,11947,80892,166708,129425,39516,4496],"hard":[100,3677,23356,47592,53177,18266,827]},"unsolvedPenalty":{"normal":347.3682680335057,"hard":13.870813517307775},"average":{"normal":4.250441522198147,"hard":4.410575797980897},"percentSolvingInThreeOrFewer":{"normal":0.16195042397155288,"hard":0.04667729821138883},"percentiles":{"normal":{"p5":0.57025,"p10":0.65607,"p20":0.7436,"p25":0.77156,"p75":0.91662,"p80":0.92963,"p90":0.95561,"p95":0.98459},"hard":{"p5":0.70203,"p10":0.76804,"p20":0.82799,"p25":0.8466,"p75":0.95333,"p80":0.96244,"p90":0.98499,"p95":0.99974}}}