{"efficiency":{"normal":0.8451036363950722,"hard":0.88248220066313},"luck":{"normal":0.5558904624421371,"hard":0.5774958724137931},"steps":{"normal":[1226,40836,124276,163948,82637,19128,1729],"hard":[105,18707,50186,52528,24114,4900,257]},"unsolvedPenalty":{"normal":205.27080483208957,"hard":9.747740892789059},"average":{"normal":3.8034113752466663,"hard":3.645285145888594},"percentSolvingInThreeOrFewer":{"normal":0.2845442229003873,"hard":0.11803265227922762},"percentiles":{"normal":{"p5":0.58481,"p10":0.66598,"p20":0.74799,"p25":0.77915,"p75":0.94087,"p80":0.95898,"p90":0.98883,"p95":1},"hard":{"p5":0.69277,"p10":0.73932,"p20":0.80373,"p25":0.82766,"p75":0.96706,"p80":0.97865,"p90":1,"p95":1}}}