{"efficiency":{"normal":0.8010970590025557,"hard":0.8612447482733954},"luck":{"normal":0.6814221051581383,"hard":0.7237829256373086},"steps":{"normal":[1451,67863,191457,173747,51329,8935,1352],"hard":[134,27025,76610,43417,9521,1190,67]},"unsolvedPenalty":{"normal":70.33739384418331,"hard":0},"average":{"normal":3.476652127994066,"hard":3.246459748431654},"percentSolvingInThreeOrFewer":{"normal":0.3986794411397349,"hard":0.15864593031521884},"percentiles":{"normal":{"p5":0.47976,"p10":0.51233,"p20":0.64025,"p25":0.66087,"p75":0.95439,"p80":0.97613,"p90":1,"p95":1},"hard":{"p5":0.54424,"p10":0.62931,"p20":0.73967,"p25":0.78592,"p75":0.97913,"p80":0.99332,"p90":1,"p95":1}}}