{"efficiency":{"normal":0.8135727191865486,"hard":0.8515258535943913},"luck":{"normal":0.5884850888664896,"hard":0.580635576410661},"steps":{"normal":[731,16215,149028,169971,74954,16498,2166],"hard":[110,6419,47078,64298,23682,2725,173]},"unsolvedPenalty":{"normal":99.56992609703659,"hard":15.82110759968272},"average":{"normal":3.833831885785319,"hard":3.787028770356221},"percentSolvingInThreeOrFewer":{"normal":0.28913574397368946,"hard":0.0933847327659189},"percentiles":{"normal":{"p5":0.50535,"p10":0.59151,"p20":0.67571,"p25":0.72266,"p75":0.92077,"p80":0.93629,"p90":0.96596,"p95":0.99924},"hard":{"p5":0.60499,"p10":0.66945,"p20":0.76722,"p25":0.80097,"p75":0.93572,"p80":0.95012,"p90":0.98905,"p95":0.99856}}}