{"efficiency":{"normal":0.8642307113700145,"hard":0.9047984954831911},"luck":{"normal":0.6830542813542346,"hard":0.7173047934331214},"steps":{"normal":[1472,60259,244330,98894,16455,1745,169],"hard":[448,34386,78275,26293,4448,375,13]},"unsolvedPenalty":{"normal":38.31732362754812,"hard":0.5},"average":{"normal":3.1756172577033195,"hard":3.007418243332247},"percentSolvingInThreeOrFewer":{"normal":0.5392546730495117,"hard":0.19929065143429012},"percentiles":{"normal":{"p5":0.67949,"p10":0.73888,"p20":0.78742,"p25":0.8071,"p75":0.9361,"p80":0.9504,"p90":0.99462,"p95":1},"hard":{"p5":0.75223,"p10":0.80977,"p20":0.85677,"p25":0.8697,"p75":0.9736,"p80":0.99144,"p90":1,"p95":1}}}