{"efficiency":{"normal":0.8457425819441089,"hard":0.8813247663080152},"luck":{"normal":0.5063626176562375,"hard":0.5340988438864872},"steps":{"normal":[561,5887,91384,198112,86758,13521,1117],"hard":[68,2817,36417,69886,23385,2202,82]},"unsolvedPenalty":{"normal":135.74126938408543,"hard":6.738299613563058},"average":{"normal":4.028164512362085,"hard":3.893946921553942},"percentSolvingInThreeOrFewer":{"normal":0.18382904203487027,"hard":0.0738480386169887},"percentiles":{"normal":{"p5":0.64373,"p10":0.70966,"p20":0.77822,"p25":0.79955,"p75":0.9171,"p80":0.92818,"p90":0.95272,"p95":0.97143},"hard":{"p5":0.72206,"p10":0.77661,"p20":0.8249,"p25":0.84192,"p75":0.93808,"p80":0.94803,"p90":0.97087,"p95":0.98812}}}