{"efficiency":{"normal":0.8547632370435838,"hard":0.8923678156398752},"luck":{"normal":0.5584687353984091,"hard":0.5596053634522592},"steps":{"normal":[1117,15073,134161,224083,84078,9982,1054],"hard":[99,6989,47227,68911,27338,2900,105]},"unsolvedPenalty":{"normal":183.27534219116146,"hard":3.246135986295767},"average":{"normal":3.8689972420696193,"hard":3.8166687287147796},"percentSolvingInThreeOrFewer":{"normal":0.24129065803917038,"hard":0.08716563637414063},"percentiles":{"normal":{"p5":0.65645,"p10":0.72536,"p20":0.79102,"p25":0.81349,"p75":0.92377,"p80":0.93369,"p90":0.95512,"p95":0.97952},"hard":{"p5":0.72841,"p10":0.78201,"p20":0.83921,"p25":0.85752,"p75":0.95154,"p80":0.96072,"p90":0.98117,"p95":0.99684}}}