{"efficiency":{"normal":0.8421120042192213,"hard":0.8858729601403829},"luck":{"normal":0.603126145159925,"hard":0.5947484000405437},"steps":{"normal":[942,14670,202682,177489,45122,7086,902],"hard":[87,7057,75036,62075,12615,953,29]},"unsolvedPenalty":{"normal":79.46876887632308,"hard":3.352883816971652},"average":{"normal":3.6129187476887843,"hard":3.5259226880535177},"percentSolvingInThreeOrFewer":{"normal":0.35978290965666365,"hard":0.13544578345023997},"percentiles":{"normal":{"p5":0.5841,"p10":0.6313,"p20":0.74458,"p25":0.78081,"p75":0.93915,"p80":0.94977,"p90":0.9679,"p95":0.98502},"hard":{"p5":0.65641,"p10":0.73903,"p20":0.82527,"p25":0.84957,"p75":0.95571,"p80":0.96356,"p90":0.98033,"p95":0.99963}}}