{"efficiency":{"normal":0.8250420742683816,"hard":0.8884032822636301},"luck":{"normal":0.6008441565319167,"hard":0.5740760678957574},"steps":{"normal":[1805,29649,170933,180330,80711,19482,2375],"hard":[233,10070,47065,59527,28620,6187,441]},"unsolvedPenalty":{"normal":373.0322439884113,"hard":14.123067993147883},"average":{"normal":3.7708028535279645,"hard":3.828906635117815},"percentSolvingInThreeOrFewer":{"normal":0.31750959699673226,"hard":0.09000076870100511},"percentiles":{"normal":{"p5":0.56234,"p10":0.63788,"p20":0.72717,"p25":0.75871,"p75":0.92177,"p80":0.93638,"p90":0.9706,"p95":1},"hard":{"p5":0.67189,"p10":0.7407,"p20":0.81683,"p25":0.84039,"p75":0.96994,"p80":0.98024,"p90":0.99498,"p95":1}}}