{"efficiency":{"normal":0.7565977041520703,"hard":0.7991853849909052},"luck":{"normal":0.5458118306782289,"hard":0.515443361999786},"steps":{"normal":[835,10574,116703,174157,99281,30545,3227],"hard":[110,3204,34966,60104,38299,11900,953]},"unsolvedPenalty":{"normal":332.2419131321426,"hard":29.605477234710943},"average":{"normal":4.060795957043588,"hard":4.149134656537556},"percentSolvingInThreeOrFewer":{"normal":0.21905033845648794,"hard":0.06545144914774621},"percentiles":{"normal":{"p5":0.5,"p10":0.55855,"p20":0.62481,"p25":0.65736,"p75":0.86864,"p80":0.88511,"p90":0.92481,"p95":0.954},"hard":{"p5":0.53009,"p10":0.6129,"p20":0.68244,"p25":0.71844,"p75":0.90824,"p80":0.92296,"p90":0.94902,"p95":0.96764}}}