{"efficiency":{"normal":0.8361486294383581,"hard":0.8728697130331653},"luck":{"normal":0.4982359887657319,"hard":0.46839157376424245},"steps":{"normal":[977,7198,100486,140251,111831,48920,9942],"hard":[62,2920,23251,43480,43590,23545,4802]},"unsolvedPenalty":{"normal":1007.7524335618622,"hard":249.51716004077073},"average":{"normal":4.266295527502985,"hard":4.5012495234868055},"percentSolvingInThreeOrFewer":{"normal":0.19360442430732117,"hard":0.04674457429048414},"percentiles":{"normal":{"p5":0.56387,"p10":0.64911,"p20":0.74927,"p25":0.77884,"p75":0.92529,"p80":0.9378,"p90":0.97082,"p95":0.99062},"hard":{"p5":0.6667,"p10":0.72861,"p20":0.80361,"p25":0.83058,"p75":0.94245,"p80":0.95412,"p90":0.97474,"p95":0.99454}}}