{"efficiency":{"normal":0.7331241026573645,"hard":0.9040575593747362},"luck":{"normal":0.5484944684050442,"hard":0.5488544001322565},"steps":{"normal":[1293,15660,68237,92338,93943,94612,43563],"hard":[143,7660,22363,27104,30547,35709,18622]},"unsolvedPenalty":{"normal":10766.438333647151,"hard":4137.876029064752},"average":{"normal":4.651398497268427,"hard":4.7112094436784195},"percentSolvingInThreeOrFewer":{"normal":0.15439233638152816,"hard":0.05466815995592622},"percentiles":{"normal":{"p5":0.47461,"p10":0.5306,"p20":0.57739,"p25":0.59045,"p75":0.87349,"p80":0.8931,"p90":0.93097,"p95":0.96363},"hard":{"p5":0.74026,"p10":0.79686,"p20":0.84124,"p25":0.8553,"p75":0.9678,"p80":0.97246,"p90":0.98614,"p95":0.99838}}}