{"efficiency":{"normal":0.6902883595534616,"hard":0.7541100237380437},"luck":{"normal":0.5255884656145668,"hard":0.5657550804843802},"steps":{"normal":[668,3968,45040,110710,109291,70321,24223],"hard":[62,1700,26552,44323,33057,17341,5870]},"unsolvedPenalty":{"normal":5414.638754188975,"hard":1363.6872475231048},"average":{"normal":4.668267329994729,"hard":4.382756560931524},"percentSolvingInThreeOrFewer":{"normal":0.10073793778935008,"hard":0.057418819745665955},"percentiles":{"normal":{"p5":0.36375,"p10":0.43426,"p20":0.51493,"p25":0.55269,"p75":0.85507,"p80":0.88046,"p90":0.92726,"p95":0.95177},"hard":{"p5":0.43908,"p10":0.5,"p20":0.58079,"p25":0.61616,"p75":0.91044,"p80":0.92594,"p90":0.95688,"p95":0.98085}}}