{"efficiency":{"normal":0.8565744967488975,"hard":0.8996080894030445},"luck":{"normal":0.6234948631092362,"hard":0.6260325885254566},"steps":{"normal":[998,26373,250446,156707,29704,5048,1021],"hard":[111,12506,86035,46976,6813,755,64]},"unsolvedPenalty":{"normal":122.46074898742609,"hard":6.88590770724255},"average":{"normal":3.437907982530374,"hard":3.3283875219396974},"percentSolvingInThreeOrFewer":{"normal":0.4455395846129421,"hard":0.15820855310529972},"percentiles":{"normal":{"p5":0.60144,"p10":0.66667,"p20":0.77109,"p25":0.80026,"p75":0.947,"p80":0.95959,"p90":0.97657,"p95":0.99989},"hard":{"p5":0.68416,"p10":0.76403,"p20":0.84169,"p25":0.86269,"p75":0.96553,"p80":0.97323,"p90":0.99648,"p95":1}}}