{"efficiency":{"normal":0.8423127556577131,"hard":0.8892926370800044,"normal-ps":0.7792507827542905,"hard-ps":0.8321694001363327},"luck":{"normal":0.7042045007577389,"hard":0.6764841553269368,"normal-ps":0.6973117203850984,"hard-ps":0.6977637695978187},"steps":{"normal":[828,34041,250576,146893,34229,6383,823],"hard":[115,13272,88971,50187,10702,1124,93],"normal-ps":[2,174,1215,765,191,37,5],"hard-ps":[3,143,823,406,80,11,1]},"unsolvedPenalty":{"normal":41.98769205600502,"hard":3.565001078502231,"normal-ps":null,"hard-ps":null},"average":{"normal":3.4248276619007214,"hard":3.3753906582515536,"normal-ps":3.4583507743825868,"hard-ps":3.3087934560327197},"percentSolvingInThreeOrFewer":{"normal":0.4445522504282822,"hard":0.15941442142968384,"normal-ps":0.0021663292322068213,"hard-ps":0.001509110730415823},"percentiles":{"normal":{"p5":0.53747,"p10":0.61837,"p20":0.73243,"p25":0.76813,"p75":0.94778,"p80":0.97022,"p90":1,"p95":1},"hard":{"p5":0.63943,"p10":0.7205,"p20":0.82015,"p25":0.83838,"p75":0.98007,"p80":0.99486,"p90":1,"p95":1},"normal-ps":{"p5":0.5,"p10":0.53787,"p20":0.61598,"p25":0.66324,"p75":0.90725,"p80":0.91784,"p90":0.99486,"p95":1},"hard-ps":{"p5":0.52221,"p10":0.60911,"p20":0.73255,"p25":0.75156,"p75":0.92703,"p80":0.95078,"p90":1,"p95":1}}}