{"efficiency": {"normal": 0.8752768441392514, "hard": 0.9150438107565867}, "luck": {"normal": 0.7467438023177672, "hard": 0.7643437362354863}, "steps": {"normal": [1580, 138266, 145157, 92980, 22457, 4436, 1116], "hard": [250, 44158, 39237, 19632, 4126, 625, 128]}, "unsolvedPenalty": {"normal": 259.7788344856076, "hard": 58.61458318762288}, "average": {"normal": 3.0357144447045403, "hard": 2.86752112303698}, "percentSolvingInThreeOrFewer": {"normal": 0.7019916648603913, "hard": 0.7733736454750546}, "percentiles": {"normal": {"p5": 0.59095, "p10": 0.68195, "p20": 0.77813, "p25": 0.81059, "p75": 1, "p80": 1, "p90": 1, "p95": 1}, "hard": {"p5": 0.71048, "p10": 0.76728, "p20": 0.83647, "p25": 0.86204, "p75": 1, "p80": 1, "p90": 1, "p95": 1}}}