{"efficiency":{"normal":0.8425083537938562,"hard":0.8960273619573439,"normal-ps":0.7893378539493293,"hard-ps":0.8266131515877772},"luck":{"normal":0.6972047378797582,"hard":0.6593800284095985,"normal-ps":0.6856436177347243,"hard-ps":0.6783141641701618},"steps":{"normal":[2268,71246,241196,138260,37613,5333,647],"hard":[574,26058,74610,50186,15015,1418,39],"normal-ps":[11,356,1304,765,213,32,3],"hard-ps":[8,306,764,442,140,9]},"unsolvedPenalty":{"normal":119.08528931444988,"hard":2.4419330853543477,"normal-ps":null,"hard-ps":null},"average":{"normal":3.3134447384637693,"hard":3.3417430509645567,"normal-ps":3.342026825633383,"hard-ps":3.25584182144997},"percentSolvingInThreeOrFewer":{"normal":0.4705466343709817,"hard":0.15137555695104812,"normal-ps":0.002498430070871086,"hard-ps":0.0016117939056846387},"percentiles":{"normal":{"p5":0.58948,"p10":0.66444,"p20":0.74587,"p25":0.77447,"p75":0.9365,"p80":0.95351,"p90":0.99851,"p95":1},"hard":{"p5":0.68863,"p10":0.763,"p20":0.82686,"p25":0.8488,"p75":0.97424,"p80":0.98436,"p90":1,"p95":1},"normal-ps":{"p5":0.50088,"p10":0.55085,"p20":0.63522,"p25":0.67939,"p75":0.91467,"p80":0.9275,"p90":0.99809,"p95":1},"hard-ps":{"p5":0.53937,"p10":0.61651,"p20":0.71038,"p25":0.73471,"p75":0.94416,"p80":0.9705,"p90":1,"p95":1}}}