{"efficiency":{"normal":0.8303295423111728,"hard":0.9018025127497835},"luck":{"normal":0.5608107651998232,"hard":0.5321455681431825},"steps":{"normal":[1955,15107,154549,172002,90208,35049,6273],"hard":[238,1995,44495,65983,29857,11732,1577]},"unsolvedPenalty":{"normal":360.1160545375698,"hard":27.664020881769652},"average":{"normal":3.962537618115622,"hard":4.046611283959329},"percentSolvingInThreeOrFewer":{"normal":0.2719747090190237,"hard":0.07405852104808615},"percentiles":{"normal":{"p5":0.5,"p10":0.59054,"p20":0.69103,"p25":0.75,"p75":0.94569,"p80":0.96322,"p90":1,"p95":1},"hard":{"p5":0.66752,"p10":0.77189,"p20":0.85669,"p25":0.87745,"p75":0.96472,"p80":0.97325,"p90":0.98692,"p95":1}}}