{"efficiency":{"normal":0.8140958463926574,"hard":0.8587929870365884},"luck":{"normal":0.5210034906876623,"hard":0.5231926931531032},"steps":{"normal":[3129,6530,88325,175121,88115,20555,2172],"hard":[364,2112,31873,55314,22394,3269,226]},"unsolvedPenalty":{"normal":124.50021687354,"hard":2.6230679931478833},"average":{"normal":4.05936924571497,"hard":3.9324050676728164},"percentSolvingInThreeOrFewer":{"normal":0.1961646336702642,"hard":0.06877353561197096},"percentiles":{"normal":{"p5":0.53986,"p10":0.6023,"p20":0.67685,"p25":0.71812,"p75":0.92722,"p80":0.94154,"p90":0.9729,"p95":0.99243},"hard":{"p5":0.61562,"p10":0.66667,"p20":0.76808,"p25":0.80443,"p75":0.94374,"p80":0.95284,"p90":0.97535,"p95":0.99229}}}