{"efficiency": {"normal": 0.8331990034656199, "hard": 0.8753622625437069}, "luck": {"normal": 0.5428443078732934, "hard": 0.5347341875609121}, "steps": {"normal": [1101, 6716, 97330, 179701, 86174, 19338, 3218], "hard": [69, 2070, 27690, 50535, 21327, 3666, 292]}, "unsolvedPenalty": {"normal": 714.0674765336394, "hard": 40.579109794148835}, "average": {"normal": 4.053745553553638, "hard": 3.9767019007259337}, "percentSolvingInThreeOrFewer": {"normal": 0.26715670083185544, "hard": 0.2823405806018041}, "percentiles": {"normal": {"p5": 0.57963, "p10": 0.65829, "p20": 0.75706, "p25": 0.78317, "p75": 0.91796, "p80": 0.92991, "p90": 0.95735, "p95": 0.98029}, "hard": {"p5": 0.68827, "p10": 0.75594, "p20": 0.81423, "p25": 0.83199, "p75": 0.94139, "p80": 0.95219, "p90": 0.98005, "p95": 0.9977}}}