{"efficiency":{"normal":0.8355558028210787,"hard":0.879399539300065},"luck":{"normal":0.4950516594918694,"hard":0.4747737438831939},"steps":{"normal":[1213,13871,122787,205654,90668,15491,2123],"hard":[98,4010,47186,71284,24342,3702,188]},"unsolvedPenalty":{"normal":357.59720179035617,"hard":14.764446428439888},"average":{"normal":3.93741215945535,"hard":3.8449215590064583},"percentSolvingInThreeOrFewer":{"normal":0.22879160741221352,"hard":0.08512396557074277},"percentiles":{"normal":{"p5":0.60413,"p10":0.67245,"p20":0.75842,"p25":0.78338,"p75":0.91656,"p80":0.92951,"p90":0.95529,"p95":0.97465},"hard":{"p5":0.70055,"p10":0.76456,"p20":0.82528,"p25":0.84152,"p75":0.94084,"p80":0.94918,"p90":0.97335,"p95":0.99267}}}