{"efficiency":{"normal":0.8401802515199319,"hard":0.8783661391486673},"luck":{"normal":0.4947207187803068,"hard":0.5233505843105399},"steps":{"normal":[858,7396,79149,175850,99032,29097,3534],"hard":[65,4988,34760,65001,30819,7714,685]},"unsolvedPenalty":{"normal":522.1676648866506,"hard":66.02906561154444},"average":{"normal":4.171627599583712,"hard":4.018641561308867},"percentSolvingInThreeOrFewer":{"normal":0.16217399694221377,"hard":0.07387299796642373},"percentiles":{"normal":{"p5":0.61326,"p10":0.69159,"p20":0.77394,"p25":0.79591,"p75":0.91481,"p80":0.92691,"p90":0.9519,"p95":0.9694},"hard":{"p5":0.68995,"p10":0.75879,"p20":0.82116,"p25":0.84071,"p75":0.94326,"p80":0.95226,"p90":0.97317,"p95":0.99097}}}