{"efficiency": {"normal": 0.8339560846894614, "hard": 0.872807102744206}, "luck": {"normal": 0.5467534418997396, "hard": 0.5182407397847415}, "steps": {"normal": [1822, 12417, 126292, 171253, 56974, 10772, 1936], "hard": [145, 5105, 39105, 57262, 17436, 1731, 82]}, "unsolvedPenalty": {"normal": 268.22954092919264, "hard": 10.693934792542194}, "average": {"normal": 3.811260320817397, "hard": 3.763413151215334}, "percentSolvingInThreeOrFewer": {"normal": 0.3683971834973497, "hard": 0.36697665182929856}, "percentiles": {"normal": {"p5": 0.56976, "p10": 0.64105, "p20": 0.74578, "p25": 0.77149, "p75": 0.93188, "p80": 0.93758, "p90": 0.96159, "p95": 0.98317}, "hard": {"p5": 0.66667, "p10": 0.73845, "p20": 0.80572, "p25": 0.82542, "p75": 0.94579, "p80": 0.9559, "p90": 0.98318, "p95": 0.99991}}}