{"efficiency":{"normal":0.8425577913344798,"hard":0.8727301018653759},"luck":{"normal":0.5172450034942601,"hard":0.498283511424035},"steps":{"normal":[697,13742,117183,180318,96804,27064,4894],"hard":[88,2402,40076,67409,34447,8202,910]},"unsolvedPenalty":{"normal":305.4576030735455,"hard":43.90279394570176},"average":{"normal":4.0434793978767365,"hard":4.055237945952986},"percentSolvingInThreeOrFewer":{"normal":0.2986644036106031,"hard":0.277241523050269},"percentiles":{"normal":{"p5":0.61732,"p10":0.68451,"p20":0.76156,"p25":0.78691,"p75":0.92699,"p80":0.93148,"p90":0.96444,"p95":0.99115},"hard":{"p5":0.66667,"p10":0.73444,"p20":0.80997,"p25":0.83017,"p75":0.94203,"p80":0.95146,"p90":0.98163,"p95":1}}}