{"efficiency":{"normal":0.8459341442301173,"hard":0.8891844609236198},"luck":{"normal":0.499909633345497,"hard":0.5059164268133386},"steps":{"normal":[796,5720,91990,188918,62837,11905,1328],"hard":[81,2140,36070,69112,16871,1961,120]},"unsolvedPenalty":{"normal":56.47028104169224,"hard":7.083835626270032},"average":{"normal":3.9583747469863098,"hard":3.8462038212625242},"percentSolvingInThreeOrFewer":{"normal":0.2709975955586612,"hard":0.3030430137311543},"percentiles":{"normal":{"p5":0.59436,"p10":0.66004,"p20":0.75833,"p25":0.79554,"p75":0.944,"p80":0.95376,"p90":0.97863,"p95":0.9909},"hard":{"p5":0.67168,"p10":0.74642,"p20":0.83983,"p25":0.86294,"p75":0.96588,"p80":0.97306,"p90":0.99302,"p95":1}}}