{"efficiency":{"normal":0.8685265688914751,"hard":0.8863897781205585},"luck":{"normal":0.44503470167305464,"hard":0.4959628677951488},"steps":{"normal":[652,4182,69571,203076,111258,24728,2416],"hard":[66,5851,32363,64616,36622,8301,638]},"unsolvedPenalty":{"normal":204.30625868035364,"hard":21.809664191517292},"average":{"normal":4.205948264668683,"hard":4.068934857435386},"percentSolvingInThreeOrFewer":{"normal":0.13184665408570997,"hard":0.06783262011712693},"percentiles":{"normal":{"p5":0.65964,"p10":0.71544,"p20":0.79109,"p25":0.81937,"p75":0.94499,"p80":0.95336,"p90":0.97439,"p95":0.98772},"hard":{"p5":0.67505,"p10":0.74,"p20":0.81719,"p25":0.84735,"p75":0.95978,"p80":0.9696,"p90":0.99927,"p95":0.99996}}}