{"efficiency":{"normal":0.8244018631714398,"hard":0.870611283702155},"luck":{"normal":0.5547461375073557,"hard":0.5139232369984013},"steps":{"normal":[713,5488,126825,201714,63120,10481,1203],"hard":[83,2162,37447,72162,23373,2728,275]},"unsolvedPenalty":{"normal":142.59614820915394,"hard":27.912742656183053},"average":{"normal":3.869468610593604,"hard":3.908516779640173},"percentSolvingInThreeOrFewer":{"normal":0.24285390903680662,"hard":0.07246495868794521},"percentiles":{"normal":{"p5":0.58816,"p10":0.63361,"p20":0.73124,"p25":0.76639,"p75":0.91447,"p80":0.92445,"p90":0.9487,"p95":0.9762},"hard":{"p5":0.65446,"p10":0.72452,"p20":0.81015,"p25":0.83257,"p75":0.93674,"p80":0.94821,"p90":0.96933,"p95":0.98648}}}