{"efficiency":{"normal":0.8480943003926096,"hard":0.8925018615628745},"luck":{"normal":0.5221119784622912,"hard":0.5002075043688443},"steps":{"normal":[940,7291,99963,192154,95861,22557,2254],"hard":[76,2982,35858,64527,36028,9237,643]},"unsolvedPenalty":{"normal":240.0268464435471,"hard":11},"average":{"normal":4.066786373385206,"hard":4.091956639638976},"percentSolvingInThreeOrFewer":{"normal":0.1896886647895621,"hard":0.06823146592985052},"percentiles":{"normal":{"p5":0.59569,"p10":0.66667,"p20":0.7655,"p25":0.79374,"p75":0.93593,"p80":0.94638,"p90":0.96792,"p95":0.9912},"hard":{"p5":0.69545,"p10":0.76374,"p20":0.83541,"p25":0.85687,"p75":0.95777,"p80":0.96614,"p90":0.98406,"p95":0.99989}}}