{"efficiency":{"normal":0.6957169529204152,"hard":0.7886456619993784},"luck":{"normal":0.4344200976669648,"hard":0.4133771747617712},"steps":{"normal":[819,2624,23838,64111,83934,103250,91434],"hard":[69,653,6913,19005,26624,39883,38764]},"unsolvedPenalty":{"normal":55398.04258573974,"hard":26073.941682209163},"average":{"normal":5.193820551140034,"hard":5.33038184836746},"percentSolvingInThreeOrFewer":{"normal":0.05436662257144223,"hard":0.015210860175637123},"percentiles":{"normal":{"p5":0.42702,"p10":0.47045,"p20":0.52709,"p25":0.56101,"p75":0.85239,"p80":0.87357,"p90":0.91538,"p95":0.94014},"hard":{"p5":0.50502,"p10":0.54566,"p20":0.63939,"p25":0.68479,"p75":0.92454,"p80":0.93678,"p90":0.96115,"p95":0.97436}}}