{"efficiency":{"normal":0.8100273675396954,"hard":0.8625650411205004},"luck":{"normal":0.482731502670335,"hard":0.5014277601969526},"steps":{"normal":[1216,7918,78023,162507,133797,54027,7385],"hard":[110,3430,34953,47722,42054,19891,2125]},"unsolvedPenalty":{"normal":1012.0624123087625,"hard":156.4543843646458},"average":{"normal":4.3576158493823165,"hard":4.292348126954555},"percentSolvingInThreeOrFewer":{"normal":0.14645534613174546,"hard":0.06467981007362503},"percentiles":{"normal":{"p5":0.52781,"p10":0.6112,"p20":0.7055,"p25":0.74528,"p75":0.90859,"p80":0.92074,"p90":0.95041,"p95":0.97341},"hard":{"p5":0.62567,"p10":0.69375,"p20":0.78894,"p25":0.81019,"p75":0.94438,"p80":0.95402,"p90":0.98,"p95":1}}}