{"efficiency":{"normal":0.7973468388368997,"hard":0.8681081864528862},"luck":{"normal":0.5188876342228991,"hard":0.503710047724909},"steps":{"normal":[1623,14005,134274,190095,98382,36059,6410],"hard":[135,5349,45764,59022,33490,13731,2171]},"unsolvedPenalty":{"normal":1925.9718611655035,"hard":580.9400026831729},"average":{"normal":4.0509578325399405,"hard":4.070016284417602},"percentSolvingInThreeOrFewer":{"normal":0.311745083685489,"hard":0.3209780661647731},"percentiles":{"normal":{"p5":0.51041,"p10":0.58068,"p20":0.69588,"p25":0.73269,"p75":0.89787,"p80":0.90819,"p90":0.93595,"p95":0.95736},"hard":{"p5":0.66983,"p10":0.74606,"p20":0.80848,"p25":0.82896,"p75":0.93326,"p80":0.94243,"p90":0.96635,"p95":0.9864}}}