{"efficiency":{"normal":0.8228503779802462,"hard":0.8543363439519635},"luck":{"normal":0.4851301445834694,"hard":0.44491636949328445},"steps":{"normal":[1277,31153,57389,142573,138172,63163,10228],"hard":[103,5929,19665,49967,45346,23737,3636]},"unsolvedPenalty":{"normal":1286.801739506232,"hard":273.84113937143024},"average":{"normal":4.3635962294325,"hard":4.459972908677984},"percentSolvingInThreeOrFewer":{"normal":0.15163787747825616,"hard":0.04338467667873157},"percentiles":{"normal":{"p5":0.51312,"p10":0.61744,"p20":0.72973,"p25":0.76602,"p75":0.91718,"p80":0.93029,"p90":0.97612,"p95":1},"hard":{"p5":0.61494,"p10":0.68619,"p20":0.78594,"p25":0.81445,"p75":0.92682,"p80":0.93958,"p90":0.98465,"p95":1}}}