{"efficiency":{"normal":0.8459528033446236,"hard":0.9054232449078927,"normal-ps":0.7945745814479638,"hard-ps":0.8430700262237762},"luck":{"normal":0.6010543347426177,"hard":0.58733985041935,"normal-ps":0.6041030599547511,"hard-ps":0.6019207692307692},"steps":{"normal":[970,16481,170340,194095,61597,11690,1557],"hard":[87,7165,62914,68016,19216,2685,165],"normal-ps":[6,64,703,688,249,52,6],"hard-ps":[2,53,472,461,139,15,2]},"unsolvedPenalty":{"normal":209.15021882143205,"hard":6.432732184665174,"normal-ps":0.5,"hard-ps":null},"average":{"normal":3.7413653053315614,"hard":3.6718274175028704,"normal-ps":3.726244343891403,"hard-ps":3.640734265734266},"percentSolvingInThreeOrFewer":{"normal":0.3029458309740552,"hard":0.11319050223183678,"normal-ps":0.001246989399783511,"hard-ps":0.0008501467188692242},"percentiles":{"normal":{"p5":0.62899,"p10":0.70311,"p20":0.76995,"p25":0.79497,"p75":0.92372,"p80":0.93339,"p90":0.96383,"p95":0.99272},"hard":{"p5":0.75031,"p10":0.80014,"p20":0.84908,"p25":0.86559,"p75":0.9637,"p80":0.9731,"p90":0.99928,"p95":1},"normal-ps":{"p5":0.51236,"p10":0.59488,"p20":0.67287,"p25":0.71121,"p75":0.89984,"p80":0.91586,"p90":0.96045,"p95":0.99494},"hard-ps":{"p5":0.6154,"p10":0.66223,"p20":0.74365,"p25":0.77521,"p75":0.93311,"p80":0.94702,"p90":0.9872,"p95":1}}}