{"efficiency":{"normal":0.8455540002337293,"hard":0.9154537509212402},"luck":{"normal":0.6011698582963262,"hard":0.6296589804328601},"steps":{"normal":[1305,28536,221027,173208,40149,5695,706],"hard":[188,23180,86012,43067,9424,924,29]},"unsolvedPenalty":{"normal":196.1147648270113,"hard":2.1230679931478833},"average":{"normal":3.513280071393664,"hard":3.2531444995823713},"percentSolvingInThreeOrFewer":{"normal":0.3960350712127479,"hard":0.17267236452844248},"percentiles":{"normal":{"p5":0.62485,"p10":0.69664,"p20":0.77051,"p25":0.79592,"p75":0.92256,"p80":0.93318,"p90":0.96102,"p95":0.99031},"hard":{"p5":0.75,"p10":0.79403,"p20":0.85268,"p25":0.87311,"p75":1,"p80":1,"p90":1,"p95":1}}}