{"efficiency":{"normal":0.7615237586119697,"hard":0.9388047452418219},"luck":{"normal":0.44812427011781947,"hard":0.44053744019668806},"steps":{"normal":[1082,5746,50971,95675,102911,82901,48252],"hard":[175,2240,20785,28437,24610,33454,30214]},"unsolvedPenalty":{"normal":23151.291082789943,"hard":13559.882588158802},"average":{"normal":4.772837524707,"hard":4.901655981760615},"percentSolvingInThreeOrFewer":{"normal":0.10958387286973964,"hard":0.04398446135149841},"percentiles":{"normal":{"p5":0.51242,"p10":0.55328,"p20":0.60544,"p25":0.62748,"p75":0.90055,"p80":0.91496,"p90":0.94836,"p95":0.97036},"hard":{"p5":0.83006,"p10":0.87155,"p20":0.90772,"p25":0.9189,"p75":0.97736,"p80":0.98146,"p90":0.99261,"p95":0.99893}}}