{"efficiency":{"normal":0.8598480265432771,"hard":0.8948997771761638,"normal-ps":0.7958445345454546,"hard-ps":0.8321813515081207},"luck":{"normal":0.45317187932498637,"hard":0.44500421918942806,"normal-ps":0.4714336509090909,"hard-ps":0.448761873549884},"steps":{"normal":[1054,4352,69056,240096,123996,19050,1636],"hard":[70,1510,26516,86456,43080,4045,108],"normal-ps":[8,30,546,1325,709,121,11],"hard-ps":[2,25,337,901,423,35,1]},"unsolvedPenalty":{"normal":217.17829508246876,"hard":6.188069071650115,"normal-ps":2,"hard-ps":null},"average":{"normal":4.183875884594448,"hard":4.133743749497796,"normal-ps":4.124727272727273,"hard-ps":4.059164733178655},"percentSolvingInThreeOrFewer":{"normal":0.11904666744469722,"hard":0.04492007334803065,"normal-ps":0.0009336366586678731,"hard-ps":0.0005819242187587428},"percentiles":{"normal":{"p5":0.63391,"p10":0.69698,"p20":0.7873,"p25":0.81572,"p75":0.93947,"p80":0.95165,"p90":0.97359,"p95":0.99081},"hard":{"p5":0.72641,"p10":0.79,"p20":0.84243,"p25":0.85834,"p75":0.95258,"p80":0.96098,"p90":0.98324,"p95":0.99936},"normal-ps":{"p5":0.53007,"p10":0.59305,"p20":0.66261,"p25":0.69324,"p75":0.91126,"p80":0.92991,"p90":0.96747,"p95":0.98762},"hard-ps":{"p5":0.60355,"p10":0.65017,"p20":0.72988,"p25":0.75028,"p75":0.92649,"p80":0.94445,"p90":0.97651,"p95":0.99017}}}