{"efficiency":{"normal":0.826138286781194,"hard":0.8812382408349089},"luck":{"normal":0.48179560877438243,"hard":0.4610028277147167},"steps":{"normal":[1315,2748,62586,181823,124111,46122,7622],"hard":[83,674,19418,65047,45748,14285,1246]},"unsolvedPenalty":{"normal":286.36847867492287,"hard":15.993876879084826},"average":{"normal":4.3742810767195515,"hard":4.380780440525026},"percentSolvingInThreeOrFewer":{"normal":0.1163520640179876,"hard":0.03522630267841401},"percentiles":{"normal":{"p5":0.55848,"p10":0.63115,"p20":0.71205,"p25":0.74884,"p75":0.92787,"p80":0.93711,"p90":0.96437,"p95":0.98735},"hard":{"p5":0.66667,"p10":0.71869,"p20":0.79648,"p25":0.83045,"p75":0.96665,"p80":0.97283,"p90":0.98898,"p95":1}}}