{"efficiency": {"normal": 0.8647377591584888, "hard": 0.9067984115108594}, "luck": {"normal": 0.5306561854631339, "hard": 0.5304587827666057}, "steps": {"normal": [2661, 13487, 131151, 175191, 69368, 15456, 2954], "hard": [111, 3899, 41143, 46355, 15785, 2189, 108]}, "unsolvedPenalty": {"normal": 752.5641890056077, "hard": 10.438522971471732}, "average": {"normal": 3.8629836209234103, "hard": 3.737416174130591}, "percentSolvingInThreeOrFewer": {"normal": 0.35903116986945116, "hard": 0.4120175198467013}, "percentiles": {"normal": {"p5": 0.6302, "p10": 0.71783, "p20": 0.8009, "p25": 0.82454, "p75": 0.94255, "p80": 0.95284, "p90": 0.97231, "p95": 0.9875}, "hard": {"p5": 0.74874, "p10": 0.81072, "p20": 0.8622, "p25": 0.8774, "p75": 0.95867, "p80": 0.96597, "p90": 0.98152, "p95": 0.99383}}}