{"efficiency":{"normal":0.8257844461517558,"hard":0.8752398434827976},"luck":{"normal":0.5879215860620808,"hard":0.5718351296339237},"steps":{"normal":[606,13175,136776,160402,73694,18298,1834],"hard":[60,6045,46896,54020,24883,5761,339]},"unsolvedPenalty":{"normal":144.05907574141233,"hard":14.578711223500257},"average":{"normal":3.8740226534418656,"hard":3.8399828990464044},"percentSolvingInThreeOrFewer":{"normal":0.2773826038736254,"hard":0.09764387922601184},"percentiles":{"normal":{"p5":0.56106,"p10":0.62719,"p20":0.71279,"p25":0.744,"p75":0.92914,"p80":0.94293,"p90":0.97236,"p95":1},"hard":{"p5":0.65412,"p10":0.71896,"p20":0.80344,"p25":0.82755,"p75":0.9527,"p80":0.96366,"p90":0.99726,"p95":1}}}