{"efficiency":{"normal":0.7542471850874248,"hard":0.8176761442669839},"luck":{"normal":0.4423418707851454,"hard":0.45218864440857476},"steps":{"normal":[775,3451,46284,111274,116236,85845,29385],"hard":[68,1341,18257,37969,39272,31575,12770]},"unsolvedPenalty":{"normal":9143.914877586807,"hard":5094.02656222002},"average":{"normal":4.74045904407352,"hard":4.756230000283182},"percentSolvingInThreeOrFewer":{"normal":0.0944988250789517,"hard":0.036792989388292695},"percentiles":{"normal":{"p5":0.46793,"p10":0.52735,"p20":0.60591,"p25":0.63636,"p75":0.88192,"p80":0.89828,"p90":0.93371,"p95":0.96284},"hard":{"p5":0.55926,"p10":0.62077,"p20":0.68978,"p25":0.73699,"p75":0.91788,"p80":0.93065,"p90":0.95751,"p95":0.97404}}}