{"efficiency":{"normal":0.8279567709955254,"hard":0.8919299230537528},"luck":{"normal":0.5845569809107684,"hard":0.5579315775349818},"steps":{"normal":[946,11222,177904,169815,60722,14925,1827],"hard":[124,3640,62487,55955,19432,4068,368]},"unsolvedPenalty":{"normal":63.16717676676273,"hard":6.872413792430236},"average":{"normal":3.7508636911335334,"hard":3.713614830636107},"percentSolvingInThreeOrFewer":{"normal":0.3257816102001395,"hard":0.11355179511966036},"percentiles":{"normal":{"p5":0.5505,"p10":0.61653,"p20":0.71968,"p25":0.76154,"p75":0.92479,"p80":0.93327,"p90":0.96935,"p95":0.99074},"hard":{"p5":0.6639,"p10":0.74214,"p20":0.82822,"p25":0.85256,"p75":0.96673,"p80":0.97388,"p90":0.99921,"p95":1}}}