{"efficiency":{"normal":0.8609758746257103,"hard":0.9017491037012134,"normal-ps":0.8137423352601156,"hard-ps":0.8555879350766457},"luck":{"normal":0.6356557758004696,"hard":0.6537090055930804,"normal-ps":0.6425961849710983,"hard-ps":0.6653332732191163},"steps":{"normal":[1608,27199,244790,166666,26521,2983,450],"hard":[168,19643,87896,49476,6146,253,10],"normal-ps":[9,112,903,580,110,11,5],"hard-ps":[2,143,615,303,43,2]},"unsolvedPenalty":{"normal":55.392570430095695,"hard":0,"normal-ps":null,"hard-ps":null},"average":{"normal":3.4244615332267174,"hard":3.2602463400470674,"normal-ps":3.415028901734104,"hard-ps":3.2218214607754736},"percentSolvingInThreeOrFewer":{"normal":0.42974721121858206,"hard":0.16918031344929302,"normal-ps":0.0016083988577854987,"hard-ps":0.0011953042292722309},"percentiles":{"normal":{"p5":0.61316,"p10":0.66707,"p20":0.77302,"p25":0.80211,"p75":0.95335,"p80":0.96399,"p90":0.98771,"p95":0.99965},"hard":{"p5":0.69932,"p10":0.76197,"p20":0.83684,"p25":0.85847,"p75":0.9728,"p80":0.98139,"p90":1,"p95":1},"normal-ps":{"p5":0.54201,"p10":0.5887,"p20":0.66644,"p25":0.7263,"p75":0.93051,"p80":0.94806,"p90":0.996,"p95":1},"hard-ps":{"p5":0.58775,"p10":0.6468,"p20":0.74983,"p25":0.78505,"p75":0.96047,"p80":0.97687,"p90":1,"p95":1}}}