{"efficiency":{"normal":0.8575048210832457,"hard":0.8964431921269134},"luck":{"normal":0.6124255542002626,"hard":0.5998650292688424},"steps":{"normal":[1327,24999,181243,171853,64810,14578,1918],"hard":[199,10678,54383,56777,23580,4815,407]},"unsolvedPenalty":{"normal":345.4469548930828,"hard":24.65855959119378},"average":{"normal":3.7017048475838044,"hard":3.719476541834888},"percentSolvingInThreeOrFewer":{"normal":0.3394131343322629,"hard":0.10671072682917258},"percentiles":{"normal":{"p5":0.60289,"p10":0.68061,"p20":0.77806,"p25":0.80347,"p75":0.94629,"p80":0.95504,"p90":0.98402,"p95":0.9971},"hard":{"p5":0.68159,"p10":0.74726,"p20":0.83098,"p25":0.85611,"p75":0.97837,"p80":0.98103,"p90":1,"p95":1}}}