{"efficiency":{"normal":0.7913169978900075,"hard":0.8452629953229578},"luck":{"normal":0.4455046054850059,"hard":0.42165453767169314},"steps":{"normal":[1106,2305,37859,168118,145051,50293,5685],"hard":[79,799,14829,72297,49417,10622,762]},"unsolvedPenalty":{"normal":133.54175403527023,"hard":13.049305378860895},"average":{"normal":4.514628631574844,"hard":4.373061312259764},"percentSolvingInThreeOrFewer":{"normal":0.07380194549746084,"hard":0.028093484014019027},"percentiles":{"normal":{"p5":0.51964,"p10":0.58503,"p20":0.65547,"p25":0.67958,"p75":0.92142,"p80":0.93667,"p90":0.96415,"p95":0.9832},"hard":{"p5":0.61167,"p10":0.65908,"p20":0.71962,"p25":0.74659,"p75":0.94786,"p80":0.95801,"p90":0.97598,"p95":0.99225}}}