{"efficiency":{"normal":0.8432025423581128,"hard":0.8747339377639514},"luck":{"normal":0.5188037129112996,"hard":0.526520690401293},"steps":{"normal":[442,4076,80086,147444,81206,17966,1597],"hard":[44,1986,32422,50358,24770,5210,288]},"unsolvedPenalty":{"normal":245.35903714009277,"hard":13.83114860027009},"average":{"normal":4.092447200713906,"hard":3.9933957837292966},"percentSolvingInThreeOrFewer":{"normal":0.18889290769691042,"hard":0.07691998553229112},"percentiles":{"normal":{"p5":0.63284,"p10":0.7006,"p20":0.76863,"p25":0.78711,"p75":0.92347,"p80":0.93679,"p90":0.96202,"p95":0.97977},"hard":{"p5":0.66667,"p10":0.75154,"p20":0.81266,"p25":0.83147,"p75":0.94361,"p80":0.95425,"p90":0.97608,"p95":0.99072}}}