{"efficiency":{"normal":0.8566868436312108,"hard":0.9022613235938228},"luck":{"normal":0.5848903357268878,"hard":0.5571616737075603},"steps":{"normal":[1126,20502,163870,178446,56055,8213,855],"hard":[139,7868,53729,60836,17330,1609,40]},"unsolvedPenalty":{"normal":156.94584888233874,"hard":2.5},"average":{"normal":3.687549088841189,"hard":3.652019723921613},"percentSolvingInThreeOrFewer":{"normal":0.3250832861626678,"hard":0.10819577899944446},"percentiles":{"normal":{"p5":0.62421,"p10":0.70273,"p20":0.78067,"p25":0.80776,"p75":0.93604,"p80":0.94957,"p90":0.97226,"p95":0.99074},"hard":{"p5":0.7431,"p10":0.79547,"p20":0.84334,"p25":0.86238,"p75":0.96423,"p80":0.97199,"p90":0.99595,"p95":1}}}