{"efficiency":{"normal":0.8145969388783137,"hard":0.880635835536512},"luck":{"normal":0.53982229908538,"hard":0.5212037707565477},"steps":{"normal":[1127,3793,92586,225454,84350,20054,3408],"hard":[83,1393,29065,90944,27335,4325,420]},"unsolvedPenalty":{"normal":124.70069899534742,"hard":10.563240598878552},"average":{"normal":4.064334463066995,"hard":4.030768529492205},"percentSolvingInThreeOrFewer":{"normal":0.1668720244512669,"hard":0.05226526749562759},"percentiles":{"normal":{"p5":0.54983,"p10":0.61762,"p20":0.68934,"p25":0.72688,"p75":0.91989,"p80":0.93236,"p90":0.95969,"p95":0.98137},"hard":{"p5":0.65289,"p10":0.71649,"p20":0.80859,"p25":0.83524,"p75":0.96108,"p80":0.97036,"p90":0.98762,"p95":1}}}