{"efficiency":{"normal":0.799508487206493,"hard":0.8239858524933218},"luck":{"normal":0.31026916866456944,"hard":0.3021178605408533},"steps":{"normal":[1436,1494,11363,97643,179529,119846,21634],"hard":[121,305,3644,35700,60936,41404,6503]},"unsolvedPenalty":{"normal":2580.226463270939,"hard":568.3610773376847},"average":{"normal":5.025106593310144,"hard":5.023658127939603},"percentSolvingInThreeOrFewer":{"normal":0.024583412859306947,"hard":0.00700172463895208},"percentiles":{"normal":{"p5":0.48731,"p10":0.56134,"p20":0.65327,"p25":0.68613,"p75":0.91857,"p80":0.92897,"p90":0.9514,"p95":0.96567},"hard":{"p5":0.5331,"p10":0.60783,"p20":0.68654,"p25":0.71999,"p75":0.92982,"p80":0.93759,"p90":0.9574,"p95":0.97379}}}