{"efficiency":{"normal":0.8374843045017272,"hard":0.8921550390938892},"luck":{"normal":0.709352448772198,"hard":0.6819974863841023},"steps":{"normal":[856,54422,112961,52256,11714,1785,203],"hard":[226,18337,35393,19589,4409,428,18]},"unsolvedPenalty":{"normal":39.207282276851316,"hard":3.352883816971652},"average":{"normal":3.1089372712949244,"hard":3.1397303605821354},"percentSolvingInThreeOrFewer":{"normal":0.5382041414344987,"hard":0.17260882222158241},"percentiles":{"normal":{"p5":0.62551,"p10":0.63902,"p20":0.7369,"p25":0.77117,"p75":0.9295,"p80":0.94563,"p90":0.99886,"p95":1},"hard":{"p5":0.69317,"p10":0.7568,"p20":0.82494,"p25":0.84564,"p75":0.9682,"p80":0.99871,"p90":1,"p95":1}}}