{"efficiency":{"normal":0.8652976770045486,"hard":0.8916215354782914},"luck":{"normal":0.549858967235869,"hard":0.5880682217612799},"steps":{"normal":[1341,19445,170220,201315,50201,8476,1444],"hard":[197,11536,61835,59137,13105,2026,170]},"unsolvedPenalty":{"normal":264.08442567666054,"hard":35.346618337106925},"average":{"normal":3.6837235824827714,"hard":3.540552410037431},"percentSolvingInThreeOrFewer":{"normal":0.3181103568644954,"hard":0.12252103415427044},"percentiles":{"normal":{"p5":0.61598,"p10":0.68808,"p20":0.78896,"p25":0.81985,"p75":0.94687,"p80":0.95769,"p90":0.98036,"p95":0.99605},"hard":{"p5":0.65758,"p10":0.74263,"p20":0.83409,"p25":0.85951,"p75":0.96508,"p80":0.97774,"p90":0.99841,"p95":0.99962}}}