{"efficiency": {"normal": 0.8666773635079495, "hard": 0.9068664536001626}, "luck": {"normal": 0.5386391290008502, "hard": 0.5295237880950955}, "steps": {"normal": [1272, 9610, 195466, 172921, 41628, 6081, 1187], "hard": [54, 2180, 47442, 32067, 6628, 556, 23]}, "unsolvedPenalty": {"normal": 117.64897780314735, "hard": 1.2411403357725568}, "average": {"normal": 3.6238988450195673, "hard": 3.5036114799363216}, "percentSolvingInThreeOrFewer": {"normal": 0.4819357023577359, "hard": 0.5584710511523328}, "percentiles": {"normal": {"p5": 0.62366, "p10": 0.67887, "p20": 0.78741, "p25": 0.81313, "p75": 0.95857, "p80": 0.96912, "p90": 0.98758, "p95": 1}, "hard": {"p5": 0.68969, "p10": 0.77036, "p20": 0.84057, "p25": 0.86577, "p75": 0.97872, "p80": 0.98856, "p90": 1, "p95": 1}}}