{"efficiency": {"normal": 0.8060136820803893, "hard": 0.8437454133194433}, "luck": {"normal": 0.4984405934241209, "hard": 0.5258831328166632}, "steps": {"normal": [395, 2758, 40419, 111884, 77208, 21460, 3328], "hard": [43, 2561, 12736, 26601, 17100, 3954, 489]}, "unsolvedPenalty": {"normal": 123.88499300210634, "hard": 12.160556817516339}, "average": {"normal": 4.3228403158375235, "hard": 4.133894533375615}, "percentSolvingInThreeOrFewer": {"normal": 0.16924319873219085, "hard": 0.241635687732342}}