{"efficiency":{"normal":0.6468123746635938,"hard":0.7517799780457514},"luck":{"normal":0.455079975674671,"hard":0.43892784287488484},"steps":{"normal":[1249,8846,38041,42762,53348,87207,104799],"hard":[109,3197,12372,14387,20365,36757,37614]},"unsolvedPenalty":{"normal":43783.99023081493,"hard":14077.893692844465},"average":{"normal":5.123720169504126,"hard":5.201963062377309},"percentSolvingInThreeOrFewer":{"normal":0.10440921315173073,"hard":0.034007113732974756},"percentiles":{"normal":{"p5":0.35054,"p10":0.41025,"p20":0.46277,"p25":0.48601,"p75":0.82788,"p80":0.85424,"p90":0.8975,"p95":0.92633},"hard":{"p5":0.4459,"p10":0.49457,"p20":0.55414,"p25":0.60293,"p75":0.91227,"p80":0.92673,"p90":0.95302,"p95":0.97083}}}