{"efficiency":{"normal":0.8372049059803622,"hard":0.8831153653693941},"luck":{"normal":0.6098999564446145,"hard":0.5944427045518573},"steps":{"normal":[1143,24380,139147,165551,76088,15523,1532],"hard":[152,7956,48491,60510,27169,4607,194]},"unsolvedPenalty":{"normal":221.16645122767903,"hard":9.88429116059515},"average":{"normal":3.808344493810364,"hard":3.811553373311332},"percentSolvingInThreeOrFewer":{"normal":0.28766304888977395,"hard":0.09887658507016321},"percentiles":{"normal":{"p5":0.59383,"p10":0.67047,"p20":0.75813,"p25":0.78285,"p75":0.91705,"p80":0.93437,"p90":0.96979,"p95":1},"hard":{"p5":0.67777,"p10":0.74934,"p20":0.81408,"p25":0.83602,"p75":0.95846,"p80":0.96779,"p90":1,"p95":1}}}