{"efficiency":{"normal":0.8519393783720434,"hard":0.9231263378998948},"luck":{"normal":0.6629117126945792,"hard":0.7503619604145823},"steps":{"normal":[1640,86684,212848,118005,43278,13158,2208],"hard":[328,65080,49153,26769,10985,3195,406]},"unsolvedPenalty":{"normal":417.76398609042826,"hard":39.74613598629577},"average":{"normal":3.3363107072448965,"hard":2.9602734805921136},"percentSolvingInThreeOrFewer":{"normal":0.4752296675934371,"hard":0.1807691458038129},"percentiles":{"normal":{"p5":0.596,"p10":0.65001,"p20":0.74666,"p25":0.78137,"p75":0.95102,"p80":0.9749,"p90":1,"p95":1},"hard":{"p5":0.7163,"p10":0.78969,"p20":0.85534,"p25":0.87846,"p75":1,"p80":1,"p90":1,"p95":1}}}