{"efficiency":{"normal":0.8530782669293637,"hard":0.8913245775486706,"normal-ps":0.7558183281347474,"hard-ps":0.8092335499515034},"luck":{"normal":0.5360134698369207,"hard":0.5120759383395757,"normal-ps":0.5586102308172177,"hard-ps":0.5371419398642095},"steps":{"normal":[1090,10967,131662,187258,77260,14818,1761],"hard":[105,4491,43457,71855,28260,2810,137],"normal-ps":[6,48,521,658,293,70,7],"hard-ps":[1,44,353,438,176,19]},"unsolvedPenalty":{"normal":180.70481017728875,"hard":10.81535266568964,"normal-ps":0.5,"hard-ps":null},"average":{"normal":3.8906464794832685,"hard":3.876897523789357,"normal-ps":3.882719900187149,"hard-ps":3.7769156159068866},"percentSolvingInThreeOrFewer":{"normal":0.24841161748845442,"hard":0.08305736843560742,"normal-ps":0.0009938193080943558,"hard-ps":0.0006878957993418323},"percentiles":{"normal":{"p5":0.60927,"p10":0.68546,"p20":0.77637,"p25":0.8037,"p75":0.93536,"p80":0.94581,"p90":0.97365,"p95":0.98953},"hard":{"p5":0.7076,"p10":0.77452,"p20":0.83499,"p25":0.8543,"p75":0.95197,"p80":0.96148,"p90":0.99532,"p95":1},"normal-ps":{"p5":0.46106,"p10":0.52148,"p20":0.60282,"p25":0.63261,"p75":0.88587,"p80":0.90378,"p90":0.94746,"p95":0.97914},"hard-ps":{"p5":0.57152,"p10":0.60621,"p20":0.66774,"p25":0.71082,"p75":0.91559,"p80":0.93239,"p90":0.96774,"p95":0.99261}}}