{"efficiency":{"normal":0.8596443336986738,"hard":0.901977337991221},"luck":{"normal":0.6392716574470239,"hard":0.6499198752629802},"steps":{"normal":[1090,52294,245924,124273,33449,6643,733],"hard":[184,22307,81285,37621,10342,2120,145]},"unsolvedPenalty":{"normal":105.46880252961502,"hard":7.19243171294161},"average":{"normal":3.3419931224120223,"hard":3.2754798576660344},"percentSolvingInThreeOrFewer":{"normal":0.4839968888004903,"hard":0.1678107278169373},"percentiles":{"normal":{"p5":0.61829,"p10":0.70272,"p20":0.7661,"p25":0.80457,"p75":0.94523,"p80":0.95733,"p90":0.98502,"p95":1},"hard":{"p5":0.72054,"p10":0.75441,"p20":0.84945,"p25":0.86828,"p75":0.96728,"p80":0.97771,"p90":1,"p95":1}}}