{"efficiency": {"normal": 0.7918104490032866, "hard": 0.833723601250853}, "luck": {"normal": 0.3794227973725543, "hard": 0.36426794526143075}, "steps": {"normal": [924, 1258, 18927, 58850, 90414, 85223, 33498], "hard": [82, 279, 3682, 13330, 23101, 23350, 7162]}, "unsolvedPenalty": {"normal": 3862.002840011936, "hard": 711.7724542429569}, "average": {"normal": 5.179550605823752, "hard": 5.232817350664116}, "percentSolvingInThreeOrFewer": {"normal": 0.07301777276595156, "hard": 0.05695489251401685}, "percentiles": {"normal": {"p5": 0.50499, "p10": 0.57783, "p20": 0.65989, "p25": 0.69174, "p75": 0.90681, "p80": 0.91937, "p90": 0.95304, "p95": 0.97872}, "hard": {"p5": 0.57262, "p10": 0.63748, "p20": 0.7149, "p25": 0.74804, "p75": 0.93214, "p80": 0.94187, "p90": 0.96589, "p95": 0.98722}}}