{"efficiency": {"normal": 0.814543434389909, "hard": 0.8627334473515417}, "luck": {"normal": 0.5679387074516956, "hard": 0.5750796954458315}, "steps": {"normal": [997, 6310, 108184, 153791, 71245, 15540, 2630], "hard": [52, 1833, 30060, 34729, 12824, 1697, 131]}, "unsolvedPenalty": {"normal": 151.00526912839499, "hard": 4}, "average": {"normal": 3.9625617311243984, "hard": 3.787681676216708}, "percentSolvingInThreeOrFewer": {"normal": 0.3219736992503422, "hard": 0.39280180999926223}, "percentiles": {"normal": {"p5": 0.53899, "p10": 0.60055, "p20": 0.68996, "p25": 0.73007, "p75": 0.92311, "p80": 0.93508, "p90": 0.96387, "p95": 0.98088}, "hard": {"p5": 0.62146, "p10": 0.68353, "p20": 0.78438, "p25": 0.81824, "p75": 0.94566, "p80": 0.95357, "p90": 0.97824, "p95": 0.99299}}}