{"efficiency":{"normal":0.8593909751884687,"hard":0.8786234374095948},"luck":{"normal":0.48355266664254265,"hard":0.5057938074977244},"steps":{"normal":[615,7237,106384,208766,76884,13484,1152],"hard":[75,3526,45898,68061,21104,2886,168]},"unsolvedPenalty":{"normal":117.0706531831146,"hard":8.555800177813058},"average":{"normal":3.960072371992039,"hard":3.816755219689112},"percentSolvingInThreeOrFewer":{"normal":0.20537422157023486,"hard":0.08899447728351383},"percentiles":{"normal":{"p5":0.62468,"p10":0.68981,"p20":0.78707,"p25":0.81251,"p75":0.93909,"p80":0.94908,"p90":0.97572,"p95":0.98993},"hard":{"p5":0.65729,"p10":0.71268,"p20":0.82008,"p25":0.8412,"p75":0.95011,"p80":0.95905,"p90":0.98061,"p95":1}}}