{"efficiency": {"normal": 0.8041407938162763, "hard": 0.8782799092390711}, "luck": {"normal": 0.5078607653991118, "hard": 0.467978027250929}, "steps": {"normal": [2559, 7593, 81580, 177800, 115009, 35606, 8448], "hard": [79, 1338, 15479, 38265, 27074, 5557, 562]}, "unsolvedPenalty": {"normal": 1193.3721973996426, "hard": 47.8591166011836}, "average": {"normal": 4.252721968752318, "hard": 4.243677242870738}, "percentSolvingInThreeOrFewer": {"normal": 0.21402956170743942, "hard": 0.19123073092333115}, "percentiles": {"normal": {"p5": 0.51066, "p10": 0.59235, "p20": 0.68743, "p25": 0.71926, "p75": 0.91868, "p80": 0.93227, "p90": 0.95807, "p95": 0.98144}, "hard": {"p5": 0.66076, "p10": 0.72798, "p20": 0.80562, "p25": 0.83003, "p75": 0.95822, "p80": 0.96893, "p90": 0.98203, "p95": 0.99633}}}