{"efficiency":{"normal":0.8515513905457377,"hard":0.8901640310810547},"luck":{"normal":0.555302156511661,"hard":0.572888654241201},"steps":{"normal":[1168,20766,151257,198555,61062,7948,1010],"hard":[82,9706,59148,65917,17280,1171,34]},"unsolvedPenalty":{"normal":109.67179883348909,"hard":6.112391954871653},"average":{"normal":3.734433606703956,"hard":3.61446058131876},"percentSolvingInThreeOrFewer":{"normal":0.291026868982205,"hard":0.1158424492950883},"percentiles":{"normal":{"p5":0.63004,"p10":0.7043,"p20":0.77959,"p25":0.80601,"p75":0.92745,"p80":0.93779,"p90":0.9654,"p95":0.98706},"hard":{"p5":0.71962,"p10":0.77949,"p20":0.83507,"p25":0.85105,"p75":0.95138,"p80":0.96227,"p90":0.98817,"p95":1}}}