{"efficiency":{"normal":0.8632032910458491,"hard":0.9039048900018235,"normal-ps":0.8094503571428572,"hard-ps":0.8437004072883173},"luck":{"normal":0.4862293436011305,"hard":0.4687174200250085,"normal-ps":0.48618632554945057,"hard-ps":0.4813772561629153},"steps":{"normal":[587,4222,70589,238566,96671,12560,1039],"hard":[66,1803,27340,92166,30014,2099,58],"normal-ps":[4,12,258,814,313,53,2],"hard-ps":[1,17,191,555,157,11,1]},"unsolvedPenalty":{"normal":94.11076698325758,"hard":1.6230679931478835,"normal-ps":null,"hard-ps":null},"average":{"normal":4.10153003377813,"hard":4.020710136244041,"normal-ps":4.0885989010989015,"hard-ps":3.94962486602358},"percentSolvingInThreeOrFewer":{"normal":0.12996228730592096,"hard":0.05034851493339952,"normal-ps":0.000472270483439508,"hard-ps":0.00036023551474035465},"percentiles":{"normal":{"p5":0.629,"p10":0.69856,"p20":0.7924,"p25":0.81694,"p75":0.94456,"p80":0.95479,"p90":0.97929,"p95":0.99082},"hard":{"p5":0.7192,"p10":0.79841,"p20":0.85664,"p25":0.87,"p75":0.96422,"p80":0.97283,"p90":0.99042,"p95":1},"normal-ps":{"p5":0.52385,"p10":0.5968,"p20":0.67102,"p25":0.71872,"p75":0.91902,"p80":0.93427,"p90":0.96204,"p95":0.98334},"hard-ps":{"p5":0.60578,"p10":0.64432,"p20":0.73032,"p25":0.77848,"p75":0.94466,"p80":0.95542,"p90":0.98098,"p95":0.9958}}}