{"efficiency":{"normal":0.8170331757495802,"hard":0.9118660993300443},"luck":{"normal":0.4686054254977213,"hard":0.44677300393844255},"steps":{"normal":[1101,6712,74628,134027,112383,71316,16733],"hard":[92,2233,28665,43141,37424,24863,6278]},"unsolvedPenalty":{"normal":2607.037881492085,"hard":605.9359827163008},"average":{"normal":4.472837610937875,"hard":4.464617088075349},"percentSolvingInThreeOrFewer":{"normal":0.14732235398394555,"hard":0.055379237878755386},"percentiles":{"normal":{"p5":0.52887,"p10":0.59122,"p20":0.67936,"p25":0.74153,"p75":0.92091,"p80":0.93324,"p90":0.96016,"p95":0.97443},"hard":{"p5":0.76597,"p10":0.81654,"p20":0.86455,"p25":0.88008,"p75":0.96599,"p80":0.97094,"p90":0.98409,"p95":0.99136}}}