{"efficiency":{"normal":0.8329995483226001,"hard":0.87733718800733},"luck":{"normal":0.5565192222118894,"hard":0.5915875294207816},"steps":{"normal":[911,10895,117590,188660,88379,21704,1974],"hard":[111,5959,59818,51827,21437,4132,229]},"unsolvedPenalty":{"normal":205.95658110521492,"hard":14.335995534495614},"average":{"normal":3.9851184525608536,"hard":3.7079103406470133},"percentSolvingInThreeOrFewer":{"normal":0.22559186683192395,"hard":0.11486775060097516},"percentiles":{"normal":{"p5":0.58289,"p10":0.64546,"p20":0.74264,"p25":0.77515,"p75":0.92411,"p80":0.9341,"p90":0.95913,"p95":0.97523},"hard":{"p5":0.66654,"p10":0.72377,"p20":0.80623,"p25":0.83074,"p75":0.94863,"p80":0.95988,"p90":0.98233,"p95":0.99492}}}