{"efficiency":{"normal":0.8827386017334707,"hard":0.913421118035712,"normal-ps":0.7674834538784067,"hard-ps":0.8032343019480519},"luck":{"normal":0.5077077793329805,"hard":0.49785788327019304,"normal-ps":0.5205161949685535,"hard-ps":0.5294478165584415},"steps":{"normal":[815,12610,108800,138765,127729,38896,3192],"hard":[108,5134,37415,50752,47662,13021,585],"normal-ps":[3,57,515,590,543,185,15],"hard-ps":[1,66,358,384,325,92,6]},"unsolvedPenalty":{"normal":287.38279229549136,"hard":11.801936164108826,"normal-ps":1.0835716938902349,"hard-ps":null},"average":{"normal":4.175108864191341,"hard":4.173678902522595,"normal-ps":4.159853249475891,"hard-ps":4.0227272727272725},"percentSolvingInThreeOrFewer":{"normal":0.2076451581118318,"hard":0.07247117903485017,"normal-ps":0.0009768378992718735,"hard-ps":0.00072201062120095},"percentiles":{"normal":{"p5":0.66667,"p10":0.74806,"p20":0.81431,"p25":0.83849,"p75":0.96131,"p80":0.97161,"p90":0.99324,"p95":0.99727},"hard":{"p5":0.76134,"p10":0.81307,"p20":0.86453,"p25":0.88081,"p75":0.96914,"p80":0.97568,"p90":0.9907,"p95":1},"normal-ps":{"p5":0.52658,"p10":0.57931,"p20":0.64308,"p25":0.66377,"p75":0.88605,"p80":0.91354,"p90":0.97328,"p95":0.9986},"hard-ps":{"p5":0.57106,"p10":0.61663,"p20":0.67056,"p25":0.69334,"p75":0.91953,"p80":0.94011,"p90":0.993,"p95":1}}}