{"efficiency":{"normal":0.8191993564266704,"hard":0.8740243645399742},"luck":{"normal":0.544375115979308,"hard":0.5073642838309766},"steps":{"normal":[680,9823,122657,215062,102833,28428,4431],"hard":[75,2220,38585,83390,30776,5940,577]},"unsolvedPenalty":{"normal":163.6198288649535,"hard":16.089253563486913},"average":{"normal":4.059520120990228,"hard":4.007137087412114},"percentSolvingInThreeOrFewer":{"normal":0.27517286129353563,"hard":0.2530282304735614},"percentiles":{"normal":{"p5":0.55679,"p10":0.62236,"p20":0.71025,"p25":0.74877,"p75":0.91909,"p80":0.933,"p90":0.95545,"p95":0.98338},"hard":{"p5":0.65154,"p10":0.71909,"p20":0.80146,"p25":0.82605,"p75":0.95195,"p80":0.96451,"p90":0.99355,"p95":0.9968}}}