{"efficiency": {"normal": 0.8166495971540071, "hard": 0.8766801331350609}, "luck": {"normal": 0.6423775450650342, "hard": 0.6423933860552198}, "steps": {"normal": [1351, 39559, 143612, 137594, 51502, 11546, 1776], "hard": [88, 9508, 34835, 29110, 8157, 952, 46]}, "unsolvedPenalty": {"normal": 179.24579925419337, "hard": 1.358903298271068}, "average": {"normal": 3.6209186070172485, "hard": 3.4689629353692837}, "percentSolvingInThreeOrFewer": {"normal": 0.4768749676952499, "hard": 0.537281126052046}, "percentiles": {"normal": {"p5": 0.54233, "p10": 0.60618, "p20": 0.69108, "p25": 0.73237, "p75": 0.91711, "p80": 0.93597, "p90": 0.99792, "p95": 1}, "hard": {"p5": 0.64737, "p10": 0.71282, "p20": 0.80223, "p25": 0.8259, "p75": 0.96547, "p80": 0.98127, "p90": 1, "p95": 1}}}