{"efficiency":{"normal":0.8505647046153247,"hard":0.9078689914387279},"luck":{"normal":0.5856592975148583,"hard":0.5634630421008358},"steps":{"normal":[1721,33073,150770,170447,91096,14754,1000],"hard":[321,12458,46242,54565,29275,4400,147]},"unsolvedPenalty":{"normal":163.02947448937067,"hard":3.043219625454361},"average":{"normal":3.7850675458173013,"hard":3.771030066210789},"percentSolvingInThreeOrFewer":{"normal":0.3040740382677431,"hard":0.09671150408255896},"percentiles":{"normal":{"p5":0.63246,"p10":0.70392,"p20":0.7763,"p25":0.79762,"p75":0.92467,"p80":0.93448,"p90":0.96184,"p95":0.9954},"hard":{"p5":0.75535,"p10":0.80161,"p20":0.85159,"p25":0.86865,"p75":0.96547,"p80":0.97287,"p90":0.99452,"p95":1}}}