{"efficiency":{"normal":0.7993498085603477,"hard":0.8591681294089151},"luck":{"normal":0.5887535302368453,"hard":0.5746785479799075},"steps":{"normal":[1157,14005,172346,176215,105322,40906,7474],"hard":[114,2568,47710,70188,37933,9514,1092]},"unsolvedPenalty":{"normal":231.735897736855,"hard":25.125139427054513},"average":{"normal":4.011519999802362,"hard":4.041829274885891},"percentSolvingInThreeOrFewer":{"normal":0.3623868193457989,"hard":0.297967703214896},"percentiles":{"normal":{"p5":0.47583,"p10":0.57263,"p20":0.66667,"p25":0.70889,"p75":0.91403,"p80":0.93955,"p90":1,"p95":1},"hard":{"p5":0.62696,"p10":0.6931,"p20":0.78355,"p25":0.81337,"p75":0.93854,"p80":0.95016,"p90":0.97903,"p95":0.9957}}}