{"efficiency":{"normal":0.7525120394586531,"hard":0.8142898633873622},"luck":{"normal":0.4658429580281425,"hard":0.4612553906385025},"steps":{"normal":[1194,2802,30046,88089,121180,103232,25477],"hard":[129,980,10351,29392,41372,41400,9451]},"unsolvedPenalty":{"normal":1241.2493969399331,"hard":317.33843417309805},"average":{"normal":4.912161490182375,"hard":4.9796959654936614},"percentSolvingInThreeOrFewer":{"normal":0.06741092551934129,"hard":0.02269006218435156},"percentiles":{"normal":{"p5":0.46159,"p10":0.5279,"p20":0.60748,"p25":0.64266,"p75":0.88039,"p80":0.89608,"p90":0.93205,"p95":0.95738},"hard":{"p5":0.55156,"p10":0.6207,"p20":0.70294,"p25":0.7366,"p75":0.91692,"p80":0.9297,"p90":0.95761,"p95":0.97784}}}