{"efficiency":{"normal":0.8619257018124228,"hard":0.9178454092282653},"luck":{"normal":0.5998281512088481,"hard":0.5673248298067288},"steps":{"normal":[861,29113,228366,164524,40256,5015,401],"hard":[214,10469,80844,54392,12448,1238,35]},"unsolvedPenalty":{"normal":33.238554934801655,"hard":0.858903298271068},"average":{"normal":3.4927758775311495,"hard":3.452554866595454},"percentSolvingInThreeOrFewer":{"normal":0.5513770553383305,"hard":0.5733337509396141},"percentiles":{"normal":{"p5":0.64109,"p10":0.71822,"p20":0.79096,"p25":0.80573,"p75":0.9411,"p80":0.95464,"p90":0.9733,"p95":0.99392},"hard":{"p5":0.77215,"p10":0.82156,"p20":0.87433,"p25":0.89087,"p75":0.96798,"p80":0.97873,"p90":0.99303,"p95":1}}}