{"efficiency":{"normal":0.7929103455078332,"hard":0.8563732370300907},"luck":{"normal":0.5424937762450123,"hard":0.507962114212428},"steps":{"normal":[1047,6379,86961,192237,109008,25825,3332],"hard":[76,2104,28111,68805,38284,7287,358]},"unsolvedPenalty":{"normal":137.56264439886198,"hard":2.1230679931478833},"average":{"normal":4.151729657834956,"hard":4.144965110185619},"percentSolvingInThreeOrFewer":{"normal":0.16565143913109862,"hard":0.05316212227305672},"percentiles":{"normal":{"p5":0.53593,"p10":0.59813,"p20":0.66667,"p25":0.69153,"p75":0.90536,"p80":0.92115,"p90":0.9558,"p95":0.98232},"hard":{"p5":0.62971,"p10":0.67267,"p20":0.74415,"p25":0.7803,"p75":0.95146,"p80":0.96542,"p90":0.98867,"p95":1}}}