{"efficiency":{"normal":0.8294019415781547,"hard":0.8864949262313875},"luck":{"normal":0.6165424349606776,"hard":0.6322512408989794},"steps":{"normal":[1079,18605,216537,202778,52569,8987,1434],"hard":[118,10129,82452,57895,9885,835,68]},"unsolvedPenalty":{"normal":106.07726377984955,"hard":8.43046544783258},"average":{"normal":3.634281798551406,"hard":3.4337941418860725},"percentSolvingInThreeOrFewer":{"normal":0.3561013405448102,"hard":0.13973743832785387},"percentiles":{"normal":{"p5":0.56163,"p10":0.61314,"p20":0.71863,"p25":0.75884,"p75":0.92876,"p80":0.94054,"p90":0.97004,"p95":0.9904},"hard":{"p5":0.6457,"p10":0.72411,"p20":0.81904,"p25":0.84247,"p75":0.96319,"p80":0.9682,"p90":0.99074,"p95":1}}}