{"efficiency":{"normal":0.790765875532171,"hard":0.8557209761002249,"normal-ps":0.7388327468508736,"hard-ps":0.7969671625},"luck":{"normal":0.6006123392582092,"hard":0.5800083777706393,"normal-ps":0.5923303453880536,"hard-ps":0.59471303125},"steps":{"normal":[659,7843,112320,208732,90188,18447,1978],"hard":[70,3753,47516,75982,25442,2656,227],"normal-ps":[5,40,604,1134,547,117,14],"hard-ps":[3,52,523,750,230,37,5]},"unsolvedPenalty":{"normal":38.2198514718544,"hard":6.36920397944365,"normal-ps":null,"hard-ps":1.309664191517291},"average":{"normal":4.0023876704424115,"hard":3.845634436235143,"normal-ps":4.044697277529459,"hard-ps":3.79875},"percentSolvingInThreeOrFewer":{"normal":0.20141559521844873,"hard":0.08558583337917515,"normal-ps":0.0010818668120268916,"hard-ps":0.0009635115829761839},"percentiles":{"normal":{"p5":0.51046,"p10":0.58013,"p20":0.65503,"p25":0.69044,"p75":0.90442,"p80":0.91518,"p90":0.94286,"p95":0.9698},"hard":{"p5":0.61615,"p10":0.67082,"p20":0.76686,"p25":0.80119,"p75":0.93964,"p80":0.95226,"p90":0.98722,"p95":1},"normal-ps":{"p5":0.45479,"p10":0.50687,"p20":0.58293,"p25":0.60755,"p75":0.86693,"p80":0.88602,"p90":0.93057,"p95":0.95885},"hard-ps":{"p5":0.53135,"p10":0.58944,"p20":0.67167,"p25":0.69903,"p75":0.90518,"p80":0.92215,"p90":0.96079,"p95":0.99552}}}