{"efficiency":{"normal":0.8811297240463237,"hard":0.9178074781366228},"luck":{"normal":0.6356146560236055,"hard":0.6932532182604075},"steps":{"normal":[537,38216,178924,136970,39286,6822,506],"hard":[220,31716,61643,35202,9125,1301,67]},"unsolvedPenalty":{"normal":107.05864050952526,"hard":4.123067993147884},"average":{"normal":3.494025115697186,"hard":3.1823743125062824},"percentSolvingInThreeOrFewer":{"normal":0.4027087877425597,"hard":0.17312228395095988},"percentiles":{"normal":{"p5":0.63691,"p10":0.73076,"p20":0.80764,"p25":0.82774,"p75":0.97999,"p80":0.98576,"p90":1,"p95":1},"hard":{"p5":0.71645,"p10":0.79952,"p20":0.8604,"p25":0.87815,"p75":1,"p80":1,"p90":1,"p95":1}}}