{"efficiency":{"normal":0.7916849750713998,"hard":0.8808513235534154},"luck":{"normal":0.5513308223248373,"hard":0.5368013566065454},"steps":{"normal":[1050,11146,110390,164067,78111,34295,8504],"hard":[69,3854,40088,57740,29446,12766,3072]},"unsolvedPenalty":{"normal":3364.607988105169,"hard":1078.4302012023009},"average":{"normal":4.068396619917363,"hard":4.089209445305912},"percentSolvingInThreeOrFewer":{"normal":0.22103678326721962,"hard":0.07935809592499099},"percentiles":{"normal":{"p5":0.52023,"p10":0.58004,"p20":0.67156,"p25":0.70574,"p75":0.89586,"p80":0.91137,"p90":0.94365,"p95":0.97381},"hard":{"p5":0.68179,"p10":0.7643,"p20":0.82676,"p25":0.84442,"p75":0.94584,"p80":0.9566,"p90":0.9787,"p95":0.9935}}}