{"efficiency":{"normal":0.7510253837942586,"hard":0.7890544020427964,"normal-ps":0.7166009163346614,"hard-ps":0.7550258954748247},"luck":{"normal":0.5636548897110575,"hard":0.5645018056721036,"normal-ps":0.5579403625498008,"hard-ps":0.5401161886551944},"steps":{"normal":[1216,26239,116474,139928,73168,45679,23531],"hard":[78,5564,48581,48547,23925,16730,9109],"normal-ps":[3,156,696,800,429,288,138],"hard-ps":[2,66,478,478,246,220,79]},"unsolvedPenalty":{"normal":14828.799702331322,"hard":6200.914696289422,"normal-ps":88.63598125434973,"hard-ps":47.51647040755878},"average":{"normal":4.091452313698257,"hard":4.102670844915298,"normal-ps":4.105179282868526,"hard-ps":4.145315487571701},"percentSolvingInThreeOrFewer":{"normal":0.2469448014013681,"hard":0.09302936044566525,"normal-ps":0.0014669070907372109,"hard-ps":0.0009367617211023592},"percentiles":{"normal":{"p5":0.41689,"p10":0.47511,"p20":0.56477,"p25":0.61344,"p75":0.90229,"p80":0.92097,"p90":0.97336,"p95":0.99948},"hard":{"p5":0.48719,"p10":0.53327,"p20":0.62348,"p25":0.64894,"p75":0.9315,"p80":0.94534,"p90":0.97269,"p95":0.99832},"normal-ps":{"p5":0.36681,"p10":0.44008,"p20":0.53598,"p25":0.57658,"p75":0.86015,"p80":0.88502,"p90":0.95719,"p95":0.98869},"hard-ps":{"p5":0.4337,"p10":0.49436,"p20":0.58589,"p25":0.62384,"p75":0.89617,"p80":0.91282,"p90":0.95795,"p95":0.99067}}}