{"efficiency":{"normal":0.8539657056824175,"hard":0.9052925100031196},"luck":{"normal":0.6184471469150629,"hard":0.5789472380539016},"steps":{"normal":[1390,31078,186467,155591,62489,12908,1394],"hard":[125,7273,55316,57736,23203,3650,150]},"unsolvedPenalty":{"normal":229.92082875689255,"hard":11.424922365220382},"average":{"normal":3.6416948431496805,"hard":3.7325470994344},"percentSolvingInThreeOrFewer":{"normal":0.3656442475984341,"hard":0.1047386668804361},"percentiles":{"normal":{"p5":0.60992,"p10":0.6878,"p20":0.79187,"p25":0.81297,"p75":0.93281,"p80":0.94706,"p90":0.99211,"p95":1},"hard":{"p5":0.71882,"p10":0.79349,"p20":0.84952,"p25":0.86923,"p75":0.96874,"p80":0.97718,"p90":1,"p95":1}}}