{"efficiency":{"normal":0.7898291216932234,"hard":0.847653436997244},"luck":{"normal":0.5135615335465562,"hard":0.4834604218603545},"steps":{"normal":[686,15884,87546,175716,97357,33031,5927],"hard":[64,3753,36872,65414,27990,7868,999]},"unsolvedPenalty":{"normal":134.4361399135504,"hard":11.51433235967814},"average":{"normal":4.129505254077227,"hard":4.00806508023111},"percentSolvingInThreeOrFewer":{"normal":0.18622287007145222,"hard":0.0727757259240049},"percentiles":{"normal":{"p5":0.47728,"p10":0.56232,"p20":0.6523,"p25":0.68034,"p75":0.92588,"p80":0.94185,"p90":0.97562,"p95":0.99392},"hard":{"p5":0.57376,"p10":0.64754,"p20":0.72189,"p25":0.75055,"p75":0.95669,"p80":0.96959,"p90":0.98592,"p95":0.99914}}}