{"efficiency": {"normal": 0.8164163253455642, "hard": 0.8688604619713849}, "luck": {"normal": 0.6766203483884532, "hard": 0.6677134427356588}, "steps": {"normal": [22249, 56107, 132450, 88214, 47976, 20010, 4647], "hard": [1507, 21258, 25028, 18269, 10302, 4199, 847]}, "unsolvedPenalty": {"normal": 1095.4685498085753, "hard": 171.56275519933973}, "average": {"normal": 3.439319657179704, "hard": 3.377810622223306}, "percentSolvingInThreeOrFewer": {"normal": 0.5672118885089048, "hard": 0.5870654710723499}, "percentiles": {"normal": {"p5": 0.52861, "p10": 0.60141, "p20": 0.68956, "p25": 0.73145, "p75": 0.92825, "p80": 0.94906, "p90": 0.9975, "p95": 0.99957}, "hard": {"p5": 0.65782, "p10": 0.71513, "p20": 0.78281, "p25": 0.81171, "p75": 0.95452, "p80": 0.9729, "p90": 0.99952, "p95": 0.99988}}}