{"efficiency":{"normal":0.8332945841903087,"hard":0.9003262529943162,"normal-ps":0.7834490377113134,"hard-ps":0.824454255319149},"luck":{"normal":0.6399696717652742,"hard":0.6837847816689349,"normal-ps":0.6591161378413524,"hard-ps":0.6928952659574468},"steps":{"normal":[2002,67264,212792,143401,42055,5895,641],"hard":[459,45088,72047,34030,9674,1054,37],"normal-ps":[4,254,698,429,127,24,2],"hard-ps":[4,260,420,205,42,9]},"unsolvedPenalty":{"normal":97.39456048296286,"hard":1.5,"normal-ps":2.735899944745755,"hard-ps":null},"average":{"normal":3.370955867617619,"hard":3.0655455043690845,"normal-ps":3.32444733420026,"hard-ps":3.051063829787234},"percentSolvingInThreeOrFewer":{"normal":0.44146058974519503,"hard":0.1840543417016215,"normal-ps":0.001496274964001753,"hard-ps":0.001070556564202091},"percentiles":{"normal":{"p5":0.59227,"p10":0.63016,"p20":0.73033,"p25":0.76104,"p75":0.93197,"p80":0.94349,"p90":0.9763,"p95":0.99981},"hard":{"p5":0.67991,"p10":0.73297,"p20":0.82437,"p25":0.84854,"p75":0.99725,"p80":1,"p90":1,"p95":1},"normal-ps":{"p5":0.46405,"p10":0.53624,"p20":0.62631,"p25":0.67578,"p75":0.91402,"p80":0.94344,"p90":0.99808,"p95":1},"hard-ps":{"p5":0.48533,"p10":0.50162,"p20":0.66676,"p25":0.71373,"p75":0.98053,"p80":0.99794,"p90":1,"p95":1}}}