{"efficiency":{"normal":0.8044792963005071,"hard":0.8576130450454065},"luck":{"normal":0.504025167511767,"hard":0.47441215871551046},"steps":{"normal":[931,5183,74065,190552,129123,35043,4887],"hard":[83,1722,22047,65667,50065,9216,734]},"unsolvedPenalty":{"normal":291.5896280563265,"hard":18.0605363110704},"average":{"normal":4.276838945860525,"hard":4.295697414703954},"percentSolvingInThreeOrFewer":{"normal":0.13606005484212527,"hard":0.04048000434393072},"percentiles":{"normal":{"p5":0.55585,"p10":0.619,"p20":0.69522,"p25":0.72968,"p75":0.90078,"p80":0.91418,"p90":0.9462,"p95":0.96977},"hard":{"p5":0.64679,"p10":0.70244,"p20":0.77707,"p25":0.80539,"p75":0.93592,"p80":0.94493,"p90":0.9682,"p95":0.98554}}}