{"efficiency":{"normal":0.8394858056740712,"hard":0.8782070230772002},"luck":{"normal":0.5965703624540577,"hard":0.6052761095960498},"steps":{"normal":[604,15678,118808,119393,51909,9215,980],"hard":[60,8686,40381,41561,17333,2247,100]},"unsolvedPenalty":{"normal":112.9075726828846,"hard":1.5},"average":{"normal":3.7517772605087476,"hard":3.6755898448825746},"percentSolvingInThreeOrFewer":{"normal":0.4267073505860948,"hard":0.44511996230791534},"percentiles":{"normal":{"p5":0.55597,"p10":0.63189,"p20":0.73097,"p25":0.76424,"p75":0.91682,"p80":0.92989,"p90":0.96054,"p95":0.99014},"hard":{"p5":0.70009,"p10":0.76333,"p20":0.82255,"p25":0.84327,"p75":0.94903,"p80":0.95928,"p90":0.98195,"p95":0.99854}}}