{"efficiency":{"normal":0.8288599745990004,"hard":0.8683018257475071},"luck":{"normal":0.5218005409416798,"hard":0.49097274168296096},"steps":{"normal":[909,6267,83165,173323,105556,28989,3348],"hard":[63,2506,25939,57965,43103,13015,1120]},"unsolvedPenalty":{"normal":476.6371366047905,"hard":95.12648435299276},"average":{"normal":4.17881058574207,"hard":4.279957692869718},"percentSolvingInThreeOrFewer":{"normal":0.16568305610064737,"hard":0.05228235553028775},"percentiles":{"normal":{"p5":0.58986,"p10":0.66613,"p20":0.7492,"p25":0.77342,"p75":0.91262,"p80":0.92387,"p90":0.9522,"p95":0.97127},"hard":{"p5":0.65921,"p10":0.73098,"p20":0.80618,"p25":0.8279,"p75":0.93733,"p80":0.94857,"p90":0.97053,"p95":0.98763}}}