{"efficiency":{"normal":0.7500231101177556,"hard":0.9015175287171072},"luck":{"normal":0.5629864442614289,"hard":0.586667429159585},"steps":{"normal":[795,22111,114280,129453,77605,43094,15777],"hard":[148,16100,44717,40531,17618,10913,6477]},"unsolvedPenalty":{"normal":11394.998894578468,"hard":4853.434386928473},"average":{"normal":4.085465230215096,"hard":3.817126238058958},"percentSolvingInThreeOrFewer":{"normal":0.25423116337766644,"hard":0.11297618540213888},"percentiles":{"normal":{"p5":0.46604,"p10":0.52712,"p20":0.59689,"p25":0.62499,"p75":0.88521,"p80":0.90355,"p90":0.93893,"p95":0.96237},"hard":{"p5":0.66752,"p10":0.76516,"p20":0.83475,"p25":0.85929,"p75":0.98117,"p80":0.98624,"p90":1,"p95":1}}}