{"efficiency":{"normal":0.7969479727064162,"hard":0.8851180578986924,"normal-ps":0.7582251138088012,"hard-ps":0.8268318160377358},"luck":{"normal":0.5411980569829754,"hard":0.5066282725988276,"normal-ps":0.553855847243298,"hard-ps":0.5125403301886793},"steps":{"normal":[1877,3533,105073,257569,75237,22333,6828],"hard":[172,1432,40213,106540,16100,1323,526],"normal-ps":[11,18,485,1054,305,75,29],"hard-ps":[19,329,785,119,16,4]},"unsolvedPenalty":{"normal":57.704919038020854,"hard":6.352883816971652,"normal-ps":null,"hard-ps":null},"average":{"normal":4.0333571785342395,"hard":3.8568104614459644,"normal-ps":3.979261507334345,"hard-ps":3.8364779874213837},"percentSolvingInThreeOrFewer":{"normal":0.17211341530841892,"hard":0.06515228208981956,"normal-ps":0.0008005420011992555,"hard-ps":0.0005420011992555271},"percentiles":{"normal":{"p5":0.46198,"p10":0.53926,"p20":0.63213,"p25":0.65503,"p75":0.93779,"p80":0.95079,"p90":0.97489,"p95":0.98964},"hard":{"p5":0.61896,"p10":0.66667,"p20":0.829,"p25":0.86478,"p75":0.96685,"p80":0.97398,"p90":0.99005,"p95":1},"normal-ps":{"p5":0.44958,"p10":0.5,"p20":0.60192,"p25":0.6239,"p75":0.90938,"p80":0.92726,"p90":0.96093,"p95":0.98436},"hard-ps":{"p5":0.57794,"p10":0.61455,"p20":0.6595,"p25":0.71626,"p75":0.94162,"p80":0.9534,"p90":0.98284,"p95":0.99984}}}