{"efficiency":{"normal":0.79866548275657,"hard":0.8544802957484763},"luck":{"normal":0.5533577021554963,"hard":0.5699711717704772},"steps":{"normal":[440,3718,78981,170643,91517,22151,2482],"hard":[51,1813,38248,66732,25452,2119,121]},"unsolvedPenalty":{"normal":58.53115288071386,"hard":4.432732184665174},"average":{"normal":4.143380782725754,"hard":3.9100490560428125},"percentSolvingInThreeOrFewer":{"normal":0.16480996198050263,"hard":0.07951982048771206},"percentiles":{"normal":{"p5":0.50032,"p10":0.58126,"p20":0.64784,"p25":0.68523,"p75":0.91943,"p80":0.92852,"p90":0.96257,"p95":0.97878},"hard":{"p5":0.61237,"p10":0.65878,"p20":0.77065,"p25":0.80512,"p75":0.93645,"p80":0.94638,"p90":0.97317,"p95":0.99952}}}