{"efficiency": {"normal": 0.8265203457872947, "hard": 0.8959795061008448}, "luck": {"normal": 0.7229162106927983, "hard": 0.7349932966982892}, "steps": {"normal": [1568, 107988, 158121, 118938, 37882, 7511, 1334], "hard": [120, 23676, 38873, 20899, 4932, 623, 30]}, "unsolvedPenalty": {"normal": 99.50332769824124, "hard": 1}, "average": {"normal": 3.257409859482114, "hard": 3.0991217345462294}, "percentSolvingInThreeOrFewer": {"normal": 0.6177037997701584, "hard": 0.702937646517784}, "percentiles": {"normal": {"p5": 0.5, "p10": 0.50221, "p20": 0.67515, "p25": 0.72997, "p75": 0.98258, "p80": 1, "p90": 1, "p95": 1}, "hard": {"p5": 0.61715, "p10": 0.70005, "p20": 0.82264, "p25": 0.85428, "p75": 1, "p80": 1, "p90": 1, "p95": 1}}}