{"efficiency": {"normal": 0.8540447410732493, "hard": 0.8848928371624665}, "luck": {"normal": 0.534746616797406, "hard": 0.5536591532853371}, "steps": {"normal": [1715, 18705, 148253, 196987, 93907, 21951, 2594], "hard": [200, 9208, 55988, 61508, 25789, 4868, 302]}, "unsolvedPenalty": {"normal": 424.4520493693875, "hard": 17.0989059606458}, "average": {"normal": 3.907474824109647, "hard": 3.7557635348749274}, "percentSolvingInThreeOrFewer": {"normal": 0.34841730839144663, "hard": 0.4142579325111014}, "percentiles": {"normal": {"p5": 0.6364, "p10": 0.71274, "p20": 0.78321, "p25": 0.80521, "p75": 0.93136, "p80": 0.94044, "p90": 0.96386, "p95": 0.98048}, "hard": {"p5": 0.71239, "p10": 0.77274, "p20": 0.82601, "p25": 0.84444, "p75": 0.94493, "p80": 0.95422, "p90": 0.97921, "p95": 0.99528}}}