{"efficiency":{"normal":0.8605120851949073,"hard":0.8939786032629192},"luck":{"normal":0.5854978108425022,"hard":0.5899315723616826},"steps":{"normal":[1074,35506,243100,176684,49794,7507,835],"hard":[211,12752,84927,55178,15960,1583,91]},"unsolvedPenalty":{"normal":93.37603923436892,"hard":17.78932141656301},"average":{"normal":3.5142320233998725,"hard":3.4631157767420215},"percentSolvingInThreeOrFewer":{"normal":0.5435957240038872,"hard":0.5734554955419385},"percentiles":{"normal":{"p5":0.63271,"p10":0.70917,"p20":0.78564,"p25":0.81001,"p75":0.94129,"p80":0.95208,"p90":0.97321,"p95":0.99726},"hard":{"p5":0.69964,"p10":0.77743,"p20":0.8413,"p25":0.86195,"p75":0.95491,"p80":0.96224,"p90":0.98608,"p95":1}}}