{"efficiency":{"normal":0.8708521263302865,"hard":0.8986930389763252},"luck":{"normal":0.5214628350442143,"hard":0.4981342405083491},"steps":{"normal":[1621,9101,125067,222740,96285,22813,2615],"hard":[174,3018,40344,75630,32846,6107,362]},"unsolvedPenalty":{"normal":336.18171283495775,"hard":9.133011263560293},"average":{"normal":4.0040816540678135,"hard":3.995287340509358},"percentSolvingInThreeOrFewer":{"normal":0.2827511962718796,"hard":0.27470800916198157},"percentiles":{"normal":{"p5":0.63358,"p10":0.71185,"p20":0.7977,"p25":0.82306,"p75":0.95488,"p80":0.96353,"p90":0.98053,"p95":0.9941},"hard":{"p5":0.70686,"p10":0.77812,"p20":0.84654,"p25":0.86461,"p75":0.96131,"p80":0.96981,"p90":0.98661,"p95":1}}}