{"efficiency": {"normal": 0.8236638012955013, "hard": 0.8898448094921506}, "luck": {"normal": 0.5494735433306532, "hard": 0.5416249457728572}, "steps": {"normal": [1472, 14518, 151780, 160967, 47512, 11815, 2684], "hard": [152, 7113, 45545, 48104, 11660, 2607, 533]}, "unsolvedPenalty": {"normal": 575.1170286112297, "hard": 107.31159844489841}, "average": {"normal": 3.730100005703449, "hard": 3.640089458479051}, "percentSolvingInThreeOrFewer": {"normal": 0.4293560043813404, "hard": 0.45638384292306894}, "percentiles": {"normal": {"p5": 0.5499, "p10": 0.62179, "p20": 0.71816, "p25": 0.74978, "p75": 0.92695, "p80": 0.94217, "p90": 0.96806, "p95": 0.98196}, "hard": {"p5": 0.71894, "p10": 0.78175, "p20": 0.83663, "p25": 0.85251, "p75": 0.94893, "p80": 0.95803, "p90": 0.9812, "p95": 0.9988}}}