{"efficiency":{"normal":0.8303189382524827,"hard":0.8692154953421538},"luck":{"normal":0.6358634059826012,"hard":0.6622481063647121},"steps":{"normal":[2064,34385,233559,158446,39441,7305,1328],"hard":[291,17907,79871,49253,10120,928,63]},"unsolvedPenalty":{"normal":116.61536747767755,"hard":1.5},"average":{"normal":3.4745966981320673,"hard":3.3411000233537207},"percentSolvingInThreeOrFewer":{"normal":0.5666151831581775,"hard":0.6189935177646071},"percentiles":{"normal":{"p5":0.5725,"p10":0.63472,"p20":0.74474,"p25":0.77864,"p75":0.91893,"p80":0.93249,"p90":0.95826,"p95":0.99722},"hard":{"p5":0.64049,"p10":0.70586,"p20":0.80298,"p25":0.81315,"p75":0.95024,"p80":0.95896,"p90":0.99847,"p95":1}}}