{"efficiency":{"normal":0.800027218873279,"hard":0.8419385252060915},"luck":{"normal":0.5823417351121423,"hard":0.5681941994597937},"steps":{"normal":[1519,28145,180567,183674,61929,17309,3437],"hard":[121,10272,59976,58108,19583,7004,1158]},"unsolvedPenalty":{"normal":874.8865734726511,"hard":203.5895100272824},"average":{"normal":3.7194991115310603,"hard":3.720817743403793},"percentSolvingInThreeOrFewer":{"normal":0.4411242603550296,"hard":0.45044231926361206},"percentiles":{"normal":{"p5":0.53686,"p10":0.60748,"p20":0.69175,"p25":0.71909,"p75":0.90065,"p80":0.91151,"p90":0.9406,"p95":0.97195},"hard":{"p5":0.62449,"p10":0.68193,"p20":0.75413,"p25":0.7832,"p75":0.9254,"p80":0.9367,"p90":0.96676,"p95":0.98672}}}