{"efficiency": {"normal": 0.8464677398647057, "hard": 0.902781013435485}, "luck": {"normal": 0.5275681071430836, "hard": 0.5168084283766813}, "steps": {"normal": [1196, 7495, 113102, 167188, 40083, 5912, 1166], "hard": [94, 1765, 33331, 35496, 5829, 482, 35]}, "unsolvedPenalty": {"normal": 100.60531762163593, "hard": 2.19119895947903}, "average": {"normal": 3.7733862632983137, "hard": 3.60739940802471}, "percentSolvingInThreeOrFewer": {"normal": 0.3623260407803845, "hard": 0.45682313843597466}, "percentiles": {"normal": {"p5": 0.57198, "p10": 0.64282, "p20": 0.74953, "p25": 0.78541, "p75": 0.94824, "p80": 0.96102, "p90": 0.98424, "p95": 0.99335}, "hard": {"p5": 0.69063, "p10": 0.77964, "p20": 0.84133, "p25": 0.86363, "p75": 0.96951, "p80": 0.97798, "p90": 0.99348, "p95": 0.99981}}}