{"efficiency": {"normal": 0.8472930109974985, "hard": 0.8951368987210876}, "luck": {"normal": 0.4867702636035004, "hard": 0.46881325950915104}, "steps": {"normal": [1500, 3007, 85695, 204269, 72099, 14066, 2618], "hard": [130, 869, 27905, 68312, 20624, 2578, 223]}, "unsolvedPenalty": {"normal": 368.55984197700855, "hard": 16.3085748392179}, "average": {"normal": 4.031948942064472, "hard": 3.970427206130911}, "percentSolvingInThreeOrFewer": {"normal": 0.23535827414717134, "hard": 0.23958687345098267}, "percentiles": {"normal": {"p5": 0.60467, "p10": 0.67518, "p20": 0.76976, "p25": 0.79155, "p75": 0.93513, "p80": 0.94554, "p90": 0.96707, "p95": 0.98637}, "hard": {"p5": 0.71435, "p10": 0.77922, "p20": 0.84161, "p25": 0.85468, "p75": 0.9569, "p80": 0.96437, "p90": 0.98815, "p95": 0.9962}}}