{"efficiency": {"normal": 0.8325302841776032, "hard": 0.8848197376256374}, "luck": {"normal": 0.505329601952413, "hard": 0.4949683538749755}, "steps": {"normal": [676, 8206, 75204, 169042, 122247, 41976, 4868], "hard": [106, 3005, 27745, 63777, 37745, 13217, 1175]}, "unsolvedPenalty": {"normal": 300.044739478413, "hard": 49.204826840489744}, "average": {"normal": 4.301878988722626, "hard": 4.229476083851199}, "percentSolvingInThreeOrFewer": {"normal": 0.1991525724801584, "hard": 0.21023369898480615}, "percentiles": {"normal": {"p5": 0.55662, "p10": 0.62772, "p20": 0.7449, "p25": 0.7852, "p75": 0.9239, "p80": 0.93169, "p90": 0.95877, "p95": 0.98058}, "hard": {"p5": 0.64824, "p10": 0.74527, "p20": 0.83238, "p25": 0.85318, "p75": 0.95424, "p80": 0.96304, "p90": 0.98061, "p95": 0.99379}}}