{"efficiency": {"normal": 0.7910897878808172, "hard": 0.8578704640277328}, "luck": {"normal": 0.5511037875259704, "hard": 0.5310170969011024}, "steps": {"normal": [2888, 4864, 72052, 187853, 88388, 17256, 4258], "hard": [108, 1273, 21010, 56664, 23189, 1877, 134]}, "unsolvedPenalty": {"normal": 231.70257064385672, "hard": 2.741140335772557}, "average": {"normal": 4.120409532207268, "hard": 4.033262108679064}, "percentSolvingInThreeOrFewer": {"normal": 0.21136828945939576, "hard": 0.21477147379022588}, "percentiles": {"normal": {"p5": 0.49696, "p10": 0.57614, "p20": 0.64534, "p25": 0.67955, "p75": 0.91133, "p80": 0.92567, "p90": 0.96111, "p95": 0.98377}, "hard": {"p5": 0.61566, "p10": 0.66271, "p20": 0.76134, "p25": 0.80062, "p75": 0.94742, "p80": 0.95798, "p90": 0.98424, "p95": 0.99406}}}