{"efficiency": {"normal": 0.8014518814243256, "hard": 0.8431548945894369}, "luck": {"normal": 0.5396903107623868, "hard": 0.5547570904506098}, "steps": {"normal": [2067, 10644, 98297, 161066, 82954, 25441, 3518], "hard": [106, 2778, 25375, 34671, 15419, 3876, 260]}, "unsolvedPenalty": {"normal": 337.5222490949725, "hard": 9.083367637984184}, "average": {"normal": 4.049328550834, "hard": 3.9116334287159846}, "percentSolvingInThreeOrFewer": {"normal": 0.2890931203400115, "hard": 0.34259562344668726}, "percentiles": {"normal": {"p5": 0.55292, "p10": 0.60732, "p20": 0.68772, "p25": 0.71711, "p75": 0.90311, "p80": 0.91725, "p90": 0.94907, "p95": 0.97112}, "hard": {"p5": 0.61466, "p10": 0.66667, "p20": 0.73969, "p25": 0.77395, "p75": 0.93005, "p80": 0.94189, "p90": 0.96968, "p95": 0.99068}}}