{"efficiency":{"normal":0.8363779937396382,"hard":0.868618556771541},"luck":{"normal":0.4980412634741691,"hard":0.517915268730949},"steps":{"normal":[564,5624,82372,201606,112780,20760,1816],"hard":[84,3035,33213,72084,37822,5580,229]},"unsolvedPenalty":{"normal":140.62374903059276,"hard":8.815601876020045},"average":{"normal":4.151758601785644,"hard":4.066708423065736},"percentSolvingInThreeOrFewer":{"normal":0.20812084921578672,"hard":0.23895242918308154},"percentiles":{"normal":{"p5":0.62782,"p10":0.68923,"p20":0.76022,"p25":0.78303,"p75":0.91268,"p80":0.92393,"p90":0.9514,"p95":0.97569},"hard":{"p5":0.69481,"p10":0.74339,"p20":0.79967,"p25":0.81819,"p75":0.93712,"p80":0.94475,"p90":0.97024,"p95":0.98527}}}