{"efficiency": {"normal": 0.819702169603669, "hard": 0.8640564934108832}, "luck": {"normal": 0.4120732189989246, "hard": 0.4226907072964931}, "steps": {"normal": [1018, 2300, 24583, 110612, 152637, 62070, 9281], "hard": [89, 610, 9226, 37396, 46171, 16540, 1359]}, "unsolvedPenalty": {"normal": 1260.7626746081144, "hard": 88.38401849230519}, "average": {"normal": 4.754877262889228, "hard": 4.65268633927779}, "percentSolvingInThreeOrFewer": {"normal": 0.07696806353637645, "hard": 0.08910055570019122}, "percentiles": {"normal": {"p5": 0.57193, "p10": 0.65578, "p20": 0.74398, "p25": 0.76998, "p75": 0.90193, "p80": 0.91304, "p90": 0.93884, "p95": 0.96209}, "hard": {"p5": 0.66136, "p10": 0.73556, "p20": 0.80465, "p25": 0.82433, "p75": 0.93235, "p80": 0.941, "p90": 0.96126, "p95": 0.97835}}}