{"efficiency": {"normal": 0.7724779002127259, "hard": 0.8665270751172622}, "luck": {"normal": 0.531952087115751, "hard": 0.5475656678950593}, "steps": {"normal": [2668, 13310, 89432, 127851, 93491, 48416, 14670], "hard": [193, 4240, 24311, 27638, 17162, 7743, 2287]}, "unsolvedPenalty": {"normal": 5693.700615466219, "hard": 947.6554842954183}, "average": {"normal": 4.297484341227551, "hard": 4.084794977915325}, "percentSolvingInThreeOrFewer": {"normal": 0.27039436894299684, "hard": 0.34393471653863644}, "percentiles": {"normal": {"p5": 0.47647, "p10": 0.54495, "p20": 0.63141, "p25": 0.67199, "p75": 0.89324, "p80": 0.90804, "p90": 0.94142, "p95": 0.96297}, "hard": {"p5": 0.64785, "p10": 0.70991, "p20": 0.78842, "p25": 0.81667, "p75": 0.94468, "p80": 0.95467, "p90": 0.98047, "p95": 0.99309}}}