{"efficiency": {"normal": 0.8616824353653434, "hard": 0.9110306751318215}, "luck": {"normal": 0.6868521139734473, "hard": 0.6393841731325745}, "steps": {"normal": [995, 84084, 81900, 91617, 47612, 15113, 2763], "hard": [77, 9627, 29853, 22937, 10344, 2373, 313]}, "unsolvedPenalty": {"normal": 604.3663851978355, "hard": 47.119714677824916}, "average": {"normal": 3.4867946778773335, "hard": 3.5595852936110086}, "percentSolvingInThreeOrFewer": {"normal": 0.5152337048419545, "hard": 0.5237672792754621}, "percentiles": {"normal": {"p5": 0.58691, "p10": 0.67031, "p20": 0.76506, "p25": 0.79143, "p75": 0.99985, "p80": 1, "p90": 1, "p95": 1}, "hard": {"p5": 0.73047, "p10": 0.79266, "p20": 0.84797, "p25": 0.8684, "p75": 0.97126, "p80": 0.99358, "p90": 1, "p95": 1}}}