{"efficiency": {"normal": 0.7899922513789643, "hard": 0.8259686488068859}, "luck": {"normal": 0.3984992944607387, "hard": 0.3984162893741227}, "steps": {"normal": [2038, 2765, 22329, 88899, 132856, 84513, 16686], "hard": [130, 715, 8477, 31567, 43863, 25617, 4071]}, "unsolvedPenalty": {"normal": 1716.2902732201312, "hard": 235.3565507038429}, "average": {"normal": 4.913156453766275, "hard": 4.849775922323522}, "percentSolvingInThreeOrFewer": {"normal": 0.07750095690773125, "hard": 0.08145753233135268}, "percentiles": {"normal": {"p5": 0.52531, "p10": 0.59378, "p20": 0.67241, "p25": 0.70709, "p75": 0.89339, "p80": 0.90549, "p90": 0.93016, "p95": 0.94927}, "hard": {"p5": 0.58714, "p10": 0.65263, "p20": 0.7352, "p25": 0.76741, "p75": 0.9106, "p80": 0.92113, "p90": 0.94455, "p95": 0.96126}}}