{"efficiency":{"normal":0.8537052965475135,"hard":0.9020364839827869},"luck":{"normal":0.6310183605251215,"hard":0.6097772415109568},"steps":{"normal":[1109,38052,208477,173969,46711,6411,762],"hard":[202,18827,76131,54862,11444,847,40]},"unsolvedPenalty":{"normal":100.49233689995572,"hard":0.5},"average":{"normal":3.5247260039346697,"hard":3.377082653230923},"percentSolvingInThreeOrFewer":{"normal":0.5208048101856817,"hard":0.5861302224165861},"percentiles":{"normal":{"p5":0.61967,"p10":0.68286,"p20":0.77582,"p25":0.79705,"p75":0.93736,"p80":0.94899,"p90":0.97299,"p95":0.99915},"hard":{"p5":0.72803,"p10":0.77723,"p20":0.83466,"p25":0.85653,"p75":0.97124,"p80":0.98024,"p90":1,"p95":1}}}