{"efficiency":{"normal":0.86747173994986,"hard":0.9148651221038522},"luck":{"normal":0.6821634011532636,"hard":0.6445063744472077},"steps":{"normal":[983,91734,186105,148253,45895,7814,1015],"hard":[176,18199,75666,55040,11437,1074,32]},"unsolvedPenalty":{"normal":98.84380943555705,"hard":3},"average":{"normal":3.3610298979645776,"hard":3.3880364302331336},"percentSolvingInThreeOrFewer":{"normal":0.5787102090290764,"hard":0.581850467752314},"percentiles":{"normal":{"p5":0.53578,"p10":0.66384,"p20":0.78847,"p25":0.82182,"p75":0.96755,"p80":1,"p90":1,"p95":1},"hard":{"p5":0.74135,"p10":0.80963,"p20":0.8686,"p25":0.88247,"p75":0.97315,"p80":0.9927,"p90":1,"p95":1}}}