{"efficiency": {"normal": 0.8501831676487032, "hard": 0.9070420658918611}, "luck": {"normal": 0.509975594636264, "hard": 0.48819997754613786}, "steps": {"normal": [741, 4499, 55179, 148065, 88825, 16926, 1800], "hard": [73, 1016, 11623, 36164, 21168, 3236, 202]}, "unsolvedPenalty": {"normal": 240.1160707310276, "hard": 9.982280671545112}, "average": {"normal": 4.195918540891772, "hard": 4.195721160021114}, "percentSolvingInThreeOrFewer": {"normal": 0.19117819228882876, "hard": 0.1729947470128739}, "percentiles": {"normal": {"p5": 0.65497, "p10": 0.71838, "p20": 0.77676, "p25": 0.8004, "p75": 0.92407, "p80": 0.93236, "p90": 0.96259, "p95": 0.98545}, "hard": {"p5": 0.76502, "p10": 0.81047, "p20": 0.85484, "p25": 0.86796, "p75": 0.96367, "p80": 0.97172, "p90": 0.99331, "p95": 0.99964}}}