{"efficiency":{"normal":0.8433547609958607,"hard":0.8902057767236213},"luck":{"normal":0.6366079237976944,"hard":0.5820095980262948},"steps":{"normal":[1080,51147,240753,174860,49575,8678,915],"hard":[184,16338,70813,62598,16123,2243,116]},"unsolvedPenalty":{"normal":69.33229699614388,"hard":3.3411839698161816},"average":{"normal":3.475260968138996,"hard":3.506690859982602},"percentSolvingInThreeOrFewer":{"normal":0.5559308397595483,"hard":0.5185701986165128},"percentiles":{"normal":{"p5":0.59437,"p10":0.67371,"p20":0.7707,"p25":0.79337,"p75":0.92294,"p80":0.93388,"p90":0.96942,"p95":1},"hard":{"p5":0.70916,"p10":0.77773,"p20":0.83267,"p25":0.85162,"p75":0.95156,"p80":0.9603,"p90":0.99616,"p95":1}}}