{"efficiency": {"normal": 0.8790468558988703, "hard": 0.9083463678079309}, "luck": {"normal": 0.5298280582834999, "hard": 0.5507152906586693}, "steps": {"normal": [2387, 23489, 147412, 178840, 45916, 6159, 1349], "hard": [235, 10219, 50041, 46430, 9715, 936, 97]}, "unsolvedPenalty": {"normal": 364.33872800403935, "hard": 19.72640213109365}, "average": {"normal": 3.6574898871858705, "hard": 3.496177767220442}, "percentSolvingInThreeOrFewer": {"normal": 0.4272892255493747, "hard": 0.5140941422416357}, "percentiles": {"normal": {"p5": 0.66667, "p10": 0.74691, "p20": 0.81988, "p25": 0.84044, "p75": 0.95121, "p80": 0.96089, "p90": 0.98075, "p95": 0.99527}, "hard": {"p5": 0.76764, "p10": 0.81436, "p20": 0.86037, "p25": 0.87595, "p75": 0.96113, "p80": 0.97199, "p90": 0.99343, "p95": 1}}}