{"efficiency":{"normal":0.835126699931189,"hard":0.8882246169317005},"luck":{"normal":0.5398632608956105,"hard":0.5221150693074428},"steps":{"normal":[1336,8806,117734,164233,129732,30071,5030],"hard":[79,3029,37849,62570,43878,8725,996]},"unsolvedPenalty":{"normal":576.929868787038,"hard":49.210551143778844},"average":{"normal":4.144847551480904,"hard":4.128694236161703},"percentSolvingInThreeOrFewer":{"normal":0.2798517098450132,"hard":0.2606634166210557},"percentiles":{"normal":{"p5":0.60286,"p10":0.66667,"p20":0.75009,"p25":0.77741,"p75":0.92337,"p80":0.9362,"p90":0.96046,"p95":0.97609},"hard":{"p5":0.70479,"p10":0.76048,"p20":0.82908,"p25":0.8506,"p75":0.95297,"p80":0.96037,"p90":0.98156,"p95":0.99809}}}