{"efficiency": {"normal": 0.840929414876469, "hard": 0.8779162315732674}, "luck": {"normal": 0.6064850659496082, "hard": 0.571037017002404}, "steps": {"normal": [687, 32371, 131705, 111590, 38504, 8399, 774], "hard": [136, 7062, 43903, 43233, 14395, 2595, 129]}, "unsolvedPenalty": {"normal": 63.77459567133492, "hard": 8.106904709294879}, "average": {"normal": 3.565409914500729, "hard": 3.654967626754859}, "percentSolvingInThreeOrFewer": {"normal": 0.5084806962318303, "hard": 0.45849820103541405}, "percentiles": {"normal": {"p5": 0.58544, "p10": 0.65595, "p20": 0.74998, "p25": 0.78107, "p75": 0.92841, "p80": 0.94416, "p90": 0.99863, "p95": 1}, "hard": {"p5": 0.67158, "p10": 0.74178, "p20": 0.81211, "p25": 0.83442, "p75": 0.94967, "p80": 0.96045, "p90": 0.98136, "p95": 1}}}