{"efficiency": {"normal": 0.7576363637784636, "hard": 0.8267684274118013}, "luck": {"normal": 0.47027645524489486, "hard": 0.4599239125176236}, "steps": {"normal": [2787, 3310, 31638, 130922, 122020, 57011, 17236], "hard": [66, 451, 9240, 36976, 25269, 7302, 887]}, "unsolvedPenalty": {"normal": 748.3179095177975, "hard": 34.0809396801447}, "average": {"normal": 4.662821074825218, "hard": 4.40189149579978}, "percentSolvingInThreeOrFewer": {"normal": 0.10340509256721947, "hard": 0.12167200808070731}, "percentiles": {"normal": {"p5": 0.45804, "p10": 0.535, "p20": 0.61868, "p25": 0.64787, "p75": 0.89034, "p80": 0.90641, "p90": 0.94355, "p95": 0.96799}, "hard": {"p5": 0.58418, "p10": 0.64185, "p20": 0.70609, "p25": 0.74032, "p75": 0.92544, "p80": 0.93808, "p90": 0.96459, "p95": 0.98711}}}