{"efficiency": {"normal": 0.8514013348203454, "hard": 0.9129054947539063}, "luck": {"normal": 0.6403150925248751, "hard": 0.645345558931216}, "steps": {"normal": [0, 16307, 196663, 176719, 26990, 5568, 1852], "hard": [0, 3965, 41561, 36470, 2738, 170, 14]}, "unsolvedPenalty": {"normal": 289.5146395446645, "hard": 3.1038908423907836}, "average": {"normal": 3.5630607821276277, "hard": 3.4539685801696036}, "percentSolvingInThreeOrFewer": {"normal": 0.5021704837785517, "hard": 0.5361171954120446}, "percentiles": {"normal": {"p5": 0.59454, "p10": 0.6618, "p20": 0.77923, "p25": 0.80817, "p75": 0.93283, "p80": 0.94486, "p90": 0.97131, "p95": 0.99578}, "hard": {"p5": 0.73302, "p10": 0.79389, "p20": 0.86357, "p25": 0.88262, "p75": 0.9751, "p80": 0.98462, "p90": 0.9992, "p95": 1}}}