{"efficiency": {"normal": 0.781013742278998, "hard": 0.8447780946216681}, "luck": {"normal": 0.5967413611789251, "hard": 0.5987048115485963}, "steps": {"normal": [1291, 26614, 120631, 126148, 71702, 27894, 5049], "hard": [99, 8238, 34715, 34156, 18623, 6685, 1011]}, "unsolvedPenalty": {"normal": 954.4636470159185, "hard": 136.82136912709774}, "average": {"normal": 3.909997557916784, "hard": 3.8423099420356728}, "percentSolvingInThreeOrFewer": {"normal": 0.3915756506884525, "hard": 0.4158528692997962}, "percentiles": {"normal": {"p5": 0.53446, "p10": 0.59337, "p20": 0.68607, "p25": 0.71593, "p75": 0.86989, "p80": 0.8848, "p90": 0.92453, "p95": 0.95723}, "hard": {"p5": 0.65102, "p10": 0.71867, "p20": 0.77842, "p25": 0.79653, "p75": 0.91363, "p80": 0.92907, "p90": 0.96914, "p95": 0.99956}}}