{"efficiency":{"normal":0.8061039437518093,"hard":0.8697160799090059},"luck":{"normal":0.4074368945454592,"hard":0.4215451123032364},"steps":{"normal":[1623,2894,53514,163046,156816,93712,18750],"hard":[111,1016,23131,56048,47951,29681,5545]},"unsolvedPenalty":{"normal":3062.235420308654,"hard":728.8302856785709},"average":{"normal":4.692113337113537,"hard":4.606673662005704},"percentSolvingInThreeOrFewer":{"normal":0.11834487259230557,"hard":0.14838240061657787},"percentiles":{"normal":{"p5":0.50265,"p10":0.58062,"p20":0.679,"p25":0.71926,"p75":0.91695,"p80":0.9281,"p90":0.95283,"p95":0.969},"hard":{"p5":0.65891,"p10":0.72402,"p20":0.81039,"p25":0.83488,"p75":0.93758,"p80":0.94586,"p90":0.96599,"p95":0.97995}}}