{"efficiency": {"normal": 0.8411269300021, "hard": 0.8825337907435116}, "luck": {"normal": 0.4892781872129108, "hard": 0.47839842782920194}, "steps": {"normal": [1136, 8323, 108077, 167301, 71280, 16307, 2008], "hard": [96, 2172, 29021, 36968, 12683, 2564, 216]}, "unsolvedPenalty": {"normal": 223.83512699846526, "hard": 15.25845440817654}, "average": {"normal": 3.9519561232132894, "hard": 3.8186963503871025}, "percentSolvingInThreeOrFewer": {"normal": 0.3139047944620118, "hard": 0.37373387482083137}, "percentiles": {"normal": {"p5": 0.59952, "p10": 0.67446, "p20": 0.76046, "p25": 0.7855, "p75": 0.92819, "p80": 0.94051, "p90": 0.96669, "p95": 0.98469}, "hard": {"p5": 0.69212, "p10": 0.76428, "p20": 0.82237, "p25": 0.83921, "p75": 0.9485, "p80": 0.95991, "p90": 0.98139, "p95": 0.99441}}}