{"efficiency": {"normal": 0.8287605284637442, "hard": 0.8681822574864432}, "luck": {"normal": 0.6070540451756061, "hard": 0.6204482910755126}, "steps": {"normal": [834, 12236, 113092, 118475, 30984, 4402, 522], "hard": [93, 3316, 32153, 26453, 5076, 408, 21]}, "unsolvedPenalty": {"normal": 34.28955907878394, "hard": 1.4194164817437822}, "average": {"normal": 3.6482642341124554, "hard": 3.509662609841258}, "percentSolvingInThreeOrFewer": {"normal": 0.44970325616211304, "hard": 0.5266883886255924}}