{"efficiency": {"normal": 0.8116386341817757, "hard": 0.8544094481993322}, "luck": {"normal": 0.3702499646601267, "hard": 0.3763772299001181}, "steps": {"normal": [1264, 1877, 15488, 99964, 153244, 71964, 11593], "hard": [51, 245, 4687, 27884, 32743, 12572, 1115]}, "unsolvedPenalty": {"normal": 1254.0277484613953, "hard": 60.90699528248887}, "average": {"normal": 4.872752572492674, "hard": 4.705738010205714}, "percentSolvingInThreeOrFewer": {"normal": 0.05241787987416782, "hard": 0.06283970389800371}, "percentiles": {"normal": {"p5": 0.5571, "p10": 0.62562, "p20": 0.71424, "p25": 0.7484, "p75": 0.90536, "p80": 0.91777, "p90": 0.94486, "p95": 0.96515}, "hard": {"p5": 0.643, "p10": 0.70605, "p20": 0.79325, "p25": 0.81616, "p75": 0.92415, "p80": 0.93402, "p90": 0.95755, "p95": 0.97598}}}