{"efficiency": {"normal": 0.8246745594822865, "hard": 0.8616234510611086}, "luck": {"normal": 0.5355778723694863, "hard": 0.5208396135048271}, "steps": {"normal": [963, 11734, 97155, 126928, 76422, 26524, 4264], "hard": [51, 3098, 23162, 26563, 18160, 6264, 448]}, "unsolvedPenalty": {"normal": 503.29265961297017, "hard": 27.057637806300477}, "average": {"normal": 4.055970501059953, "hard": 4.03277413163129}, "percentSolvingInThreeOrFewer": {"normal": 0.3193464926305997, "hard": 0.33842255550124767}, "percentiles": {"normal": {"p5": 0.58125, "p10": 0.65344, "p20": 0.73928, "p25": 0.76864, "p75": 0.91075, "p80": 0.9235, "p90": 0.95543, "p95": 0.97666}, "hard": {"p5": 0.65992, "p10": 0.72589, "p20": 0.79513, "p25": 0.81414, "p75": 0.93246, "p80": 0.94452, "p90": 0.97129, "p95": 0.98602}}}