{"efficiency":{"normal":0.8327291317630929,"hard":0.8744104963842102},"luck":{"normal":0.7204509190353428,"hard":0.7081995601086943},"steps":{"normal":[7676,77927,270324,142895,46359,12843,2415],"hard":[1580,24777,83645,45253,14643,4469,698]},"unsolvedPenalty":{"normal":145.51830440678526,"hard":30.99663429565353},"average":{"normal":3.3402127944422264,"hard":3.3589066725747334},"percentSolvingInThreeOrFewer":{"normal":0.6350860664586154,"hard":0.628349470196784},"percentiles":{"normal":{"p5":0.52438,"p10":0.603,"p20":0.69539,"p25":0.75,"p75":0.94709,"p80":0.98526,"p90":1,"p95":1},"hard":{"p5":0.62318,"p10":0.70153,"p20":0.78525,"p25":0.81754,"p75":0.97446,"p80":0.99698,"p90":1,"p95":1}}}