{"efficiency":{"normal":0.8541420339755401,"hard":0.904692275876579},"luck":{"normal":0.5812120845208499,"hard":0.5259290306978195},"steps":{"normal":[1746,97118,178175,158275,84164,33008,4426],"hard":[185,12368,65313,55101,28444,12627,1896]},"unsolvedPenalty":{"normal":784.7581796743103,"hard":163.11373933224195},"average":{"normal":3.6168043751610206,"hard":3.8234855897059816},"percentSolvingInThreeOrFewer":{"normal":0.49745561237682073,"hard":0.44258642445462504},"percentiles":{"normal":{"p5":0.59992,"p10":0.67474,"p20":0.7575,"p25":0.78496,"p75":0.96008,"p80":0.98741,"p90":1,"p95":1},"hard":{"p5":0.75061,"p10":0.8041,"p20":0.84801,"p25":0.86136,"p75":0.96924,"p80":0.98168,"p90":0.9992,"p95":1}}}