{"efficiency":{"normal":0.8022078206017237,"hard":0.8463925026687478},"luck":{"normal":0.49781791744737014,"hard":0.48523542263384456},"steps":{"normal":[887,3942,72932,203474,111825,25723,2756],"hard":[110,1487,26215,75877,34573,5654,324]},"unsolvedPenalty":{"normal":119.22111855396298,"hard":18.994163268260422},"average":{"normal":4.209188760989028,"hard":4.1203063932561586},"percentSolvingInThreeOrFewer":{"normal":0.184469289911491,"hard":0.1928175263449806},"percentiles":{"normal":{"p5":0.52845,"p10":0.59449,"p20":0.67007,"p25":0.70659,"p75":0.91404,"p80":0.92642,"p90":0.95334,"p95":0.97549},"hard":{"p5":0.60332,"p10":0.66267,"p20":0.75091,"p25":0.78581,"p75":0.93283,"p80":0.94385,"p90":0.97238,"p95":0.99417}}}