{"efficiency": {"normal": 0.8133725763202148, "hard": 0.8750670033226888}, "luck": {"normal": 0.6173503517638621, "hard": 0.6088320243215537}, "steps": {"normal": [2075, 21045, 123745, 164206, 65882, 16218, 4806], "hard": [143, 7076, 43849, 49060, 15565, 2497, 380]}, "unsolvedPenalty": {"normal": 364.6549149500467, "hard": 7.387372163558072}, "average": {"normal": 3.8518523807027796, "hard": 3.6902790534887706}, "percentSolvingInThreeOrFewer": {"normal": 0.3690288634770351, "hard": 0.43069916505018135}, "percentiles": {"normal": {"p5": 0.52218, "p10": 0.60236, "p20": 0.70266, "p25": 0.74084, "p75": 0.91457, "p80": 0.92398, "p90": 0.96032, "p95": 0.98526}, "hard": {"p5": 0.63829, "p10": 0.70904, "p20": 0.80302, "p25": 0.83335, "p75": 0.95379, "p80": 0.96429, "p90": 0.98801, "p95": 1}}}