{"efficiency": {"normal": 0.7815962296865628, "hard": 0.8325949140984907}, "luck": {"normal": 0.7114614114609366, "hard": 0.7600638123203962}, "steps": {"normal": [0, 59444, 168441, 144404, 45852, 9865, 2739], "hard": [0, 19659, 38967, 22440, 4999, 560, 42]}, "unsolvedPenalty": {"normal": 295.3795889438401, "hard": 3.678258394463064}, "average": {"normal": 3.5049632139408327, "hard": 3.168814869078132}, "percentSolvingInThreeOrFewer": {"normal": 0.5290485089786301, "hard": 0.6764512444182907}, "percentiles": {"normal": {"p5": 0.4297, "p10": 0.5, "p20": 0.55463, "p25": 0.61997, "p75": 0.94534, "p80": 0.96705, "p90": 1, "p95": 1}, "hard": {"p5": 0.5, "p10": 0.5, "p20": 0.61938, "p25": 0.72211, "p75": 0.99832, "p80": 1, "p90": 1, "p95": 1}}}