{"efficiency": {"normal": 0.8284416238460258, "hard": 0.8880568332465157}, "luck": {"normal": 0.6454500863011443, "hard": 0.6491411852708351}, "steps": {"normal": [1351, 33000, 167166, 129466, 42650, 8912, 1453], "hard": [187, 11538, 53873, 35218, 10592, 1781, 109]}, "unsolvedPenalty": {"normal": 185.7815245868169, "hard": 8.165910113876219}, "average": {"normal": 3.5515595954265042, "hard": 3.4437604009789573}, "percentSolvingInThreeOrFewer": {"normal": 0.5247865874301428, "hard": 0.5789863898744902}, "percentiles": {"normal": {"p5": 0.57812, "p10": 0.66216, "p20": 0.73983, "p25": 0.77209, "p75": 0.91021, "p80": 0.92612, "p90": 0.95998, "p95": 0.99992}, "hard": {"p5": 0.69679, "p10": 0.75981, "p20": 0.82665, "p25": 0.83987, "p75": 0.95575, "p80": 0.97318, "p90": 0.99724, "p95": 1}}}