{"efficiency": {"normal": 0.8454749840287584, "hard": 0.8798583773221467}, "luck": {"normal": 0.6531160017177392, "hard": 0.635728425588411}, "steps": {"normal": [1533, 22244, 127716, 97603, 33749, 6302, 740], "hard": [273, 6241, 28670, 24993, 7424, 901, 72]}, "unsolvedPenalty": {"normal": 59.59609324027138, "hard": 2.858903298271068}, "average": {"normal": 3.557860808153661, "hard": 3.525678229406164}, "percentSolvingInThreeOrFewer": {"normal": 0.5225932863495086, "hard": 0.5130807594715198}}