{"efficiency":{"normal":0.8145287236290889,"hard":0.859987344691665},"luck":{"normal":0.572804343332709,"hard":0.5344204172814833},"steps":{"normal":[950,17926,154038,169537,70798,26152,6157],"hard":[122,6777,47854,55417,27655,12128,2534]},"unsolvedPenalty":{"normal":1076.337716660265,"hard":348.9210378711005},"average":{"normal":3.8875776839752856,"hard":3.9874607083742952},"percentSolvingInThreeOrFewer":{"normal":0.38808415514927347,"hard":0.35906667453618996},"percentiles":{"normal":{"p5":0.55916,"p10":0.6316,"p20":0.71802,"p25":0.74969,"p75":0.90981,"p80":0.92306,"p90":0.94964,"p95":0.97435},"hard":{"p5":0.64463,"p10":0.70953,"p20":0.78982,"p25":0.81136,"p75":0.93418,"p80":0.94516,"p90":0.97594,"p95":1}}}