{"efficiency": {"normal": 0.8415432423338598, "hard": 0.8901547754157282}, "luck": {"normal": 0.669617169343705, "hard": 0.6721474568705967}, "steps": {"normal": [772, 31293, 145598, 121963, 33454, 5979, 573], "hard": [207, 13786, 53289, 38010, 8999, 1424, 97]}, "unsolvedPenalty": {"normal": 43.1516892146449, "hard": 7.500956420415003}, "average": {"normal": 3.5191093645157543, "hard": 3.4013012551067283}, "percentSolvingInThreeOrFewer": {"normal": 0.523104418900457, "hard": 0.5809587952889165}, "percentiles": {"normal": {"p5": 0.57297, "p10": 0.64353, "p20": 0.73728, "p25": 0.77218, "p75": 0.94527, "p80": 0.97455, "p90": 1, "p95": 1}, "hard": {"p5": 0.64388, "p10": 0.72935, "p20": 0.82564, "p25": 0.83702, "p75": 0.97694, "p80": 0.99307, "p90": 1, "p95": 1}}}