{"efficiency": {"normal": 0.8066302983369928, "hard": 0.8690188131481329}, "luck": {"normal": 0.5688091620138338, "hard": 0.5431320642979994}, "steps": {"normal": [981, 5528, 107490, 151333, 69709, 14585, 3013], "hard": [79, 1807, 33487, 51393, 18172, 1648, 155]}, "unsolvedPenalty": {"normal": 124.10887035272563, "hard": 4.2788276991113925}, "average": {"normal": 3.9618678276377617, "hard": 3.8557187849813954}, "percentSolvingInThreeOrFewer": {"normal": 0.3232739430409002, "hard": 0.3313909369408194}, "percentiles": {"normal": {"p5": 0.5, "p10": 0.58494, "p20": 0.65703, "p25": 0.68944, "p75": 0.93338, "p80": 0.94324, "p90": 0.96946, "p95": 0.98222}, "hard": {"p5": 0.63198, "p10": 0.67849, "p20": 0.78381, "p25": 0.81922, "p75": 0.95295, "p80": 0.96321, "p90": 0.98017, "p95": 0.99884}}}