{"efficiency": {"normal": 0.7956854190930335, "hard": 0.8322990461302524}, "luck": {"normal": 0.5750013506530155, "hard": 0.6101103866907146}, "steps": {"normal": [1976, 12387, 122539, 186564, 63405, 13081, 2938], "hard": [132, 6707, 52691, 49701, 11294, 1767, 204]}, "unsolvedPenalty": {"normal": 224.54254087377453, "hard": 9.870943237897812}, "average": {"normal": 3.864391130434793, "hard": 3.583242480923768}, "percentSolvingInThreeOrFewer": {"normal": 0.33979994539452457, "hard": 0.485975052246604}, "percentiles": {"normal": {"p5": 0.51553, "p10": 0.58764, "p20": 0.66303, "p25": 0.70348, "p75": 0.90678, "p80": 0.92242, "p90": 0.95425, "p95": 0.97716}, "hard": {"p5": 0.5781, "p10": 0.63461, "p20": 0.73475, "p25": 0.77485, "p75": 0.9295, "p80": 0.93991, "p90": 0.96833, "p95": 0.9922}}}