{"efficiency": {"normal": 0.8001064463084109, "hard": 0.8324437663745662}, "luck": {"normal": 0.39252110214697433, "hard": 0.3894008243727707}, "steps": {"normal": [1544, 2405, 23853, 103151, 124262, 70790, 20799], "hard": [61, 381, 5701, 23266, 28032, 16815, 4142]}, "unsolvedPenalty": {"normal": 2900.4546250406556, "hard": 599.4798978260283}, "average": {"normal": 4.858826468625047, "hard": 4.867898159364091}, "percentSolvingInThreeOrFewer": {"normal": 0.080166318727581, "hard": 0.07835659072935534}, "percentiles": {"normal": {"p5": 0.52043, "p10": 0.59455, "p20": 0.68898, "p25": 0.72562, "p75": 0.90187, "p80": 0.91437, "p90": 0.9429, "p95": 0.9618}, "hard": {"p5": 0.56517, "p10": 0.63788, "p20": 0.72524, "p25": 0.76674, "p75": 0.92705, "p80": 0.93794, "p90": 0.96082, "p95": 0.97726}}}