{"efficiency":{"normal":0.8653209396141713,"hard":0.8923046209970279},"luck":{"normal":0.4868568976899819,"hard":0.5054125414083729},"steps":{"normal":[1220,6270,121285,271206,118367,20867,2421],"hard":[135,2833,47535,84379,33806,5901,434]},"unsolvedPenalty":{"normal":465.2700994188377,"hard":34.78175364776581},"average":{"normal":4.056023362737002,"hard":3.9619408977885633},"percentSolvingInThreeOrFewer":{"normal":0.23775192195496606,"hard":0.2885506476291687},"percentiles":{"normal":{"p5":0.6717,"p10":0.73933,"p20":0.80308,"p25":0.82391,"p75":0.93511,"p80":0.94586,"p90":0.96574,"p95":0.98185},"hard":{"p5":0.7406,"p10":0.78576,"p20":0.83979,"p25":0.8571,"p75":0.94968,"p80":0.95735,"p90":0.97624,"p95":0.98849}}}