{"efficiency": {"normal": 0.7935406665782889, "hard": 0.8365839337965394}, "luck": {"normal": 0.5303586915720438, "hard": 0.5355625428852662}, "steps": {"normal": [902, 6133, 61621, 116127, 82554, 29359, 4975], "hard": [113, 1714, 16618, 28681, 18326, 5814, 841]}, "unsolvedPenalty": {"normal": 433.60512965436027, "hard": 52.60340113320067}, "average": {"normal": 4.265314216910656, "hard": 4.168424749346571}, "percentSolvingInThreeOrFewer": {"normal": 0.2275856810896639, "hard": 0.2558004077274051}, "percentiles": {"normal": {"p5": 0.55073, "p10": 0.61057, "p20": 0.69592, "p25": 0.72559, "p75": 0.8868, "p80": 0.90164, "p90": 0.93163, "p95": 0.95742}, "hard": {"p5": 0.62237, "p10": 0.68035, "p20": 0.75864, "p25": 0.7812, "p75": 0.91596, "p80": 0.92977, "p90": 0.96042, "p95": 0.98994}}}