{"efficiency": {"normal": 0.8033916375754743, "hard": 0.8820478912325821}, "luck": {"normal": 0.6272025190860868, "hard": 0.6017212522937105}, "steps": {"normal": [1965, 33375, 142496, 129992, 62032, 14699, 1980], "hard": [240, 9879, 37768, 43464, 19213, 3624, 254]}, "unsolvedPenalty": {"normal": 250.5804960092255, "hard": 9.964561343090226}, "average": {"normal": 3.695967497447888, "hard": 3.7290065234908782}, "percentSolvingInThreeOrFewer": {"normal": 0.4600725929337014, "hard": 0.4184390346201569}, "percentiles": {"normal": {"p5": 0.53314, "p10": 0.62641, "p20": 0.71666, "p25": 0.74581, "p75": 0.89119, "p80": 0.91004, "p90": 0.95838, "p95": 0.99734}, "hard": {"p5": 0.67586, "p10": 0.7529, "p20": 0.82295, "p25": 0.84363, "p75": 0.94794, "p80": 0.95904, "p90": 0.99004, "p95": 1}}}