{"efficiency": {"normal": 0.8056280947705361, "hard": 0.8476973510567395}, "luck": {"normal": 0.5029917631113692, "hard": 0.49127326057438886}, "steps": {"normal": [2107, 11352, 77998, 150953, 114277, 34433, 5093], "hard": [107, 3135, 23892, 44460, 30319, 7343, 460]}, "unsolvedPenalty": {"normal": 950.2268247325516, "hard": 28.909980282399445}, "average": {"normal": 4.233079749591085, "hard": 4.145201337820212}, "percentSolvingInThreeOrFewer": {"normal": 0.23082786279097353, "hard": 0.2473112399285428}, "percentiles": {"normal": {"p5": 0.55354, "p10": 0.62243, "p20": 0.69911, "p25": 0.72854, "p75": 0.90559, "p80": 0.91932, "p90": 0.95146, "p95": 0.98239}, "hard": {"p5": 0.6255, "p10": 0.6781, "p20": 0.74948, "p25": 0.77908, "p75": 0.93755, "p80": 0.94892, "p90": 0.98407, "p95": 1}}}