{"efficiency":{"normal":0.8005354719989112,"hard":0.934035674220951},"luck":{"normal":0.6211186318968781,"hard":0.6256719394259947},"steps":{"normal":[1472,38441,144024,143023,71806,30195,6674],"hard":[236,16066,46372,46170,22284,9312,1863]},"unsolvedPenalty":{"normal":1738.8951934780694,"hard":335.61264165064006},"average":{"normal":3.8361814252607758,"hard":3.772461667299007},"percentSolvingInThreeOrFewer":{"normal":0.42222732333260643,"hard":0.44042641406013927},"percentiles":{"normal":{"p5":0.58288,"p10":0.64286,"p20":0.74252,"p25":0.77371,"p75":0.93411,"p80":0.95658,"p90":1,"p95":1},"hard":{"p5":0.74591,"p10":0.80317,"p20":0.87033,"p25":0.88407,"p75":1,"p80":1,"p90":1,"p95":1}}}