{"efficiency": {"normal": 0.8131627124191264, "hard": 0.8617419674905461}, "luck": {"normal": 0.5899717430933954, "hard": 0.5871502378718039}, "steps": {"normal": [1632, 17160, 124933, 152304, 59097, 15088, 3120], "hard": [182, 7077, 44634, 49814, 15250, 2157, 233]}, "unsolvedPenalty": {"normal": 314.05961459325084, "hard": 24.676184897803772}, "average": {"normal": 3.825352257267201, "hard": 3.672833637920499}, "percentSolvingInThreeOrFewer": {"normal": 0.3849769911125159, "hard": 0.43480774548166273}, "percentiles": {"normal": {"p5": 0.5433, "p10": 0.61799, "p20": 0.69747, "p25": 0.73562, "p75": 0.91773, "p80": 0.9317, "p90": 0.96203, "p95": 0.98716}, "hard": {"p5": 0.64382, "p10": 0.70197, "p20": 0.77809, "p25": 0.80629, "p75": 0.94243, "p80": 0.9523, "p90": 0.9768, "p95": 0.9979}}}