{"efficiency":{"normal":0.828409941178515,"hard":0.8615620550772422},"luck":{"normal":0.45747649822590974,"hard":0.46159216686023213},"steps":{"normal":[1292,5572,68537,214424,138085,32909,3628],"hard":[97,1971,29554,77305,41279,7801,422]},"unsolvedPenalty":{"normal":542.8538333788423,"hard":15.675822330305563},"average":{"normal":4.283719894483932,"hard":4.153858673742373},"percentSolvingInThreeOrFewer":{"normal":0.1623457574276505,"hard":0.19959729594960518},"percentiles":{"normal":{"p5":0.61149,"p10":0.67002,"p20":0.73927,"p25":0.76688,"p75":0.91375,"p80":0.92485,"p90":0.95205,"p95":0.97215},"hard":{"p5":0.66287,"p10":0.7162,"p20":0.79235,"p25":0.81004,"p75":0.93138,"p80":0.94408,"p90":0.9779,"p95":1}}}