{"efficiency":{"normal":0.8484494727405483,"hard":0.8839388211880677},"luck":{"normal":0.6262381989187192,"hard":0.5729398577430383},"steps":{"normal":[1358,14973,226997,205716,46898,6063,919],"hard":[117,5283,71222,76139,14598,678,31]},"unsolvedPenalty":{"normal":92.09262038502925,"hard":2.241140335772557},"average":{"normal":3.604027830488076,"hard":3.606767743653377},"percentSolvingInThreeOrFewer":{"normal":0.4838265821476008,"hard":0.4558988028655068},"percentiles":{"normal":{"p5":0.58269,"p10":0.6437,"p20":0.74534,"p25":0.78308,"p75":0.94691,"p80":0.96316,"p90":0.97928,"p95":0.99497},"hard":{"p5":0.66495,"p10":0.74167,"p20":0.81798,"p25":0.84004,"p75":0.95707,"p80":0.96528,"p90":0.98893,"p95":1}}}