{"efficiency": {"normal": 0.8446060667802114, "hard": 0.9003828646760391}, "luck": {"normal": 0.6498015700443492, "hard": 0.6633069932417384}, "steps": {"normal": [1005, 36051, 165451, 111163, 29295, 4866, 534], "hard": [227, 16788, 60380, 33737, 6669, 680, 41]}, "unsolvedPenalty": {"normal": 77.27786829401279, "hard": 0.5}, "average": {"normal": 3.4262864463085956, "hard": 3.270308465938813}, "percentSolvingInThreeOrFewer": {"normal": 0.581306962524938, "hard": 0.6530011305917889}, "percentiles": {"normal": {"p5": 0.61355, "p10": 0.67878, "p20": 0.75532, "p25": 0.78491, "p75": 0.93187, "p80": 0.94306, "p90": 0.97143, "p95": 0.99953}, "hard": {"p5": 0.70375, "p10": 0.76993, "p20": 0.83516, "p25": 0.85934, "p75": 0.97136, "p80": 0.98805, "p90": 1, "p95": 1}}}