{"efficiency": {"normal": 0.8124928945397366, "hard": 0.8542201971157408}, "luck": {"normal": 0.5539609348489373, "hard": 0.5228048950988785}, "steps": {"normal": [1236, 32226, 133077, 133738, 58026, 17135, 2589], "hard": [71, 8311, 41146, 38192, 20898, 6766, 484]}, "unsolvedPenalty": {"normal": 289.94391316272606, "hard": 19.95663324783302}, "average": {"normal": 3.733130024874315, "hard": 3.809446582604756}, "percentSolvingInThreeOrFewer": {"normal": 0.4405478973724099, "hard": 0.4274519280560638}, "percentiles": {"normal": {"p5": 0.50841, "p10": 0.62458, "p20": 0.72222, "p25": 0.75017, "p75": 0.90579, "p80": 0.91939, "p90": 0.95166, "p95": 0.97704}, "hard": {"p5": 0.63182, "p10": 0.7046, "p20": 0.77914, "p25": 0.80263, "p75": 0.93084, "p80": 0.94348, "p90": 0.96886, "p95": 0.99458}}}