{"efficiency": {"normal": 0.8356344852241553, "hard": 0.8683178003508536}, "luck": {"normal": 0.536879370583553, "hard": 0.5824703299404042}, "steps": {"normal": [564, 4884, 96258, 133647, 52524, 9469, 965], "hard": [64, 2448, 29919, 30121, 8713, 1063, 75]}, "unsolvedPenalty": {"normal": 102.03225079406724, "hard": 3.741140335772557}, "average": {"normal": 3.888509080291354, "hard": 3.669360953832518}, "percentSolvingInThreeOrFewer": {"normal": 0.3409394893248992, "hard": 0.44792342858721323}}