{"efficiency":{"normal":0.7411050298688672,"hard":0.8742111045698484},"luck":{"normal":0.5400020104648987,"hard":0.5214767566198799},"steps":{"normal":[880,10931,111510,151803,101524,56260,24414],"hard":[118,4485,35497,51647,35360,20260,10603]},"unsolvedPenalty":{"normal":13042.594628673318,"hard":5697.069431094898},"average":{"normal":4.3593017493771855,"hard":4.434038548022377},"percentSolvingInThreeOrFewer":{"normal":0.26965901487354643,"hard":0.25384566689877824},"percentiles":{"normal":{"p5":0.47076,"p10":0.52062,"p20":0.59709,"p25":0.62758,"p75":0.86853,"p80":0.88485,"p90":0.92233,"p95":0.94594},"hard":{"p5":0.67924,"p10":0.74105,"p20":0.80627,"p25":0.82977,"p75":0.94358,"p80":0.95243,"p90":0.97536,"p95":0.99299}}}