{"efficiency":{"normal":0.874111433177191,"hard":0.9138656794185883},"luck":{"normal":0.4664409704216129,"hard":0.46688012704447845},"steps":{"normal":[688,4029,84073,279734,106442,15225,1445],"hard":[85,1444,35406,98652,30435,2588,69]},"unsolvedPenalty":{"normal":127.11036357407849,"hard":5.640174126453438},"average":{"normal":4.0959228176203,"hard":3.983842921609249},"percentSolvingInThreeOrFewer":{"normal":0.1806010951191532,"hard":0.21896620207613277},"percentiles":{"normal":{"p5":0.67383,"p10":0.74155,"p20":0.81429,"p25":0.83343,"p75":0.94441,"p80":0.95298,"p90":0.97514,"p95":0.98589},"hard":{"p5":0.75877,"p10":0.82032,"p20":0.86698,"p25":0.88049,"p75":0.97111,"p80":0.97874,"p90":0.99158,"p95":1}}}