{"efficiency": {"normal": 0.8379640201728777, "hard": 0.8835685931078974}, "luck": {"normal": 0.5228668132953512, "hard": 0.5131723572936917}, "steps": {"normal": [2545, 10017, 118404, 177665, 64224, 13150, 2719], "hard": [113, 3156, 36297, 49644, 15410, 1412, 53]}, "unsolvedPenalty": {"normal": 364.3238184741746, "hard": 6.186862374331016}, "average": {"normal": 3.879020394466187, "hard": 3.768592985458588}, "percentSolvingInThreeOrFewer": {"normal": 0.33691256521336477, "hard": 0.37296507517556676}, "percentiles": {"normal": {"p5": 0.59119, "p10": 0.66177, "p20": 0.75809, "p25": 0.78562, "p75": 0.92739, "p80": 0.93822, "p90": 0.96851, "p95": 0.98756}, "hard": {"p5": 0.68919, "p10": 0.75973, "p20": 0.81952, "p25": 0.83916, "p75": 0.94947, "p80": 0.96236, "p90": 0.99228, "p95": 0.99703}}}