{"efficiency":{"normal":0.8413177067895223,"hard":0.8937727674694639},"luck":{"normal":0.6545238379738155,"hard":0.6634348436459773},"steps":{"normal":[6210,95612,205320,146523,57850,14835,2134],"hard":[1324,35699,67363,44862,16929,3343,190]},"unsolvedPenalty":{"normal":481.64776436101414,"hard":23.36364489102612},"average":{"normal":3.3930367764480307,"hard":3.301604876818638},"percentSolvingInThreeOrFewer":{"normal":0.5811755890433769,"hard":0.6150845560073066},"percentiles":{"normal":{"p5":0.59931,"p10":0.64939,"p20":0.73739,"p25":0.77252,"p75":0.94311,"p80":0.96623,"p90":1,"p95":1},"hard":{"p5":0.66667,"p10":0.7249,"p20":0.81106,"p25":0.84078,"p75":0.99038,"p80":1,"p90":1,"p95":1}}}