{"efficiency":{"normal":0.8425328793495709,"hard":0.9052226359614661},"luck":{"normal":0.4588431744936228,"hard":0.43635668607122446},"steps":{"normal":[754,6408,40540,91122,131849,109008,26021],"hard":[118,1897,14618,28297,48476,43588,11077]},"unsolvedPenalty":{"normal":2459.790454991996,"hard":801.6030392439923},"average":{"normal":4.923756329658203,"hard":5.019231335232719},"percentSolvingInThreeOrFewer":{"normal":0.11757891260087454,"hard":0.11233124649661311},"percentiles":{"normal":{"p5":0.56329,"p10":0.63976,"p20":0.74091,"p25":0.78489,"p75":0.93762,"p80":0.94496,"p90":0.96757,"p95":0.98666},"hard":{"p5":0.7266,"p10":0.79368,"p20":0.85839,"p25":0.8754,"p75":0.96505,"p80":0.97215,"p90":0.98436,"p95":0.99281}}}