{"efficiency": {"normal": 0.795976290876059, "hard": 0.8467073319661588}, "luck": {"normal": 0.6367271397139954, "hard": 0.5935939727441241}, "steps": {"normal": [1019, 21340, 110835, 121405, 53960, 15676, 2115], "hard": [125, 4433, 22875, 29187, 14308, 4142, 504]}, "unsolvedPenalty": {"normal": 193.0609607325517, "hard": 41.602076302232675}, "average": {"normal": 3.8016793655913363, "hard": 3.894535185067645}, "percentSolvingInThreeOrFewer": {"normal": 0.40813237321893675, "hard": 0.3629952099928547}, "percentiles": {"normal": {"p5": 0.54425, "p10": 0.60341, "p20": 0.69078, "p25": 0.72167, "p75": 0.89178, "p80": 0.90493, "p90": 0.94719, "p95": 0.99889}, "hard": {"p5": 0.62161, "p10": 0.69304, "p20": 0.76333, "p25": 0.79211, "p75": 0.92456, "p80": 0.94062, "p90": 0.99191, "p95": 1}}}