{"efficiency":{"normal":0.8282826555715971,"hard":0.876380748938341},"luck":{"normal":0.5415450614776421,"hard":0.5535281739409156},"steps":{"normal":[1157,10454,112173,182323,87404,22042,2640],"hard":[87,5594,38326,59648,29352,6538,556]},"unsolvedPenalty":{"normal":301.11709712335005,"hard":37.32740200873832},"average":{"normal":4.007549425975861,"hard":3.9597313895119144},"percentSolvingInThreeOrFewer":{"normal":0.29599730268081964,"hard":0.31410910700137756},"percentiles":{"normal":{"p5":0.59026,"p10":0.66521,"p20":0.74214,"p25":0.77096,"p75":0.91358,"p80":0.92415,"p90":0.95928,"p95":0.98639},"hard":{"p5":0.69504,"p10":0.75478,"p20":0.8094,"p25":0.82945,"p75":0.94113,"p80":0.95048,"p90":0.97261,"p95":0.99154}}}