{"efficiency": {"normal": 0.8486573103071666, "hard": 0.884833821902178}, "luck": {"normal": 0.5155721524783465, "hard": 0.49904617555826863}, "steps": {"normal": [954, 11645, 130643, 147586, 59570, 16968, 2870], "hard": [96, 3720, 38595, 45434, 17065, 4776, 565]}, "unsolvedPenalty": {"normal": 494.7012935500762, "hard": 81.32946531694088}, "average": {"normal": 3.8536492974577023, "hard": 3.8373740779250705}, "percentSolvingInThreeOrFewer": {"normal": 0.386893765057963, "hard": 0.3846767829770252}, "percentiles": {"normal": {"p5": 0.59115, "p10": 0.67336, "p20": 0.75753, "p25": 0.78518, "p75": 0.94469, "p80": 0.95535, "p90": 0.97934, "p95": 0.99055}, "hard": {"p5": 0.68189, "p10": 0.74762, "p20": 0.81871, "p25": 0.84161, "p75": 0.95921, "p80": 0.96823, "p90": 0.99017, "p95": 1}}}