{"efficiency": {"normal": 0.8445334202176394, "hard": 0.8889315312893412}, "luck": {"normal": 0.5222430639803312, "hard": 0.508733721784853}, "steps": {"normal": [971, 6178, 112595, 171853, 66924, 15725, 2378], "hard": [42, 1509, 29931, 37816, 12168, 2459, 157]}, "unsolvedPenalty": {"normal": 291.6821605420139, "hard": 7.741140335772557}, "average": {"normal": 3.941415528910909, "hard": 3.8155341350150542}, "percentSolvingInThreeOrFewer": {"normal": 0.3179404392709971, "hard": 0.37442020884374777}, "percentiles": {"normal": {"p5": 0.60392, "p10": 0.67335, "p20": 0.76835, "p25": 0.79551, "p75": 0.92852, "p80": 0.93998, "p90": 0.9636, "p95": 0.98074}, "hard": {"p5": 0.69903, "p10": 0.77498, "p20": 0.8334, "p25": 0.85006, "p75": 0.95145, "p80": 0.95609, "p90": 0.97776, "p95": 0.99032}}}