{"efficiency": {"normal": 0.8328892954837775, "hard": 0.8886546067915587}, "luck": {"normal": 0.5775253584101022, "hard": 0.5591566576978053}, "steps": {"normal": [982, 8262, 128762, 164681, 56516, 10425, 1778], "hard": [66, 2257, 32112, 37881, 9797, 1046, 77]}, "unsolvedPenalty": {"normal": 126.40484479631748, "hard": 0.858903298271068}, "average": {"normal": 3.8238973114187607, "hard": 3.703215662733652}, "percentSolvingInThreeOrFewer": {"normal": 0.3715771958449783, "hard": 0.4137032053438416}, "percentiles": {"normal": {"p5": 0.57232, "p10": 0.62546, "p20": 0.725, "p25": 0.76431, "p75": 0.93234, "p80": 0.94089, "p90": 0.96288, "p95": 0.97899}, "hard": {"p5": 0.65961, "p10": 0.73624, "p20": 0.83332, "p25": 0.85785, "p75": 0.95462, "p80": 0.96464, "p90": 0.98881, "p95": 1}}}