{"efficiency": {"normal": 0.8100912728941537, "hard": 0.8811448141695363}, "luck": {"normal": 0.5385263886045083, "hard": 0.5264915382403194}, "steps": {"normal": [2342, 5740, 80493, 183579, 86962, 26988, 6681], "hard": [126, 1970, 23237, 60261, 25401, 6317, 910]}, "unsolvedPenalty": {"normal": 474.39440892726816, "hard": 35.50478563810531}, "average": {"normal": 4.159009112896183, "hard": 4.112039254839523}, "percentSolvingInThreeOrFewer": {"normal": 0.22550504729050244, "hard": 0.21428329752499534}, "percentiles": {"normal": {"p5": 0.53974, "p10": 0.60831, "p20": 0.69949, "p25": 0.73814, "p75": 0.91533, "p80": 0.9267, "p90": 0.95854, "p95": 0.98172}, "hard": {"p5": 0.66608, "p10": 0.73863, "p20": 0.81898, "p25": 0.84158, "p75": 0.95298, "p80": 0.95977, "p90": 0.98348, "p95": 0.99893}}}