{"efficiency": {"normal": 0.7495828347865187, "hard": 0.8377544575623344}, "luck": {"normal": 0.6959129530160729, "hard": 0.7184858380577792}, "steps": {"normal": [1633, 32333, 144407, 142609, 60434, 11660, 2065], "hard": [90, 10951, 41628, 24796, 7508, 515, 47]}, "unsolvedPenalty": {"normal": 53.65904716909073, "hard": 0.5}, "average": {"normal": 3.6862655584896764, "hard": 3.355579587303443}, "percentSolvingInThreeOrFewer": {"normal": 0.451416076792841, "hard": 0.6157596305605892}, "percentiles": {"normal": {"p5": 0.41873, "p10": 0.5, "p20": 0.55871, "p25": 0.59436, "p75": 0.92289, "p80": 0.94131, "p90": 0.98923, "p95": 1}, "hard": {"p5": 0.5, "p10": 0.58436, "p20": 0.68335, "p25": 0.74323, "p75": 0.95834, "p80": 0.97988, "p90": 1, "p95": 1}}}