{"efficiency": {"normal": 0.6279249692020926, "hard": 0.7216404508321269}, "luck": {"normal": 0.4010756249638349, "hard": 0.38432997266763497}, "steps": {"normal": [608, 1735, 15464, 49384, 67817, 73440, 50819], "hard": [77, 378, 3751, 11535, 15310, 18466, 16334]}, "unsolvedPenalty": {"normal": 29849.428172252698, "hard": 10420.476639133562}, "average": {"normal": 5.451189037448856, "hard": 5.623763900914695}, "percentSolvingInThreeOrFewer": {"normal": 0.06868209220610413, "hard": 0.06387146740368407}}