{"efficiency": {"normal": 0.8196488532800535, "hard": 0.8950357486861675}, "luck": {"normal": 0.6475208299048318, "hard": 0.6268061761367052}, "steps": {"normal": [0, 22310, 158479, 140701, 49853, 11163, 2252], "hard": [0, 5299, 36404, 29422, 8942, 922, 62]}, "unsolvedPenalty": {"normal": 125.95108604851248, "hard": 2.745989800688621}, "average": {"normal": 3.67762061110113, "hard": 3.5554989573207076}, "percentSolvingInThreeOrFewer": {"normal": 0.4698771695455325, "hard": 0.5145278898471333}, "percentiles": {"normal": {"p5": 0.51894, "p10": 0.59602, "p20": 0.7059, "p25": 0.74318, "p75": 0.92839, "p80": 0.94284, "p90": 0.98372, "p95": 1}, "hard": {"p5": 0.65649, "p10": 0.74045, "p20": 0.83054, "p25": 0.85548, "p75": 0.97224, "p80": 0.99314, "p90": 1, "p95": 1}}}