{"efficiency":{"normal":0.85773675093229,"hard":0.8898755201499036},"luck":{"normal":0.516412756912658,"hard":0.5180935587452291},"steps":{"normal":[1145,8116,132981,278392,89777,13488,1448],"hard":[126,3639,47483,90991,26482,2488,103]},"unsolvedPenalty":{"normal":220.72564094699732,"hard":6.949943783418203},"average":{"normal":3.940362704347692,"hard":3.863611130240634},"percentSolvingInThreeOrFewer":{"normal":0.2707581845903755,"hard":0.29915008872700105},"percentiles":{"normal":{"p5":0.62775,"p10":0.70324,"p20":0.79575,"p25":0.81943,"p75":0.93075,"p80":0.93876,"p90":0.96091,"p95":0.9744},"hard":{"p5":0.71476,"p10":0.78728,"p20":0.84674,"p25":0.86221,"p75":0.94331,"p80":0.95162,"p90":0.97122,"p95":0.98648}}}