{"efficiency":{"normal":0.8528119692591417,"hard":0.8895203736634514},"luck":{"normal":0.6404331185630531,"hard":0.594820261002025},"steps":{"normal":[1580,51734,259320,172673,49894,7954,932],"hard":[268,13975,75508,66061,18338,1800,63]},"unsolvedPenalty":{"normal":84.75875643104395,"hard":4.055406691793722},"average":{"normal":3.4507399712847966,"hard":3.5333813718685083},"percentSolvingInThreeOrFewer":{"normal":0.5746029587179992,"hard":0.5099111997409282},"percentiles":{"normal":{"p5":0.60477,"p10":0.66667,"p20":0.74641,"p25":0.77959,"p75":0.94819,"p80":0.96258,"p90":0.99912,"p95":1},"hard":{"p5":0.68859,"p10":0.76467,"p20":0.83218,"p25":0.85112,"p75":0.95223,"p80":0.96402,"p90":0.98898,"p95":1}}}