{"efficiency":{"normal":0.8291972110180938,"hard":0.8721004050405126},"luck":{"normal":0.529607292199643,"hard":0.5273437956672353},"steps":{"normal":[285,5795,55236,80994,54184,22945,3388],"hard":[31,2851,21158,28406,19455,7983,1219]},"unsolvedPenalty":{"normal":359.5979039481908,"hard":97.69243860723469},"average":{"normal":4.192600528230188,"hard":4.150705799275085},"percentSolvingInThreeOrFewer":{"normal":0.27517311636381586,"hard":0.29641320296413204},"percentiles":{"normal":{"p5":0.59068,"p10":0.67145,"p20":0.7619,"p25":0.79039,"p75":0.91972,"p80":0.92897,"p90":0.95693,"p95":0.9764},"hard":{"p5":0.68942,"p10":0.76361,"p20":0.8293,"p25":0.84808,"p75":0.9481,"p80":0.95805,"p90":0.97828,"p95":0.99067}}}