{"efficiency": {"normal": 0.8549791467432573, "hard": 0.895588599046982}, "luck": {"normal": 0.4840872011990598, "hard": 0.4682674319615053}, "steps": {"normal": [1546, 10703, 114502, 193692, 65154, 10145, 1856], "hard": [84, 2026, 28514, 41766, 11125, 805, 37]}, "unsolvedPenalty": {"normal": 299.35780623096235, "hard": 3.006361794471554}, "average": {"normal": 3.8761697941293236, "hard": 3.7632799454911208}, "percentSolvingInThreeOrFewer": {"normal": 0.31879184502940155, "hard": 0.3630285572033145}, "percentiles": {"normal": {"p5": 0.6243, "p10": 0.69276, "p20": 0.7706, "p25": 0.79956, "p75": 0.9359, "p80": 0.94753, "p90": 0.9734, "p95": 0.98834}, "hard": {"p5": 0.71382, "p10": 0.7603, "p20": 0.83488, "p25": 0.8565, "p75": 0.96049, "p80": 0.9687, "p90": 0.99211, "p95": 1}}}