{"efficiency": {"normal": 0.8466734367827331, "hard": 0.897839552330531}, "luck": {"normal": 0.6124712251802363, "hard": 0.6003431157080467}, "steps": {"normal": [0, 18111, 190137, 134197, 46979, 14789, 2262], "hard": [0, 4391, 41549, 27903, 8024, 2498, 177]}, "unsolvedPenalty": {"normal": 204.39490157894082, "hard": 4.1828821867611605}, "average": {"normal": 3.648658330528517, "hard": 3.5649994426697593}, "percentSolvingInThreeOrFewer": {"normal": 0.5123267113598622, "hard": 0.5433985474675309}, "percentiles": {"normal": {"p5": 0.59359, "p10": 0.65314, "p20": 0.75634, "p25": 0.78549, "p75": 0.93567, "p80": 0.94463, "p90": 0.97121, "p95": 0.99398}, "hard": {"p5": 0.71575, "p10": 0.77308, "p20": 0.84041, "p25": 0.86141, "p75": 0.95719, "p80": 0.96766, "p90": 0.99333, "p95": 1}}}