{"efficiency": {"normal": 0.868588809264963, "hard": 0.9436138316711301}, "luck": {"normal": 0.6587565087233442, "hard": 0.6637908414786107}, "steps": {"normal": [2427, 90010, 163194, 92786, 47704, 17266, 3278], "hard": [317, 32651, 43231, 24986, 14542, 4459, 434]}, "unsolvedPenalty": {"normal": 673.4011182844097, "hard": 29.923508275404913}, "average": {"normal": 3.3813936882586355, "hard": 3.2978604170807113}, "percentSolvingInThreeOrFewer": {"normal": 0.6135168540674163, "hard": 0.6317277400099486}, "percentiles": {"normal": {"p5": 0.59545, "p10": 0.68864, "p20": 0.77754, "p25": 0.80672, "p75": 1, "p80": 1, "p90": 1, "p95": 1}, "hard": {"p5": 0.77814, "p10": 0.83801, "p20": 0.89336, "p25": 0.91096, "p75": 1, "p80": 1, "p90": 1, "p95": 1}}}