{"efficiency":{"normal":0.814865822440417,"hard":0.8896918353470666},"luck":{"normal":0.47137257810394284,"hard":0.4606010101043316},"steps":{"normal":[1015,6318,58843,120004,98460,50916,9840],"hard":[131,2262,20998,41794,34975,17865,3309]},"unsolvedPenalty":{"normal":1593.7471441213859,"hard":278.6406569460371},"average":{"normal":4.454208349674349,"hard":4.453258284215027},"percentSolvingInThreeOrFewer":{"normal":0.19159457550174291,"hard":0.19278190779171542},"percentiles":{"normal":{"p5":0.53264,"p10":0.61763,"p20":0.72028,"p25":0.75625,"p75":0.91525,"p80":0.92578,"p90":0.95262,"p95":0.97022},"hard":{"p5":0.72798,"p10":0.79151,"p20":0.85002,"p25":0.86679,"p75":0.96016,"p80":0.96771,"p90":0.98758,"p95":0.99808}}}