{"efficiency":{"normal":0.8074639599790122,"hard":0.8592065899063791},"luck":{"normal":0.578699856640172,"hard":0.5690713229248417},"steps":{"normal":[992,10094,143261,209342,79654,18267,2730],"hard":[129,4240,60000,69161,22826,3225,222]},"unsolvedPenalty":{"normal":72.2558174084393,"hard":2.6791164627419275},"average":{"normal":3.9096034281289755,"hard":3.756435605817555},"percentSolvingInThreeOrFewer":{"normal":0.33240082698023,"hard":0.40280220020900737},"percentiles":{"normal":{"p5":0.5408,"p10":0.60338,"p20":0.68688,"p25":0.72432,"p75":0.91457,"p80":0.92573,"p90":0.95459,"p95":0.97356},"hard":{"p5":0.61027,"p10":0.66311,"p20":0.76325,"p25":0.79866,"p75":0.94954,"p80":0.96378,"p90":0.98796,"p95":0.99648}}}