{"efficiency":{"normal":0.8436593172182456,"hard":0.8876605439888963},"luck":{"normal":0.5009435107014569,"hard":0.506652040207016},"steps":{"normal":[1024,7046,110228,225337,76953,14882,1712],"hard":[113,2587,42850,82185,20418,2400,157]},"unsolvedPenalty":{"normal":72.58952776476036,"hard":7.083835626270032},"average":{"normal":3.964622490239225,"hard":3.849599123055048},"percentSolvingInThreeOrFewer":{"normal":0.2705921103796588,"hard":0.30223608254263157},"percentiles":{"normal":{"p5":0.58069,"p10":0.64539,"p20":0.73038,"p25":0.77351,"p75":0.94413,"p80":0.954,"p90":0.98072,"p95":0.9906},"hard":{"p5":0.65634,"p10":0.72872,"p20":0.82856,"p25":0.85272,"p75":0.95896,"p80":0.96645,"p90":0.98349,"p95":0.99419}}}