{"efficiency": {"normal": 0.8606975188052465, "hard": 0.9040468067067257}, "luck": {"normal": 0.5276521675591678, "hard": 0.5213545646864434}, "steps": {"normal": [2391, 18491, 131877, 175600, 68612, 11929, 2021], "hard": [162, 5560, 43803, 50968, 18134, 2081, 66]}, "unsolvedPenalty": {"normal": 488.7997912188596, "hard": 6.857765624873244}, "average": {"normal": 3.812591227489515, "hard": 3.727522958299178}, "percentSolvingInThreeOrFewer": {"normal": 0.37174785421042, "hard": 0.4100634242469406}, "percentiles": {"normal": {"p5": 0.58653, "p10": 0.68393, "p20": 0.79283, "p25": 0.82148, "p75": 0.94778, "p80": 0.95939, "p90": 0.98571, "p95": 0.9991}, "hard": {"p5": 0.74754, "p10": 0.80733, "p20": 0.85671, "p25": 0.8713, "p75": 0.96069, "p80": 0.97053, "p90": 0.98849, "p95": 1}}}