{"efficiency": {"normal": 0.8382277387925434, "hard": 0.8936032849910559}, "luck": {"normal": 0.5703783808819157, "hard": 0.569383340761852}, "steps": {"normal": [0, 30588, 197436, 145439, 40304, 9215, 2016], "hard": [0, 7626, 46274, 25756, 6745, 1056, 44]}, "unsolvedPenalty": {"normal": 626.8536909691904, "hard": 11.92565310793291}, "average": {"normal": 3.5454022223421506, "hard": 3.3997202963749893}, "percentSolvingInThreeOrFewer": {"normal": 0.536529583668629, "hard": 0.6159929600804562}, "percentiles": {"normal": {"p5": 0.5962, "p10": 0.66899, "p20": 0.76256, "p25": 0.78466, "p75": 0.92336, "p80": 0.93354, "p90": 0.95904, "p95": 0.97966}, "hard": {"p5": 0.72793, "p10": 0.77876, "p20": 0.83408, "p25": 0.85135, "p75": 0.95777, "p80": 0.96492, "p90": 0.97994, "p95": 0.99799}}}