{"efficiency": {"normal": 0.838194365921366, "hard": 0.9086255884311142}, "luck": {"normal": 0.5826724203393925, "hard": 0.5610054423854263}, "steps": {"normal": [2038, 25625, 142721, 125724, 81913, 33631, 6367], "hard": [135, 5790, 28267, 25661, 20001, 6537, 703]}, "unsolvedPenalty": {"normal": 801.4984754162766, "hard": 44.08123960901232}, "average": {"normal": 3.9258227460364634, "hard": 3.9423161324500997}, "percentSolvingInThreeOrFewer": {"normal": 0.40759869766685247, "hard": 0.3925873194479528}, "percentiles": {"normal": {"p5": 0.60821, "p10": 0.67914, "p20": 0.76518, "p25": 0.79074, "p75": 0.91681, "p80": 0.92756, "p90": 0.95725, "p95": 0.9852}, "hard": {"p5": 0.77189, "p10": 0.8129, "p20": 0.8584, "p25": 0.87428, "p75": 0.96531, "p80": 0.97433, "p90": 0.9969, "p95": 1}}}