{"efficiency":{"normal":0.8346896492399608,"hard":0.8755093946937644},"luck":{"normal":0.5472604280971816,"hard":0.5447450477167486},"steps":{"normal":[1268,17798,164778,232784,91958,17974,2023],"hard":[128,7008,55834,75668,28703,4007,181]},"unsolvedPenalty":{"normal":262.8881426342462,"hard":16.559203850340396},"average":{"normal":3.8676837661117256,"hard":3.80786082355666},"percentSolvingInThreeOrFewer":{"normal":0.3478053588556575,"hard":0.3671099347632179},"percentiles":{"normal":{"p5":0.60044,"p10":0.6691,"p20":0.7545,"p25":0.78005,"p75":0.91622,"p80":0.92934,"p90":0.96012,"p95":0.98112},"hard":{"p5":0.68994,"p10":0.75751,"p20":0.81605,"p25":0.83223,"p75":0.93974,"p80":0.94923,"p90":0.97911,"p95":0.99891}}}