{"efficiency":{"normal":0.7790988934012457,"hard":0.8404857981955728},"luck":{"normal":0.5949048848055181,"hard":0.5456101918535522},"steps":{"normal":[1108,8337,125002,177959,96021,26194,4626],"hard":[89,3446,37908,69774,34060,5062,375]},"unsolvedPenalty":{"normal":117.82972313941129,"hard":5.471121506256844},"average":{"normal":4.0396242426769895,"hard":4.001641991596708},"percentSolvingInThreeOrFewer":{"normal":0.3060851866945022,"hard":0.27497777246971083},"percentiles":{"normal":{"p5":0.46757,"p10":0.54685,"p20":0.62339,"p25":0.66091,"p75":0.91018,"p80":0.9259,"p90":0.95733,"p95":0.98733},"hard":{"p5":0.59186,"p10":0.64749,"p20":0.72576,"p25":0.76951,"p75":0.9318,"p80":0.94353,"p90":0.97357,"p95":0.99414}}}