{"efficiency": {"normal": 0.8412013473181429, "hard": 0.9059387683813513}, "luck": {"normal": 0.6598038616115839, "hard": 0.6875796230877335}, "steps": {"normal": [3087, 75830, 143610, 115823, 45950, 10214, 2002], "hard": [284, 19572, 33001, 19765, 7119, 979, 67]}, "unsolvedPenalty": {"normal": 360.4502189802526, "hard": 1.358903298271068}, "average": {"normal": 3.4154421264689954, "hard": 3.2112884362991356}, "percentSolvingInThreeOrFewer": {"normal": 0.5612056007828183, "hard": 0.6542760592669613}, "percentiles": {"normal": {"p5": 0.56809, "p10": 0.65985, "p20": 0.73744, "p25": 0.77105, "p75": 0.9481, "p80": 0.9808, "p90": 1, "p95": 1}, "hard": {"p5": 0.7049, "p10": 0.77427, "p20": 0.84731, "p25": 0.85725, "p75": 0.99469, "p80": 1, "p90": 1, "p95": 1}}}