{"efficiency": {"normal": 0.8048592558122969, "hard": 0.8454166323604906}, "luck": {"normal": 0.5769485805717832, "hard": 0.5747880766856347}, "steps": {"normal": [2232, 14813, 119039, 176810, 65760, 14854, 2879], "hard": [139, 5585, 41399, 52413, 16580, 2044, 84]}, "unsolvedPenalty": {"normal": 295.64822543426806, "hard": 6.2596126325727095}, "average": {"normal": 3.871437883243987, "hard": 3.7288679308263637}, "percentSolvingInThreeOrFewer": {"normal": 0.34331095621198476, "hard": 0.3985233923074321}, "percentiles": {"normal": {"p5": 0.53466, "p10": 0.59955, "p20": 0.68291, "p25": 0.72476, "p75": 0.91158, "p80": 0.92534, "p90": 0.95572, "p95": 0.98312}, "hard": {"p5": 0.60791, "p10": 0.6506, "p20": 0.7462, "p25": 0.78335, "p75": 0.93514, "p80": 0.94643, "p90": 0.97407, "p95": 1}}}