{"efficiency": {"normal": 0.7237817474383366, "hard": 0.7801415004693248}, "luck": {"normal": 0.685023375258978, "hard": 0.6603158711727145}, "steps": {"normal": [3038, 16831, 188353, 179207, 79576, 37287, 20030], "hard": [441, 6298, 54897, 55221, 24606, 11124, 5094]}, "unsolvedPenalty": {"normal": 78.51252556740349, "hard": 10.394231285553143}, "average": {"normal": 3.967938618874599, "hard": 3.9577019059448224}, "percentSolvingInThreeOrFewer": {"normal": 0.3971261934460122, "hard": 0.39089046873117245}, "percentiles": {"normal": {"p5": 0.35865, "p10": 0.44967, "p20": 0.54728, "p25": 0.58509, "p75": 0.89016, "p80": 0.9073, "p90": 0.93865, "p95": 0.96703}, "hard": {"p5": 0.3928, "p10": 0.4908, "p20": 0.61106, "p25": 0.63758, "p75": 0.93513, "p80": 0.94845, "p90": 0.98527, "p95": 1}}}