{"efficiency": {"normal": 0.8243030431018202, "hard": 0.8884522736299071}, "luck": {"normal": 0.5933123003048467, "hard": 0.6072007092268314}, "steps": {"normal": [2369, 23896, 126598, 171401, 96936, 28412, 5512], "hard": [83, 7534, 28430, 34168, 16494, 3619, 315]}, "unsolvedPenalty": {"normal": 908.2681819725003, "hard": 17.597163738372743}, "average": {"normal": 3.977384774659153, "hard": 3.78980833780588}, "percentSolvingInThreeOrFewer": {"normal": 0.335871103259771, "hard": 0.3976810123230696}, "percentiles": {"normal": {"p5": 0.56905, "p10": 0.65256, "p20": 0.73674, "p25": 0.75663, "p75": 0.91438, "p80": 0.92771, "p90": 0.95844, "p95": 0.98332}, "hard": {"p5": 0.69805, "p10": 0.75, "p20": 0.83157, "p25": 0.83921, "p75": 0.95621, "p80": 0.96697, "p90": 0.99835, "p95": 1}}}