{"efficiency": {"normal": 0.8670214512766945, "hard": 0.9138814572716338}, "luck": {"normal": 0.6571996770366315, "hard": 0.6480856621629242}, "steps": {"normal": [1369, 30044, 204454, 115769, 30943, 5558, 1067], "hard": [194, 12332, 68797, 34144, 8246, 1006, 66]}, "unsolvedPenalty": {"normal": 139.91095200133358, "hard": 1}, "average": {"normal": 3.426395697248747, "hard": 3.3301598749849743}, "percentSolvingInThreeOrFewer": {"normal": 0.6060240901943453, "hard": 0.6517049324838723}, "percentiles": {"normal": {"p5": 0.60621, "p10": 0.67473, "p20": 0.77636, "p25": 0.81206, "p75": 0.95899, "p80": 0.98414, "p90": 1, "p95": 1}, "hard": {"p5": 0.66667, "p10": 0.76332, "p20": 0.85831, "p25": 0.88063, "p75": 1, "p80": 1, "p90": 1, "p95": 1}}}