{"efficiency": {"normal": 0.8109576765698923, "hard": 0.8742820997115262}, "luck": {"normal": 0.5137858266693166, "hard": 0.5071173415791018}, "steps": {"normal": [2487, 8883, 129533, 243311, 122484, 35717, 5530], "hard": [181, 3088, 46256, 78919, 28416, 5347, 372]}, "unsolvedPenalty": {"normal": 252.97490643308663, "hard": 8.033677751155462}, "average": {"normal": 4.102201817529922, "hard": 3.921632152232153}, "percentSolvingInThreeOrFewer": {"normal": 0.25714807143052676, "hard": 0.30462113803135704}, "percentiles": {"normal": {"p5": 0.54745, "p10": 0.61652, "p20": 0.6952, "p25": 0.7292, "p75": 0.9141, "p80": 0.92616, "p90": 0.95958, "p95": 0.98283}, "hard": {"p5": 0.66158, "p10": 0.71608, "p20": 0.79939, "p25": 0.82832, "p75": 0.94994, "p80": 0.96085, "p90": 0.98092, "p95": 0.99172}}}