{"efficiency": {"normal": 0.8092880067459679, "hard": 0.8649538228308213}, "luck": {"normal": 0.5377474764154463, "hard": 0.5357401375057681}, "steps": {"normal": [467, 2724, 59554, 128690, 74912, 16197, 2059], "hard": [53, 747, 20226, 33376, 13647, 1704, 131]}, "unsolvedPenalty": {"normal": 85.09476245076965, "hard": 1.7411403357725568}, "average": {"normal": 4.165722408978299, "hard": 3.936619843459673}, "percentSolvingInThreeOrFewer": {"normal": 0.22046499861210178, "hard": 0.3008700131646729}}