{"efficiency": {"normal": 0.76637346854444, "hard": 0.813189098834619}, "luck": {"normal": 0.4569377029046888, "hard": 0.506439678986424}, "steps": {"normal": [2321, 3588, 49949, 175699, 185537, 78505, 15472], "hard": [180, 2746, 30416, 59587, 50333, 16770, 2378]}, "unsolvedPenalty": {"normal": 620.4015461582064, "hard": 70.72446524730965}, "average": {"normal": 4.636888811038307, "hard": 4.336369216583014}, "percentSolvingInThreeOrFewer": {"normal": 0.10929596866188847, "hard": 0.20529524044085956}, "percentiles": {"normal": {"p5": 0.46979, "p10": 0.54658, "p20": 0.62859, "p25": 0.65672, "p75": 0.89678, "p80": 0.91329, "p90": 0.94452, "p95": 0.96768}, "hard": {"p5": 0.52959, "p10": 0.60372, "p20": 0.67827, "p25": 0.71773, "p75": 0.92498, "p80": 0.93822, "p90": 0.97089, "p95": 0.99785}}}