{"efficiency":{"normal":0.7963318091081799,"hard":0.9026403758936934},"luck":{"normal":0.6347759374937367,"hard":0.6201477118128278},"steps":{"normal":[1664,68461,218731,143021,63051,34337,9744],"hard":[345,29078,65870,43129,21852,12593,3220]},"unsolvedPenalty":{"normal":1533.0670637303997,"hard":365.7476092168226},"average":{"normal":3.632371754578737,"hard":3.613842859547933},"percentSolvingInThreeOrFewer":{"normal":0.5359019979258232,"hard":0.5411699898345704},"percentiles":{"normal":{"p5":0.51647,"p10":0.59171,"p20":0.67858,"p25":0.70974,"p75":0.89898,"p80":0.91288,"p90":0.95161,"p95":0.98868},"hard":{"p5":0.73372,"p10":0.78289,"p20":0.84751,"p25":0.86513,"p75":0.96465,"p80":0.97225,"p90":1,"p95":1}}}