{"efficiency":{"normal":0.8219354761813954,"hard":0.8649117473590154},"luck":{"normal":0.6635583084388833,"hard":0.6405343834421019},"steps":{"normal":[917,28010,236851,179291,50570,8520,895],"hard":[156,9385,75729,65038,16307,1817,66]},"unsolvedPenalty":{"normal":90.13023836203071,"hard":7.6147072348839515},"average":{"normal":3.554034083956096,"hard":3.5559568345454244},"percentSolvingInThreeOrFewer":{"normal":0.5262367984413547,"hard":0.5060594191028973},"percentiles":{"normal":{"p5":0.57142,"p10":0.63476,"p20":0.70977,"p25":0.74701,"p75":0.91579,"p80":0.93302,"p90":0.98373,"p95":0.99881},"hard":{"p5":0.6403,"p10":0.71233,"p20":0.78757,"p25":0.81149,"p75":0.94333,"p80":0.95764,"p90":0.9905,"p95":1}}}