{"efficiency": {"normal": 0.8368868545787803, "hard": 0.8892300579267381}, "luck": {"normal": 0.6610727169556028, "hard": 0.650498190012209}, "steps": {"normal": [2998, 71015, 205638, 114218, 34630, 8267, 2050], "hard": [289, 26289, 55573, 31475, 9508, 1570, 108]}, "unsolvedPenalty": {"normal": 451.1938948854636, "hard": 7.079619673200665}, "average": {"normal": 3.3188561809389028, "hard": 3.2305313561169857}, "percentSolvingInThreeOrFewer": {"normal": 0.6372853314373222, "hard": 0.6581979296862481}, "percentiles": {"normal": {"p5": 0.60654, "p10": 0.65115, "p20": 0.74494, "p25": 0.77255, "p75": 0.93097, "p80": 0.94742, "p90": 0.99576, "p95": 1}, "hard": {"p5": 0.73368, "p10": 0.78178, "p20": 0.81887, "p25": 0.8343, "p75": 0.96066, "p80": 0.9698, "p90": 0.99438, "p95": 1}}}