{"efficiency":{"normal":0.7928874564670325,"hard":0.8438838597323504},"luck":{"normal":0.5927033666415049,"hard":0.5477480246256424},"steps":{"normal":[1086,13255,131159,171181,106264,32126,3351],"hard":[167,4551,35889,60676,43727,10448,554]},"unsolvedPenalty":{"normal":178.96428089756446,"hard":13.146231827785513},"average":{"normal":4.043237375782352,"hard":4.133362473603491},"percentSolvingInThreeOrFewer":{"normal":0.31739314430808296,"hard":0.26028126041586547},"percentiles":{"normal":{"p5":0.51614,"p10":0.58317,"p20":0.66617,"p25":0.69938,"p75":0.90664,"p80":0.92013,"p90":0.95792,"p95":0.98678},"hard":{"p5":0.60525,"p10":0.66538,"p20":0.74618,"p25":0.77785,"p75":0.93553,"p80":0.95004,"p90":0.97889,"p95":0.99881}}}