{"efficiency": {"normal": 0.8351006065147563, "hard": 0.8727785551042758}, "luck": {"normal": 0.5464233888529403, "hard": 0.5635457010560582}, "steps": {"normal": [228, 2705, 21213, 37640, 21523, 4262, 502], "hard": [14, 876, 5187, 8175, 3703, 479, 30]}, "unsolvedPenalty": {"normal": 55.292446235825004, "hard": 2.987130136461178}, "average": {"normal": 4.048837810069327, "hard": 3.879386218053318}, "percentSolvingInThreeOrFewer": {"normal": 0.27415893633690236, "hard": 0.32912694974003465}}