{"efficiency":{"normal":0.8220790945684211,"hard":0.8718902134928598},"luck":{"normal":0.6953265396781575,"hard":0.6831967697260629},"steps":{"normal":[3907,59109,229358,145198,29507,4032,857],"hard":[783,19314,80720,43990,7315,620,48]},"unsolvedPenalty":{"normal":172.29912643045,"hard":1.9107068576731536},"average":{"normal":3.324143372276151,"hard":3.2604483978457863},"percentSolvingInThreeOrFewer":{"normal":0.619478439216218,"hard":0.6598403036847961},"percentiles":{"normal":{"p5":0.5583,"p10":0.63819,"p20":0.71672,"p25":0.7492,"p75":0.91194,"p80":0.93286,"p90":0.99146,"p95":1},"hard":{"p5":0.66373,"p10":0.7143,"p20":0.78605,"p25":0.8075,"p75":0.95813,"p80":0.97458,"p90":1,"p95":1}}}