{"efficiency": {"normal": 0.8296460074613861, "hard": 0.8851315184493995}, "luck": {"normal": 0.4471273465265172, "hard": 0.45256784204925615}, "steps": {"normal": [1126, 2682, 39725, 170462, 108016, 30778, 6123], "hard": [62, 672, 13399, 52564, 28998, 6196, 465]}, "unsolvedPenalty": {"normal": 271.73290786776806, "hard": 8.745989800688621}, "average": {"normal": 4.389359321805534, "hard": 4.272233635446878}, "percentSolvingInThreeOrFewer": {"normal": 0.12129157007845934, "hard": 0.1380769080464262}, "percentiles": {"normal": {"p5": 0.58123, "p10": 0.6526, "p20": 0.74888, "p25": 0.77811, "p75": 0.9178, "p80": 0.9286, "p90": 0.95479, "p95": 0.98262}, "hard": {"p5": 0.7034, "p10": 0.76674, "p20": 0.82883, "p25": 0.84563, "p75": 0.9481, "p80": 0.95971, "p90": 0.98137, "p95": 0.9999}}}