{"efficiency":{"normal":0.8153409034969645,"hard":0.8744727181153141},"luck":{"normal":0.6442379300023421,"hard":0.6242220713223605},"steps":{"normal":[676,36273,198018,138543,56416,19979,3506],"hard":[149,16706,71076,47068,19276,6357,888]},"unsolvedPenalty":{"normal":343.87341109756034,"hard":49.38700259848918},"average":{"normal":3.635306319015413,"hard":3.565183178569827},"percentSolvingInThreeOrFewer":{"normal":0.5182207754112714,"hard":0.5443969787023278},"percentiles":{"normal":{"p5":0.54818,"p10":0.60971,"p20":0.71284,"p25":0.73542,"p75":0.91457,"p80":0.92359,"p90":0.95162,"p95":0.98605},"hard":{"p5":0.64903,"p10":0.73169,"p20":0.8067,"p25":0.82457,"p75":0.95046,"p80":0.9681,"p90":0.99509,"p95":1}}}