{"efficiency": {"normal": 0.8180429633038738, "hard": 0.8889122667886928}, "luck": {"normal": 0.5952037228057583, "hard": 0.6103510097404647}, "steps": {"normal": [2295, 34940, 229375, 199695, 58626, 12662, 2261], "hard": [228, 14349, 73562, 55797, 13514, 1878, 108]}, "unsolvedPenalty": {"normal": 563.2449635896803, "hard": 17.80197958888717}, "average": {"normal": 3.6020335960529875, "hard": 3.4647871370304633}, "percentSolvingInThreeOrFewer": {"normal": 0.4938557461832273, "hard": 0.5528174314458466}, "percentiles": {"normal": {"p5": 0.58861, "p10": 0.66076, "p20": 0.73057, "p25": 0.75677, "p75": 0.89997, "p80": 0.91568, "p90": 0.95057, "p95": 0.97867}, "hard": {"p5": 0.73314, "p10": 0.78419, "p20": 0.82752, "p25": 0.84593, "p75": 0.95072, "p80": 0.96368, "p90": 0.97949, "p95": 0.9992}}}