{"efficiency":{"normal":0.7834833937958604,"hard":0.8130921024520875},"luck":{"normal":0.3535225524554854,"hard":0.3493119491961037},"steps":{"normal":[972,2671,26933,136265,177687,102479,15801],"hard":[127,1156,12061,53526,61247,31423,3909]},"unsolvedPenalty":{"normal":1236.1137159887514,"hard":195.09377113675922},"average":{"normal":4.855847594933511,"hard":4.741889480945963},"percentSolvingInThreeOrFewer":{"normal":0.06606627370313391,"hard":0.08164014463227062},"percentiles":{"normal":{"p5":0.49844,"p10":0.57163,"p20":0.66673,"p25":0.70479,"p75":0.8897,"p80":0.90487,"p90":0.9425,"p95":0.9641},"hard":{"p5":0.5477,"p10":0.61868,"p20":0.71641,"p25":0.74734,"p75":0.91031,"p80":0.92427,"p90":0.95319,"p95":0.97285}}}