{"efficiency":{"normal":0.8164002445044958,"hard":0.8670373909226347},"luck":{"normal":0.5866092489042792,"hard":0.5617619777776541},"steps":{"normal":[791,19598,159771,204747,63655,10867,1239],"hard":[92,7046,65109,67226,15112,1404,70]},"unsolvedPenalty":{"normal":43.39357093601429,"hard":4.6687702289859985},"average":{"normal":3.7564610382551775,"hard":3.6069285896374383},"percentSolvingInThreeOrFewer":{"normal":0.3910842515651185,"hard":0.46294670605347976},"percentiles":{"normal":{"p5":0.5502,"p10":0.60567,"p20":0.69667,"p25":0.74147,"p75":0.91799,"p80":0.93202,"p90":0.96375,"p95":0.99507},"hard":{"p5":0.62379,"p10":0.69769,"p20":0.79018,"p25":0.81807,"p75":0.94658,"p80":0.95751,"p90":0.99196,"p95":1}}}