{"efficiency": {"normal": 0.8633313765070328, "hard": 0.8980287269143923}, "luck": {"normal": 0.6566740302680188, "hard": 0.6479060089209218}, "steps": {"normal": [2329, 54045, 228032, 106813, 23704, 4320, 1190], "hard": [236, 17436, 67746, 31267, 4255, 317, 28]}, "unsolvedPenalty": {"normal": 130.92648240153284, "hard": 5.859213096177435}, "average": {"normal": 3.2696480211648504, "hard": 3.1891236279267527}, "percentSolvingInThreeOrFewer": {"normal": 0.6764597450723421, "hard": 0.7042750546234077}, "percentiles": {"normal": {"p5": 0.57465, "p10": 0.66464, "p20": 0.77671, "p25": 0.81221, "p75": 0.95881, "p80": 0.96644, "p90": 0.99538, "p95": 1}, "hard": {"p5": 0.6916, "p10": 0.75531, "p20": 0.82947, "p25": 0.85218, "p75": 0.97212, "p80": 0.98209, "p90": 1, "p95": 1}}}