{"efficiency":{"normal":0.7058136218893577,"hard":0.7743913781647941},"luck":{"normal":0.44815915061690326,"hard":0.4339329383486106},"steps":{"normal":[816,4755,42567,97891,105395,87969,43150],"hard":[104,1822,17190,33034,36110,33683,20130]},"unsolvedPenalty":{"normal":11392.4281844763,"hard":5206.411279190251},"average":{"normal":4.961069548219354,"hard":5.041200025896477},"percentSolvingInThreeOrFewer":{"normal":0.1258368340291157,"hard":0.13455054795774005},"percentiles":{"normal":{"p5":0.41869,"p10":0.4696,"p20":0.52658,"p25":0.56333,"p75":0.86011,"p80":0.87738,"p90":0.91563,"p95":0.9427},"hard":{"p5":0.5076,"p10":0.54457,"p20":0.62631,"p25":0.6622,"p75":0.90889,"p80":0.92347,"p90":0.95418,"p95":0.97937}}}