{"efficiency": {"normal": 0.7977737338275427, "hard": 0.8604699395212241}, "luck": {"normal": 0.6204641423829137, "hard": 0.6117906785384192}, "steps": {"normal": [2830, 34104, 129475, 152756, 68209, 19643, 4407], "hard": [208, 9467, 39005, 46219, 19175, 4398, 576]}, "unsolvedPenalty": {"normal": 762.0893735123383, "hard": 95.61855291065743}, "average": {"normal": 3.7941420271386996, "hard": 3.758346369136068}, "percentSolvingInThreeOrFewer": {"normal": 0.4044708135645952, "hard": 0.40891069148578724}, "percentiles": {"normal": {"p5": 0.5278, "p10": 0.61042, "p20": 0.69188, "p25": 0.72591, "p75": 0.89477, "p80": 0.91025, "p90": 0.94774, "p95": 0.97851}, "hard": {"p5": 0.63423, "p10": 0.71377, "p20": 0.78199, "p25": 0.80682, "p75": 0.93865, "p80": 0.95372, "p90": 0.98636, "p95": 1}}}