{"efficiency":{"normal":0.7770965011577571,"hard":0.8120671097312946},"luck":{"normal":0.5629191486945385,"hard":0.5345279204658429},"steps":{"normal":[748,6603,115982,197234,95947,20646,2901],"hard":[90,2372,44330,67229,32457,5532,649]},"unsolvedPenalty":{"normal":488.4289473076795,"hard":170.1871431544093},"average":{"normal":4.034082613427019,"hard":3.9757248976028565},"percentSolvingInThreeOrFewer":{"normal":0.2802634180261373,"hard":0.3065132091786269},"percentiles":{"normal":{"p5":0.50004,"p10":0.57202,"p20":0.6407,"p25":0.66667,"p75":0.89615,"p80":0.91317,"p90":0.94847,"p95":0.98451},"hard":{"p5":0.5264,"p10":0.61315,"p20":0.66667,"p25":0.68286,"p75":0.93285,"p80":0.94991,"p90":1,"p95":1}}}