{"efficiency":{"normal":0.8313464915719256,"hard":0.874917765592279},"luck":{"normal":0.5222132174141468,"hard":0.5038799671322637},"steps":{"normal":[933,8552,108207,203699,96431,17789,1597],"hard":[110,3571,35215,72871,34570,4397,174]},"unsolvedPenalty":{"normal":140.25525186326396,"hard":7.880334418244195},"average":{"normal":4.020196920577535,"hard":4.007997457619333},"percentSolvingInThreeOrFewer":{"normal":0.26918995077857677,"hard":0.25774644154054127},"percentiles":{"normal":{"p5":0.58376,"p10":0.65163,"p20":0.74666,"p25":0.77551,"p75":0.91617,"p80":0.92761,"p90":0.95604,"p95":0.97866},"hard":{"p5":0.69089,"p10":0.75458,"p20":0.81523,"p25":0.83287,"p75":0.93958,"p80":0.94699,"p90":0.97436,"p95":0.99653}}}