{"efficiency":{"normal":0.8773696115000663,"hard":0.8970869847651581},"luck":{"normal":0.4616956363823654,"hard":0.47759423049796335},"steps":{"normal":[1351,9586,94648,194587,134189,33748,3038],"hard":[115,3876,32098,60582,44121,13991,1171]},"unsolvedPenalty":{"normal":468.38558233457076,"hard":28.68155365382836},"average":{"normal":4.198227698748659,"hard":4.227308575308449},"percentSolvingInThreeOrFewer":{"normal":0.2241020318499322,"hard":0.23140797927594034},"percentiles":{"normal":{"p5":0.66505,"p10":0.74624,"p20":0.81439,"p25":0.83693,"p75":0.94769,"p80":0.95614,"p90":0.97829,"p95":0.99375},"hard":{"p5":0.74051,"p10":0.79524,"p20":0.84034,"p25":0.85901,"p75":0.95577,"p80":0.96457,"p90":0.98544,"p95":1}}}