{"efficiency": {"normal": 0.8262887704246507, "hard": 0.8730795829926662}, "luck": {"normal": 0.5335657209877309, "hard": 0.5394504879549316}, "steps": {"normal": [1537, 7206, 115228, 173236, 59485, 14057, 2682], "hard": [137, 2711, 44007, 56816, 13293, 1574, 138]}, "unsolvedPenalty": {"normal": 196.04706252781997, "hard": 6.194600774265361}, "average": {"normal": 3.8971431055871846, "hard": 3.7221105750174783}, "percentSolvingInThreeOrFewer": {"normal": 0.3319783306688518, "hard": 0.39481445279584754}, "percentiles": {"normal": {"p5": 0.56057, "p10": 0.6256, "p20": 0.72386, "p25": 0.75964, "p75": 0.92622, "p80": 0.93514, "p90": 0.96081, "p95": 0.98002}, "hard": {"p5": 0.6511, "p10": 0.72331, "p20": 0.80331, "p25": 0.83007, "p75": 0.94647, "p80": 0.95706, "p90": 0.97435, "p95": 0.99403}}}