{"efficiency":{"normal":0.8277216028751162,"hard":0.8753972621994773},"luck":{"normal":0.5851700460299711,"hard":0.5803946147961012},"steps":{"normal":[844,19020,161205,201342,88486,22251,2389],"hard":[129,6993,53927,70722,29347,5793,350]},"unsolvedPenalty":{"normal":245.91539017290927,"hard":14.84118396981618},"average":{"normal":3.87614227674255,"hard":3.842747808418997},"percentSolvingInThreeOrFewer":{"normal":0.3653995564407905,"hard":0.3649924369697658},"percentiles":{"normal":{"p5":0.58759,"p10":0.65669,"p20":0.74321,"p25":0.77108,"p75":0.91191,"p80":0.92738,"p90":0.96037,"p95":0.99225},"hard":{"p5":0.67003,"p10":0.73532,"p20":0.80985,"p25":0.8272,"p75":0.94988,"p80":0.96566,"p90":0.9935,"p95":1}}}