{"efficiency":{"normal":0.8022742407806194,"hard":0.8623147847600791},"luck":{"normal":0.6296334016936963,"hard":0.5903554108781178},"steps":{"normal":[984,35317,213003,147065,44080,17292,6009],"hard":[173,16782,66931,43486,17741,9059,3446]},"unsolvedPenalty":{"normal":1321.798208100119,"hard":786.2662070648271},"average":{"normal":3.593366680772183,"hard":3.6572045464798744},"percentSolvingInThreeOrFewer":{"normal":0.5375827493261456,"hard":0.5322107881079572},"percentiles":{"normal":{"p5":0.5417,"p10":0.60366,"p20":0.67684,"p25":0.70881,"p75":0.90549,"p80":0.91828,"p90":0.9467,"p95":0.97418},"hard":{"p5":0.65698,"p10":0.73497,"p20":0.78788,"p25":0.80644,"p75":0.93831,"p80":0.9502,"p90":0.97653,"p95":0.99589}}}