{"efficiency":{"normal":0.8266284096830083,"hard":0.8788901597346899},"luck":{"normal":0.5537923587723064,"hard":0.5437947252937414},"steps":{"normal":[1234,8458,142401,182765,72742,15131,2645],"hard":[103,2875,51303,68776,19375,1867,108]},"unsolvedPenalty":{"normal":158.35205436710893,"hard":6.969410808006291},"average":{"normal":3.8779394043255073,"hard":3.7650942780530587},"percentSolvingInThreeOrFewer":{"normal":0.35754955615737605,"hard":0.37588898045108615},"percentiles":{"normal":{"p5":0.56612,"p10":0.62742,"p20":0.72875,"p25":0.76466,"p75":0.92455,"p80":0.93179,"p90":0.9549,"p95":0.97653},"hard":{"p5":0.66309,"p10":0.7341,"p20":0.81218,"p25":0.83799,"p75":0.94925,"p80":0.96127,"p90":0.98145,"p95":1}}}