{"efficiency": {"normal": 0.7505481186398022, "hard": 0.904324862333485}, "luck": {"normal": 0.5579154898756982, "hard": 0.5711387768538965}, "steps": {"normal": [2053, 10442, 121324, 149968, 73537, 29516, 7295], "hard": [145, 4249, 43706, 44822, 20595, 8144, 1965]}, "unsolvedPenalty": {"normal": 3433.6778943323907, "hard": 965.7686565934472}, "average": {"normal": 4.024155880331187, "hard": 3.9280472445650063}, "percentSolvingInThreeOrFewer": {"normal": 0.3395257969984904, "hard": 0.3890767314318994}, "percentiles": {"normal": {"p5": 0.46504, "p10": 0.52088, "p20": 0.60627, "p25": 0.63437, "p75": 0.88778, "p80": 0.8961, "p90": 0.93478, "p95": 0.96737}, "hard": {"p5": 0.73624, "p10": 0.79547, "p20": 0.85322, "p25": 0.87094, "p75": 0.96305, "p80": 0.97401, "p90": 0.99504, "p95": 0.99823}}}