{"efficiency":{"normal":0.8387681172513302,"hard":0.880824668328303},"luck":{"normal":0.4887238416722025,"hard":0.4558926233501312},"steps":{"normal":[1556,7140,116236,189016,113911,38302,6161],"hard":[110,2241,35696,66042,41349,11921,1516]},"unsolvedPenalty":{"normal":858.4769731191724,"hard":203.3536771621109},"average":{"normal":4.1580965463669255,"hard":4.185267371689455},"percentSolvingInThreeOrFewer":{"normal":0.26450599379237044,"hard":0.23947757671125097},"percentiles":{"normal":{"p5":0.57263,"p10":0.6576,"p20":0.75585,"p25":0.7851,"p75":0.93164,"p80":0.9451,"p90":0.96988,"p95":0.98718},"hard":{"p5":0.67841,"p10":0.75901,"p20":0.82299,"p25":0.84274,"p75":0.94902,"p80":0.95829,"p90":0.97729,"p95":0.99303}}}