{"efficiency":{"normal":0.7740289081433717,"hard":0.8354296403745957},"luck":{"normal":0.5556611400794477,"hard":0.5606049582242809},"steps":{"normal":[998,13128,73556,161409,123708,39271,4725],"hard":[151,5316,34707,66144,34666,5421,328]},"unsolvedPenalty":{"normal":139.6557036811273,"hard":4.841183969816182},"average":{"normal":4.272936709182407,"hard":4.004803562824789},"percentSolvingInThreeOrFewer":{"normal":0.21037200542232992,"hard":0.27378980870015607},"percentiles":{"normal":{"p5":0.49288,"p10":0.55324,"p20":0.63789,"p25":0.66667,"p75":0.89598,"p80":0.91393,"p90":0.95771,"p95":0.98696},"hard":{"p5":0.58609,"p10":0.64188,"p20":0.71347,"p25":0.74644,"p75":0.94012,"p80":0.95349,"p90":0.98577,"p95":1}}}