{"efficiency":{"normal":0.8268021001926957,"hard":0.8611560780028086},"luck":{"normal":0.5585605253859821,"hard":0.557824533174628},"steps":{"normal":[1021,21345,148839,212225,84516,18503,2024],"hard":[118,7919,50307,72169,32901,5063,308]},"unsolvedPenalty":{"normal":180.472908326956,"hard":21.611754174210944},"average":{"normal":3.8632114219380127,"hard":3.8665379728896183},"percentSolvingInThreeOrFewer":{"normal":0.35049020109606877,"hard":0.34567052759427674},"percentiles":{"normal":{"p5":0.60303,"p10":0.66509,"p20":0.74628,"p25":0.76864,"p75":0.90687,"p80":0.92049,"p90":0.95245,"p95":0.98495},"hard":{"p5":0.69087,"p10":0.74154,"p20":0.79254,"p25":0.80808,"p75":0.92569,"p80":0.93701,"p90":0.9685,"p95":1}}}