{"efficiency": {"normal": 0.8244176159777576, "hard": 0.8867445181495792}, "luck": {"normal": 0.5496009482779252, "hard": 0.5579069619279179}, "steps": {"normal": [1455, 3453, 83579, 186893, 98605, 25361, 3951], "hard": [63, 542, 21306, 42222, 18080, 3273, 241]}, "unsolvedPenalty": {"normal": 305.8497293427156, "hard": 2}, "average": {"normal": 4.165227734719927, "hard": 4.032335203611464}, "percentSolvingInThreeOrFewer": {"normal": 0.21940902114322694, "hard": 0.2555904207542548}, "percentiles": {"normal": {"p5": 0.57162, "p10": 0.62417, "p20": 0.72888, "p25": 0.77035, "p75": 0.91145, "p80": 0.92236, "p90": 0.94835, "p95": 0.97283}, "hard": {"p5": 0.65523, "p10": 0.72439, "p20": 0.82778, "p25": 0.85264, "p75": 0.95904, "p80": 0.96747, "p90": 0.983, "p95": 0.99413}}}