{"efficiency": {"normal": 0.862645529483308, "hard": 0.9007773178680751}, "luck": {"normal": 0.5606437554555783, "hard": 0.5495792171796383}, "steps": {"normal": [1674, 11249, 173498, 159828, 45620, 9037, 1640], "hard": [110, 4127, 48306, 49578, 13302, 1972, 111]}, "unsolvedPenalty": {"normal": 259.5296206640101, "hard": 3.100043634043625}, "average": {"normal": 3.671728273590258, "hard": 3.665481763004732}, "percentSolvingInThreeOrFewer": {"normal": 0.46310483770798866, "hard": 0.44715163481013737}, "percentiles": {"normal": {"p5": 0.62438, "p10": 0.70951, "p20": 0.79402, "p25": 0.82083, "p75": 0.94213, "p80": 0.95457, "p90": 0.97781, "p95": 0.99253}, "hard": {"p5": 0.73768, "p10": 0.79665, "p20": 0.8458, "p25": 0.86246, "p75": 0.95893, "p80": 0.96849, "p90": 0.9882, "p95": 1}}}