{"efficiency":{"normal":0.8411469202506303,"hard":0.8812023629435911},"luck":{"normal":0.630695341675893,"hard":0.596164497586151},"steps":{"normal":[1430,24883,229599,166680,51304,15142,3837],"hard":[255,11279,59970,57144,20273,7456,1877]},"unsolvedPenalty":{"normal":331.0569303883262,"hard":86.51785885036479},"average":{"normal":3.6140503310786474,"hard":3.7321364253595513},"percentSolvingInThreeOrFewer":{"normal":0.5192229267055541,"hard":0.4518306014381943},"percentiles":{"normal":{"p5":0.57591,"p10":0.6416,"p20":0.75098,"p25":0.77883,"p75":0.93338,"p80":0.9484,"p90":0.9751,"p95":0.99748},"hard":{"p5":0.67126,"p10":0.74793,"p20":0.81882,"p25":0.83814,"p75":0.95149,"p80":0.9603,"p90":0.98588,"p95":1}}}