{"efficiency": {"normal": 0.79018736133821, "hard": 0.8505291133004884}, "luck": {"normal": 0.5235984694995546, "hard": 0.5333632608666171}, "steps": {"normal": [550, 3637, 56747, 128089, 80287, 26364, 4529], "hard": [50, 1101, 18369, 33946, 16231, 3599, 389]}, "unsolvedPenalty": {"normal": 117.29387762509256, "hard": 7.000799330892754}, "average": {"normal": 4.269978294279621, "hard": 4.052683732093789}, "percentSolvingInThreeOrFewer": {"normal": 0.20297598624930463, "hard": 0.2649114473773495}}