{"efficiency":{"normal":0.8187995749111554,"hard":0.8715572977724262},"luck":{"normal":0.6017152336906184,"hard":0.6141344085740548},"steps":{"normal":[949,25183,167111,218571,80125,14674,1509],"hard":[155,11355,64793,75004,18575,2343,155]},"unsolvedPenalty":{"normal":116.83395020078159,"hard":14.307812950809392},"average":{"normal":3.7909809729753894,"hard":3.627406356961079},"percentSolvingInThreeOrFewer":{"normal":0.3803082724227646,"hard":0.44264415825501796},"percentiles":{"normal":{"p5":0.58013,"p10":0.65109,"p20":0.73152,"p25":0.75747,"p75":0.90403,"p80":0.9175,"p90":0.94947,"p95":0.98021},"hard":{"p5":0.68803,"p10":0.74715,"p20":0.80504,"p25":0.8272,"p75":0.93699,"p80":0.94614,"p90":0.97759,"p95":1}}}