{"efficiency": {"normal": 0.6958208173949729, "hard": 0.8876292065022566}, "luck": {"normal": 0.5472802342245054, "hard": 0.5277993757400331}, "steps": {"normal": [2468, 20662, 89393, 118806, 86649, 54105, 23131], "hard": [173, 6903, 28144, 35228, 24532, 15582, 7674]}, "unsolvedPenalty": {"normal": 13079.969783955112, "hard": 4231.398399239117}, "average": {"normal": 4.352241999989765, "hard": 4.34236948475286}, "percentSolvingInThreeOrFewer": {"normal": 0.28471410425744026, "hard": 0.29787881863391863}, "percentiles": {"normal": {"p5": 0.43507, "p10": 0.47084, "p20": 0.54466, "p25": 0.57165, "p75": 0.83635, "p80": 0.86209, "p90": 0.90718, "p95": 0.94392}, "hard": {"p5": 0.70055, "p10": 0.77699, "p20": 0.83663, "p25": 0.85238, "p75": 0.94616, "p80": 0.95604, "p90": 0.97821, "p95": 0.9973}}}