{"efficiency":{"normal":0.7186746366467349,"hard":0.8385922581365536},"luck":{"normal":0.5453536980378431,"hard":0.5697240763551862},"steps":{"normal":[896,11847,76571,121961,103457,69935,34671],"hard":[140,6592,35778,43129,32219,20130,9923]},"unsolvedPenalty":{"normal":11165.29105370761,"hard":2611.579372412288},"average":{"normal":4.6094183953128685,"hard":4.375074060566234},"percentSolvingInThreeOrFewer":{"normal":0.21298809075256714,"hard":0.2874025596473555},"percentiles":{"normal":{"p5":0.38669,"p10":0.44309,"p20":0.53634,"p25":0.58332,"p75":0.86425,"p80":0.88215,"p90":0.92029,"p95":0.94794},"hard":{"p5":0.5307,"p10":0.62732,"p20":0.73331,"p25":0.77539,"p75":0.93858,"p80":0.94666,"p90":0.97177,"p95":0.99072}}}