{"efficiency":{"normal":0.8240801839335411,"hard":0.8651445155648131},"luck":{"normal":0.5515171959626958,"hard":0.5330829933853468},"steps":{"normal":[818,13403,128352,200265,90434,24969,4040],"hard":[112,4585,51682,64812,28914,8192,1194]},"unsolvedPenalty":{"normal":434.10411114688793,"hard":111.87093902860582},"average":{"normal":3.9898635334594044,"hard":3.9235309261276723},"percentSolvingInThreeOrFewer":{"normal":0.30841198318771484,"hard":0.3534933005624142},"percentiles":{"normal":{"p5":0.57214,"p10":0.63267,"p20":0.7288,"p25":0.76216,"p75":0.91781,"p80":0.93091,"p90":0.95646,"p95":0.98948},"hard":{"p5":0.64624,"p10":0.70785,"p20":0.78983,"p25":0.81127,"p75":0.94541,"p80":0.9579,"p90":1,"p95":1}}}