{"efficiency":{"normal":0.8117342324621516,"hard":0.8750971400558536},"luck":{"normal":0.5146175982304126,"hard":0.495892512735247},"steps":{"normal":[558,3076,56278,141270,60292,10009,1368],"hard":[46,1479,21445,52534,16876,1354,99]},"unsolvedPenalty":{"normal":67.2706385667288,"hard":2.133011263560294},"average":{"normal":4.074682777921161,"hard":3.9503600333706004},"percentSolvingInThreeOrFewer":{"normal":0.2195777182418243,"hard":0.24479660673750173},"percentiles":{"normal":{"p5":0.54501,"p10":0.61315,"p20":0.71336,"p25":0.75719,"p75":0.90891,"p80":0.92044,"p90":0.9497,"p95":0.97079},"hard":{"p5":0.67657,"p10":0.77522,"p20":0.84994,"p25":0.86799,"p75":0.96285,"p80":0.9711,"p90":0.98362,"p95":0.99593}}}