{"efficiency":{"normal":0.8443270442943871,"hard":0.8907624699011061},"luck":{"normal":0.6578268003711923,"hard":0.6555161632035663},"steps":{"normal":[600,20784,154345,115486,21283,2958,337],"hard":[63,8603,51523,37181,6145,378,13]},"unsolvedPenalty":{"normal":40.23829966280136,"hard":0},"average":{"normal":3.4633739136068966,"hard":3.4035185648566975},"percentSolvingInThreeOrFewer":{"normal":0.5564689527633608,"hard":0.5792639501087521},"percentiles":{"normal":{"p5":0.62239,"p10":0.69454,"p20":0.78388,"p25":0.80703,"p75":0.92778,"p80":0.93735,"p90":0.96228,"p95":0.98179},"hard":{"p5":0.71522,"p10":0.777,"p20":0.83743,"p25":0.85383,"p75":0.94932,"p80":0.95867,"p90":0.98204,"p95":1}}}