{"efficiency": {"normal": 0.8361121390156363, "hard": 0.8956428897288771}, "luck": {"normal": 0.6303826659854533, "hard": 0.59828677071361}, "steps": {"normal": [2290, 22724, 165761, 148655, 55816, 14306, 2498], "hard": [169, 6893, 45486, 44679, 16624, 3331, 262]}, "unsolvedPenalty": {"normal": 415.28369397538825, "hard": 15.44607706877587}, "average": {"normal": 3.6948386935905235, "hard": 3.696097255518109}, "percentSolvingInThreeOrFewer": {"normal": 0.46298992840674674, "hard": 0.44743026463676305}, "percentiles": {"normal": {"p5": 0.59449, "p10": 0.67238, "p20": 0.76242, "p25": 0.79068, "p75": 0.91955, "p80": 0.9322, "p90": 0.96211, "p95": 0.98936}, "hard": {"p5": 0.71256, "p10": 0.7794, "p20": 0.83902, "p25": 0.86065, "p75": 0.9593, "p80": 0.96784, "p90": 0.98904, "p95": 1}}}