{"efficiency":{"normal":0.7792907283888703,"hard":0.9164031290176704},"luck":{"normal":0.631367604581295,"hard":0.6650401104934395},"steps":{"normal":[1461,40273,184850,173826,65507,24204,5707],"hard":[340,23749,76726,41606,16246,7442,2044]},"unsolvedPenalty":{"normal":1246.1586496322543,"hard":473.9383051274018},"average":{"normal":3.722692463212308,"hard":3.479592622820452},"percentSolvingInThreeOrFewer":{"normal":0.4569810498802004,"hard":0.5995432730905782},"percentiles":{"normal":{"p5":0.52144,"p10":0.57827,"p20":0.64432,"p25":0.6717,"p75":0.88552,"p80":0.8996,"p90":0.94281,"p95":0.97613},"hard":{"p5":0.77396,"p10":0.798,"p20":0.86211,"p25":0.8793,"p75":0.97866,"p80":0.98098,"p90":1,"p95":1}}}