{"efficiency":{"normal":0.8786881225872138,"hard":0.9294874553522099},"luck":{"normal":0.6985282649682966,"hard":0.697197452192231},"steps":{"normal":[1570,95897,242179,115015,40148,9102,1209],"hard":[411,41147,74258,35535,11014,2079,121]},"unsolvedPenalty":{"normal":220.66448892480867,"hard":19.09757260665052},"average":{"normal":3.254665553707881,"hard":3.135715963738381},"percentSolvingInThreeOrFewer":{"normal":0.6724065568577764,"hard":0.7037705465925318},"percentiles":{"normal":{"p5":0.63579,"p10":0.7089,"p20":0.77987,"p25":0.80649,"p75":1,"p80":1,"p90":1,"p95":1},"hard":{"p5":0.74731,"p10":0.80201,"p20":0.8645,"p25":0.88646,"p75":1,"p80":1,"p90":1,"p95":1}}}