{"efficiency": {"normal": 0.8151118282131956, "hard": 0.8748958888069557}, "luck": {"normal": 0.5522760665160207, "hard": 0.5257614293251915}, "steps": {"normal": [837, 24762, 156857, 175995, 79253, 19409, 1804], "hard": [153, 6812, 57490, 60676, 25875, 5919, 385]}, "unsolvedPenalty": {"normal": 80.39997143725486, "hard": 16.099676285237692}, "average": {"normal": 3.814065288432194, "hard": 3.7922007480534314}, "percentSolvingInThreeOrFewer": {"normal": 0.39757951873650355, "hard": 0.40973237556417264}, "percentiles": {"normal": {"p5": 0.53241, "p10": 0.63392, "p20": 0.7257, "p25": 0.75414, "p75": 0.91266, "p80": 0.9265, "p90": 0.95868, "p95": 0.97843}, "hard": {"p5": 0.67517, "p10": 0.73709, "p20": 0.80839, "p25": 0.81639, "p75": 0.94796, "p80": 0.95804, "p90": 0.98608, "p95": 1}}}