{"efficiency": {"normal": 0.8151019665768617, "hard": 0.8924782489322768}, "luck": {"normal": 0.6424319552983807, "hard": 0.6607107551018342}, "steps": {"normal": [2444, 41471, 166104, 133575, 49456, 12872, 2832], "hard": [175, 15174, 47371, 33084, 11265, 2534, 206]}, "unsolvedPenalty": {"normal": 560.4817556926656, "hard": 20.265366748425606}, "average": {"normal": 3.5789117213671124, "hard": 3.442006259657664}, "percentSolvingInThreeOrFewer": {"normal": 0.5138029230294994, "hard": 0.571173583221776}, "percentiles": {"normal": {"p5": 0.57988, "p10": 0.64185, "p20": 0.71939, "p25": 0.74474, "p75": 0.90408, "p80": 0.91815, "p90": 0.95285, "p95": 0.98041}, "hard": {"p5": 0.72923, "p10": 0.7878, "p20": 0.8291, "p25": 0.84872, "p75": 0.95852, "p80": 0.96665, "p90": 0.98897, "p95": 1}}}