{"efficiency":{"normal":0.8509761467606936,"hard":0.9031326608915345},"luck":{"normal":0.6507586019677917,"hard":0.6718247080539194},"steps":{"normal":[1643,60914,215156,135598,40273,7296,626],"hard":[446,30597,74495,39561,12093,2199,142]},"unsolvedPenalty":{"normal":94.15080322567185,"hard":6.504849464916064},"average":{"normal":3.382292214626084,"hard":3.2471557912749396},"percentSolvingInThreeOrFewer":{"normal":0.6017538233522425,"hard":0.661543379739615},"percentiles":{"normal":{"p5":0.63364,"p10":0.708,"p20":0.76432,"p25":0.79042,"p75":0.93239,"p80":0.94516,"p90":0.97353,"p95":1},"hard":{"p5":0.7201,"p10":0.78783,"p20":0.83926,"p25":0.85482,"p75":0.97892,"p80":0.99738,"p90":1,"p95":1}}}