{"efficiency": {"normal": 0.8312251925805163, "hard": 0.8818214263413173}, "luck": {"normal": 0.6205409085997721, "hard": 0.6086165591707581}, "steps": {"normal": [554, 18975, 124765, 123832, 32999, 5455, 767], "hard": [76, 4425, 36771, 26508, 4796, 418, 30]}, "unsolvedPenalty": {"normal": 27.589603686796746, "hard": 1.6828821867611607}, "average": {"normal": 3.615615540752591, "hard": 3.4505187730360807}, "percentSolvingInThreeOrFewer": {"normal": 0.46948237659713615, "hard": 0.5651840490797546}, "percentiles": {"normal": {"p5": 0.5471, "p10": 0.61852, "p20": 0.71559, "p25": 0.75049, "p75": 0.92844, "p80": 0.94705, "p90": 0.99985, "p95": 1}, "hard": {"p5": 0.65041, "p10": 0.72372, "p20": 0.80779, "p25": 0.83041, "p75": 0.95821, "p80": 0.97126, "p90": 0.9994, "p95": 1}}}