{"efficiency":{"normal":0.8185127318225128,"hard":0.8607793493424891},"luck":{"normal":0.570421618357519,"hard":0.5760435486944968},"steps":{"normal":[763,11726,124257,215084,84167,16192,2371],"hard":[92,4980,52572,76972,20438,2185,170]},"unsolvedPenalty":{"normal":128.33802970371832,"hard":4.741140335772557},"average":{"normal":3.942349388484917,"hard":3.761860764888512},"percentSolvingInThreeOrFewer":{"normal":0.30083157338965155,"hard":0.36620523604114125},"percentiles":{"normal":{"p5":0.5317,"p10":0.60511,"p20":0.69718,"p25":0.73956,"p75":0.92674,"p80":0.93964,"p90":0.96788,"p95":0.98791},"hard":{"p5":0.62737,"p10":0.69013,"p20":0.7858,"p25":0.81013,"p75":0.94292,"p80":0.95234,"p90":0.9784,"p95":0.99786}}}