{"efficiency":{"normal":0.8020888674958628,"hard":0.8298810202425493},"luck":{"normal":0.3956846887992533,"hard":0.3930770985173877},"steps":{"normal":[1628,2688,44180,185117,159634,61974,11355],"hard":[129,889,18408,66462,50896,19942,3516]},"unsolvedPenalty":{"normal":1832.3197071653333,"hard":460.3083847816102},"average":{"normal":4.568051763715162,"hard":4.506829098393565},"percentSolvingInThreeOrFewer":{"normal":0.10394019409485271,"hard":0.12122914092435191},"percentiles":{"normal":{"p5":0.52126,"p10":0.59126,"p20":0.6702,"p25":0.7084,"p75":0.91026,"p80":0.9223,"p90":0.95195,"p95":0.97287},"hard":{"p5":0.56768,"p10":0.63262,"p20":0.71069,"p25":0.75576,"p75":0.92538,"p80":0.93507,"p90":0.95954,"p95":0.978}}}