{"efficiency": {"normal": 0.8345658358858761, "hard": 0.8837340664586052}, "luck": {"normal": 0.4931324899718745, "hard": 0.48103358198621804}, "steps": {"normal": [1061, 5595, 68283, 166107, 95730, 32260, 6395], "hard": [34, 1265, 16542, 38000, 19847, 6066, 569]}, "unsolvedPenalty": {"normal": 669.1275820286256, "hard": 30.46899919915281}, "average": {"normal": 4.259563348743255, "hard": 4.176651348944999}, "percentSolvingInThreeOrFewer": {"normal": 0.19960791730038277, "hard": 0.21671950730658504}, "percentiles": {"normal": {"p5": 0.56932, "p10": 0.64335, "p20": 0.73807, "p25": 0.77284, "p75": 0.93155, "p80": 0.94473, "p90": 0.96782, "p95": 0.98911}, "hard": {"p5": 0.68244, "p10": 0.75, "p20": 0.82493, "p25": 0.84432, "p75": 0.9525, "p80": 0.96381, "p90": 0.98217, "p95": 0.99975}}}