{"efficiency":{"normal":0.8334054834650594,"hard":0.8672150195534072},"luck":{"normal":0.5552560553739825,"hard":0.5608723978979543},"steps":{"normal":[868,19880,173949,201554,80895,25801,8328],"hard":[104,9527,64479,60238,24454,9793,3241]},"unsolvedPenalty":{"normal":464.68372872632983,"hard":103.13041589488664},"average":{"normal":3.885839682614496,"hard":3.825537899019384},"percentSolvingInThreeOrFewer":{"normal":0.3808068065131289,"hard":0.43128331665076003},"percentiles":{"normal":{"p5":0.57756,"p10":0.64364,"p20":0.74347,"p25":0.77732,"p75":0.92414,"p80":0.93671,"p90":0.96983,"p95":0.98836},"hard":{"p5":0.64735,"p10":0.71084,"p20":0.77662,"p25":0.81436,"p75":0.94876,"p80":0.95757,"p90":0.98286,"p95":1}}}