{"efficiency": {"normal": 0.7692571748291835, "hard": 0.8361353292701388}, "luck": {"normal": 0.5184218430485704, "hard": 0.5003255854030085}, "steps": {"normal": [499, 11606, 68239, 96788, 61383, 27297, 4245], "hard": [64, 2958, 16116, 23103, 15632, 6876, 881]}, "unsolvedPenalty": {"normal": 364.5571134972895, "hard": 47.72174743681736}, "average": {"normal": 4.133781228087024, "hard": 4.150094800357105}, "percentSolvingInThreeOrFewer": {"normal": 0.29750756321813543, "hard": 0.29160444918482403}}