{"efficiency":{"normal":0.8164897407702116,"hard":0.8578805926005565},"luck":{"normal":0.4089105991781894,"hard":0.4087008053335411},"steps":{"normal":[853,2462,26532,171668,197901,76341,9749],"hard":[82,1079,11301,70472,63599,19557,1675]},"unsolvedPenalty":{"normal":241.54044211112358,"hard":16.455928952502084},"average":{"normal":4.7127750026613695,"hard":4.560602365981895},"percentSolvingInThreeOrFewer":{"normal":0.06147606826692152,"hard":0.07428247846690311},"percentiles":{"normal":{"p5":0.55869,"p10":0.62951,"p20":0.70273,"p25":0.7294,"p75":0.91941,"p80":0.93049,"p90":0.95647,"p95":0.98096},"hard":{"p5":0.61425,"p10":0.686,"p20":0.74251,"p25":0.78382,"p75":0.94877,"p80":0.95704,"p90":0.97794,"p95":0.9886}}}