{"efficiency":{"normal":0.8268717503485795,"hard":0.8639687328841072},"luck":{"normal":0.6308309515085625,"hard":0.5939526429344285},"steps":{"normal":[1464,80754,134598,135840,77184,30796,6317],"hard":[169,12781,48807,57238,28995,8443,876]},"unsolvedPenalty":{"normal":593.670179471686,"hard":40.88622900582137},"average":{"normal":3.695521112787522,"hard":3.8326471227266454},"percentSolvingInThreeOrFewer":{"normal":0.46432082029668936,"hard":0.39258402252890806},"percentiles":{"normal":{"p5":0.53242,"p10":0.61703,"p20":0.70857,"p25":0.74788,"p75":0.9409,"p80":0.9744,"p90":1,"p95":1},"hard":{"p5":0.625,"p10":0.70017,"p20":0.78008,"p25":0.80922,"p75":0.9479,"p80":0.95893,"p90":0.98953,"p95":1}}}