{"efficiency":{"normal":0.8159094181302566,"hard":0.9101969576703464},"luck":{"normal":0.47711523032672926,"hard":0.5029756469240163},"steps":{"normal":[945,5201,34001,108656,173489,97919,15118],"hard":[132,2158,13400,34351,58356,39821,6227]},"unsolvedPenalty":{"normal":1435.6684066743578,"hard":418.4656179692464},"average":{"normal":4.847356064968505,"hard":4.899902655430537},"percentSolvingInThreeOrFewer":{"normal":0.09222220435578608,"hard":0.10158956262747257},"percentiles":{"normal":{"p5":0.55743,"p10":0.63205,"p20":0.7473,"p25":0.77265,"p75":0.89712,"p80":0.90809,"p90":0.9338,"p95":0.95241},"hard":{"p5":0.72583,"p10":0.81564,"p20":0.87044,"p25":0.88512,"p75":0.96815,"p80":0.97545,"p90":0.98554,"p95":0.99605}}}