{"efficiency":{"normal":0.8209622112419239,"hard":0.8495583738944181},"luck":{"normal":0.5749402858513365,"hard":0.5968789300909335},"steps":{"normal":[777,13891,163244,207997,82922,17183,1608],"hard":[94,7278,59571,67308,23040,3736,210]},"unsolvedPenalty":{"normal":108.07564654598787,"hard":14.00740404519735},"average":{"normal":3.8541146126436994,"hard":3.7317427600615565},"percentSolvingInThreeOrFewer":{"normal":0.36485638465860853,"hard":0.4151838597840446},"percentiles":{"normal":{"p5":0.57361,"p10":0.62679,"p20":0.71452,"p25":0.74842,"p75":0.91782,"p80":0.93273,"p90":0.96798,"p95":0.98061},"hard":{"p5":0.61029,"p10":0.66852,"p20":0.76593,"p25":0.79468,"p75":0.93412,"p80":0.94537,"p90":0.96823,"p95":0.9944}}}