{"efficiency": {"normal": 0.791908668279987, "hard": 0.8613236702005236}, "luck": {"normal": 0.6954383700755891, "hard": 0.7080627439815033}, "steps": {"normal": [2354, 80118, 168099, 94229, 38193, 14598, 4479], "hard": [439, 34860, 51316, 25681, 9276, 3315, 847]}, "unsolvedPenalty": {"normal": 1345.741211244653, "hard": 244.6977088127012}, "average": {"normal": 3.3701960882713076, "hard": 3.175550747680124}, "percentSolvingInThreeOrFewer": {"normal": 0.6232024274380084, "hard": 0.6888749264319913}, "percentiles": {"normal": {"p5": 0.4512, "p10": 0.50697, "p20": 0.6348, "p25": 0.6889, "p75": 0.94253, "p80": 0.99117, "p90": 1, "p95": 1}, "hard": {"p5": 0.507, "p10": 0.64882, "p20": 0.74559, "p25": 0.78139, "p75": 0.99117, "p80": 1, "p90": 1, "p95": 1}}}