{"efficiency": {"normal": 0.8126663995325089, "hard": 0.8487352143971796}, "luck": {"normal": 0.5134594834109374, "hard": 0.5094712073916147}, "steps": {"normal": [0, 12264, 103123, 166813, 91449, 31069, 8567], "hard": [0, 2655, 22646, 34406, 17693, 5519, 999]}, "unsolvedPenalty": {"normal": 884.969300540682, "hard": 35.13071205882106}, "average": {"normal": 4.127084141211369, "hard": 4.045367271765995}, "percentSolvingInThreeOrFewer": {"normal": 0.27919474454674137, "hard": 0.30149669915870253}, "percentiles": {"normal": {"p5": 0.54708, "p10": 0.61665, "p20": 0.7112, "p25": 0.74631, "p75": 0.91201, "p80": 0.9264, "p90": 0.94993, "p95": 0.97316}, "hard": {"p5": 0.63342, "p10": 0.69881, "p20": 0.77373, "p25": 0.79853, "p75": 0.9241, "p80": 0.93602, "p90": 0.96161, "p95": 0.98834}}}