{"efficiency":{"normal":0.7276918956808789,"hard":0.818197913032566},"luck":{"normal":0.5192541700843487,"hard":0.4836731159037942},"steps":{"normal":[908,18020,102502,126112,89716,58757,24834],"hard":[222,5420,33612,46676,33898,22488,9257]},"unsolvedPenalty":{"normal":11892.358382097511,"hard":4459.386284161284},"average":{"normal":4.36202618607172,"hard":4.435343935161019},"percentSolvingInThreeOrFewer":{"normal":0.2885357931229491,"hard":0.2589775223819546},"percentiles":{"normal":{"p5":0.41682,"p10":0.47946,"p20":0.56101,"p25":0.60998,"p75":0.8633,"p80":0.88312,"p90":0.9225,"p95":0.94619},"hard":{"p5":0.53179,"p10":0.60878,"p20":0.71046,"p25":0.74404,"p75":0.92085,"p80":0.93293,"p90":0.95671,"p95":0.97295}}}